"","bcubed.precision","bcubed.recall","bcubed.f1"
"majority-vote",0.771241093390719,0.599065136300987,0.674336350112019
