"","bcubed.precision","bcubed.recall","bcubed.f1"
"majority-vote",0.791965809419587,0.529568644518015,0.634717103211818
