"","bcubed.precision","bcubed.recall","bcubed.f1"
"majority-vote",0.770151377123201,0.0680645303106923,0.125075153757226
