"","bcubed.precision","bcubed.recall","bcubed.f1"
"majority-vote",0.896769688693155,0.569602977292333,0.696688770152232
