"","bcubed.precision","bcubed.recall","bcubed.f1"
"majority-vote",0.825533120717657,0.212711963860592,0.338264585015874
