"","bcubed.precision","bcubed.recall","bcubed.f1"
"majority-vote",0.641365420800066,0.492139290958799,0.556929530444129
