"","bcubed.precision","bcubed.recall","bcubed.f1"
"majority-vote",0.599758127529037,0.622707634355835,0.611017463922175
