"","bcubed.precision","bcubed.recall","bcubed.f1"
"majority-vote",0.949859969064903,0.118133064915867,0.21013221213304
