"","bcubed.precision","bcubed.recall","bcubed.f1"
"majority-vote",0.940637235612471,0.267345807432769,0.416355879668959
