"","bcubed.precision","bcubed.recall","bcubed.f1"
"majority-vote",0.80653586077304,0.359504480664604,0.497329715723385
