"","bcubed.precision","bcubed.recall","bcubed.f1"
"majority-vote",0.867310101342178,0.366525576248284,0.515289581026226
