"","bcubed.precision","bcubed.recall","bcubed.f1"
"majority-vote",0.716440340618786,0.905373894754831,0.799902192739206
