"","bcubed.precision","bcubed.recall","bcubed.f1"
"majority-vote",0.941951744347261,0.537312969931034,0.684289815611363
