"","bcubed.precision","bcubed.recall","bcubed.f1"
"majority-vote",0.755812515887808,0.966516686053269,0.848276168470212
