"","bcubed.precision","bcubed.recall","bcubed.f1"
"majority-vote",0.905421378467694,0.0760918695658828,0.140385686225946
