"","bcubed.precision","bcubed.recall","bcubed.f1"
"majority-vote",0.684951320684093,0.211129976779728,0.322769277387168
