"","bcubed.precision","bcubed.recall","bcubed.f1"
"majority-vote",0.291882994587356,0.686139560135027,0.409545707407354
