"","bcubed.precision","bcubed.recall","bcubed.f1"
"majority-vote",0.316040851044078,0.826293286614973,0.457208490764279
