"","bcubed.precision","bcubed.recall","bcubed.f1"
"majority-vote",0.758743782448561,0.309039005250787,0.43919311393535
