"","bcubed.precision","bcubed.recall","bcubed.f1"
"majority-vote",0.704741827318493,0.179984358331242,0.286738445490802
