"","bcubed.precision","bcubed.recall","bcubed.f1"
"majority-vote",0.627317206506996,0.615685982422731,0.621447175709182
