"","bcubed.precision","bcubed.recall","bcubed.f1"
"majority-vote",0.788033249264832,0.179826626428594,0.292830324487478
