"","bcubed.precision","bcubed.recall","bcubed.f1"
"majority-vote",0.730047360283959,0.480503780156415,0.579555054868717
