"","bcubed.precision","bcubed.recall","bcubed.f1"
"majority-vote",0.591656329550768,0.220967545647125,0.321764720426365
