"","bcubed.precision","bcubed.recall","bcubed.f1"
"majority-vote",0.782733942419213,0.439746361535241,0.563124660766408
