"","bcubed.precision","bcubed.recall","bcubed.f1"
"majority-vote",0.979021896113073,0.792045510205414,0.875663901263966
