"","bcubed.precision","bcubed.recall","bcubed.f1"
"majority-vote",0.648422248708072,0.30346903969584,0.413442332186485
