"","bcubed.precision","bcubed.recall","bcubed.f1"
"majority-vote",0.842592597420557,0.749156741318541,0.793132322005852
