"","bcubed.precision","bcubed.recall","bcubed.f1"
"majority-vote",0.389866878193017,0.257271504163294,0.309985131189266
