"","bcubed.precision","bcubed.recall","bcubed.f1"
"majority-vote",0.614178649489857,0.411159334739199,0.492569842957961
