"","bcubed.precision","bcubed.recall","bcubed.f1"
"majority-vote",0.276566191739853,0.949669004973428,0.428378407050876
