"","bcubed.precision","bcubed.recall","bcubed.f1"
"majority-vote",0.993313870673817,0.80258685189038,0.887822631158442
