"","bcubed.precision","bcubed.recall","bcubed.f1"
"majority-vote",0.31421568627451,0.623364689470391,0.417822234271099
