"","bcubed.precision","bcubed.recall","bcubed.f1"
"majority-vote",0.469018586706541,0.791522984435783,0.589015070989513
