"","bcubed.precision","bcubed.recall","bcubed.f1"
"majority-vote",0.881601627015821,0.427887874187768,0.576143062953246
