"","bcubed.precision","bcubed.recall","bcubed.f1"
"majority-vote",0.354398858167369,0.943490348333537,0.515254923866424
