"","bcubed.precision","bcubed.recall","bcubed.f1"
"majority-vote",0.720191211264982,0.600230922858833,0.654761873799165
