"","bcubed.precision","bcubed.recall","bcubed.f1"
"majority-vote",0.981520765525005,0.786783979472406,0.873429555645621
