"","bcubed.precision","bcubed.recall","bcubed.f1"
"majority-vote",0.665973292120681,0.688519079377861,0.67705854625652
