"","bcubed.precision","bcubed.recall","bcubed.f1"
"majority-vote",0.693927789552888,0.830760682672559,0.756204214403184
