"","bcubed.precision","bcubed.recall","bcubed.f1"
"majority-vote",0.549143805398019,0.115265470600755,0.190537132587561
