"","bcubed.precision","bcubed.recall","bcubed.f1"
"majority-vote",0.953084625240247,0.491404399941901,0.648464571478453
