"","bcubed.precision","bcubed.recall","bcubed.f1"
"majority-vote",0.762876242067014,0.921523190320997,0.83472855059446
