"","bcubed.precision","bcubed.recall","bcubed.f1"
"majority-vote",0.822770539881224,0.471674608760493,0.599608215002937
