"","bcubed.precision","bcubed.recall","bcubed.f1"
"majority-vote",0.972618485899757,0.188527857234642,0.315835605283837
