"","bcubed.precision","bcubed.recall","bcubed.f1"
"majority-vote",0.992063453296749,0.244690995805979,0.39255810960052
