"","bcubed.precision","bcubed.recall","bcubed.f1"
"majority-vote",0.857085822491793,0.410259906543104,0.554904540062123
