"","bcubed.precision","bcubed.recall","bcubed.f1"
"majority-vote",0.770008128982449,0.680803262443835,0.722663261975305
