"","bcubed.precision","bcubed.recall","bcubed.f1"
"majority-vote",0.923551079423556,0.860347589243923,0.890829685207629
