"","bcubed.precision","bcubed.recall","bcubed.f1"
"majority-vote",0.700533709937787,0.543866079170226,0.612337812148835
