"","bcubed.precision","bcubed.recall","bcubed.f1"
"majority-vote",0.904455768762192,0.384566517511536,0.539670118879906
