"","bcubed.precision","bcubed.recall","bcubed.f1"
"majority-vote",0.951411266185452,0.522545963028592,0.67458689637857
