"","bcubed.precision","bcubed.recall","bcubed.f1"
"majority-vote",0.824820408567757,0.232593246610297,0.362862075328319
