"","bcubed.precision","bcubed.recall","bcubed.f1"
"majority-vote",0.896681415929204,0.550110694609604,0.681886544676601
