"","bcubed.precision","bcubed.recall","bcubed.f1"
"majority-vote",0.95807082597483,0.0999362208120469,0.180993081112224
