"","bcubed.precision","bcubed.recall","bcubed.f1"
"majority-vote",0.696747085227304,0.7617771166241,0.72781238038692
