"","bcubed.precision","bcubed.recall","bcubed.f1"
"majority-vote",0.907768225937019,0.388530402421044,0.544157875990479
