"","bcubed.precision","bcubed.recall","bcubed.f1"
"majority-vote",0.730462603602315,0.730976086223697,0.730719254705868
