"","bcubed.precision","bcubed.recall","bcubed.f1"
"majority-vote",0.91138392158295,0.92893199828373,0.920074296309999
