"","bcubed.precision","bcubed.recall","bcubed.f1"
"majority-vote",0.713323863193388,0.188800400525701,0.298574900358491
