"","bcubed.precision","bcubed.recall","bcubed.f1"
"majority-vote",0.960050505122889,0.406311550686225,0.570975471420834
