"","bcubed.precision","bcubed.recall","bcubed.f1"
"majority-vote",0.725040260078378,0.888349439631125,0.798429677425861
