"","bcubed.precision","bcubed.recall","bcubed.f1"
"majority-vote",0.516183840796314,0.825776666318938,0.635268428542328
