"","bcubed.precision","bcubed.recall","bcubed.f1"
"majority-vote",0.923635200048401,0.276166908862061,0.425199249474888
