"","bcubed.precision","bcubed.recall","bcubed.f1"
"majority-vote",0.944391885615842,0.114518139526252,0.204266649963773
