"","bcubed.precision","bcubed.recall","bcubed.f1"
"majority-vote",0.91412262040111,0.296776281891018,0.448080202173092
