"","bcubed.precision","bcubed.recall","bcubed.f1"
"majority-vote",0.880522336536056,0.404528313205772,0.554369145855063
