"","bcubed.precision","bcubed.recall","bcubed.f1"
"majority-vote",0.939999825933798,0.164081566817142,0.279393612209624
