"","bcubed.precision","bcubed.recall","bcubed.f1"
"majority-vote",0.765828783787498,0.236292018280897,0.361152524935616
