"","bcubed.precision","bcubed.recall","bcubed.f1"
"majority-vote",0.296759259259259,0.196311460947336,0.236303805305757
