"","bcubed.precision","bcubed.recall","bcubed.f1"
"majority-vote",0.477037182621845,0.848736435884651,0.610781256333977
