"","bcubed.precision","bcubed.recall","bcubed.f1"
"majority-vote",0.614979946282294,0.398950174019819,0.483951214537184
