"","bcubed.precision","bcubed.recall","bcubed.f1"
"majority-vote",0.982121980029165,0.0554282805778171,0.104934353038187
