"","bcubed.precision","bcubed.recall","bcubed.f1"
"majority-vote",0.633485071529051,0.519924813060389,0.571114591251361
