"","bcubed.precision","bcubed.recall","bcubed.f1"
"majority-vote",0.739857328243981,0.495541420066181,0.593541075844357
