"","bcubed.precision","bcubed.recall","bcubed.f1"
"majority-vote",0.549424876593335,0.476346309279516,0.510282440754833
