"","bcubed.precision","bcubed.recall","bcubed.f1"
"majority-vote",0.791466355014575,0.259001132861908,0.390284677891836
