"","bcubed.precision","bcubed.recall","bcubed.f1"
"majority-vote",0.790417325823201,0.634252910733453,0.703776181650555
