"","bcubed.precision","bcubed.recall","bcubed.f1"
"majority-vote",0.982407006345278,0.0443163297321937,0.0848070191737214
