"","bcubed.precision","bcubed.recall","bcubed.f1"
"majority-vote",0.875464622620736,0.147659563669056,0.252698012452728
