"","bcubed.precision","bcubed.recall","bcubed.f1"
"majority-vote",0.552732499078693,0.87878280134195,0.678626087741264
