"","bcubed.precision","bcubed.recall","bcubed.f1"
"majority-vote",0.943492691806851,0.821751614497048,0.878424181842362
