"","bcubed.precision","bcubed.recall","bcubed.f1"
"majority-vote",0.880298101411835,0.584560498148521,0.702576339907403
