"","bcubed.precision","bcubed.recall","bcubed.f1"
"majority-vote",0.91789713973173,0.205536194134279,0.335865207164489
