"","bcubed.precision","bcubed.recall","bcubed.f1"
"majority-vote",0.60783262626736,0.118055502144719,0.197710867846568
