"","bcubed.precision","bcubed.recall","bcubed.f1"
"majority-vote",0.604453619463074,0.233666214148225,0.337041036911274
