"","bcubed.precision","bcubed.recall","bcubed.f1"
"majority-vote",0.284413232007366,0.904745111732665,0.43277917146248
