"","bcubed.precision","bcubed.recall","bcubed.f1"
"majority-vote",0.814272193594408,0.643368709401821,0.718801522676507
