"","bcubed.precision","bcubed.recall","bcubed.f1"
"majority-vote",0.996647568366056,0.277635047666309,0.434290308395438
