"","bcubed.precision","bcubed.recall","bcubed.f1"
"majority-vote",0.737246682224329,0.434094221725345,0.546441302716622
