"","bcubed.precision","bcubed.recall","bcubed.f1"
"majority-vote",0.691966983819421,0.994115324762519,0.815968448685202
