"","bcubed.precision","bcubed.recall","bcubed.f1"
"majority-vote",0.652767275649826,0.43909483325343,0.525023692492937
