"","bcubed.precision","bcubed.recall","bcubed.f1"
"majority-vote",0.961293106629911,0.180094786528321,0.303356777949737
