"","bcubed.precision","bcubed.recall","bcubed.f1"
"majority-vote",0.754794133179966,0.559599331952334,0.642702971208907
