"","bcubed.precision","bcubed.recall","bcubed.f1"
"majority-vote",0.715582494205445,0.41231644715577,0.52317884313567
