"","bcubed.precision","bcubed.recall","bcubed.f1"
"majority-vote",0.759255683519331,0.800902966425624,0.77952345324317
