"","bcubed.precision","bcubed.recall","bcubed.f1"
"majority-vote",0.9077703007369,0.749569263710627,0.821119257076996
