"","bcubed.precision","bcubed.recall","bcubed.f1"
"majority-vote",0.876976360795422,0.0603065438538861,0.112852614933628
