"","bcubed.precision","bcubed.recall","bcubed.f1"
"majority-vote",0.978546915719391,0.588080380419139,0.734653665071017
