"","bcubed.precision","bcubed.recall","bcubed.f1"
"majority-vote",0.906226856011001,0.148040112358594,0.254504655104041
