"","bcubed.precision","bcubed.recall","bcubed.f1"
"majority-vote",0.482838719618158,0.558072952150418,0.517736974189183
