"","bcubed.precision","bcubed.recall","bcubed.f1"
"majority-vote",0.544148126009006,0.264336796772337,0.35582202845307
