"","bcubed.precision","bcubed.recall","bcubed.f1"
"majority-vote",0.696602383881548,0.317937581021058,0.43660394765437
