"","bcubed.precision","bcubed.recall","bcubed.f1"
"majority-vote",0.840110658844509,0.113358345389168,0.199762244619495
