"","bcubed.precision","bcubed.recall","bcubed.f1"
"majority-vote",0.946773310403196,0.908114925330325,0.927041271294215
