"","bcubed.precision","bcubed.recall","bcubed.f1"
"majority-vote",0.885489285036367,0.168797398643392,0.283543916762848
