"","bcubed.precision","bcubed.recall","bcubed.f1"
"majority-vote",0.906600067070979,0.331695794815138,0.485692376244445
