"","bcubed.precision","bcubed.recall","bcubed.f1"
"majority-vote",0.984472317383734,0.463090042965156,0.629885579016243
