"","bcubed.precision","bcubed.recall","bcubed.f1"
"majority-vote",0.89263291592102,0.127244115894011,0.222737217646966
