"","bcubed.precision","bcubed.recall","bcubed.f1"
"majority-vote",0.770870418136514,0.249507219726395,0.37699323791807
