"","bcubed.precision","bcubed.recall","bcubed.f1"
"majority-vote",0.961279293428085,0.859552214064765,0.907574085356679
