"","bcubed.precision","bcubed.recall","bcubed.f1"
"majority-vote",0.515891851555763,0.914371105802132,0.659622204930411
