"","bcubed.precision","bcubed.recall","bcubed.f1"
"majority-vote",0.836397224361756,0.170278955841852,0.282952649191595
