"","bcubed.precision","bcubed.recall","bcubed.f1"
"majority-vote",0.975420584512042,0.303335600207213,0.462761849355028
