"","bcubed.precision","bcubed.recall","bcubed.f1"
"majority-vote",0.801927051844732,0.367981650781532,0.504474305869766
