"","bcubed.precision","bcubed.recall","bcubed.f1"
"majority-vote",0.832907454409381,0.296154211116214,0.436945222081552
