"","bcubed.precision","bcubed.recall","bcubed.f1"
"majority-vote",0.706213609824408,0.161890529337927,0.263399953905167
