"","bcubed.precision","bcubed.recall","bcubed.f1"
"majority-vote",0.784419376834907,0.463706799894932,0.582858697765177
