"","bcubed.precision","bcubed.recall","bcubed.f1"
"majority-vote",0.963928533794179,0.884279362477775,0.922387693567379
