"","bcubed.precision","bcubed.recall","bcubed.f1"
"majority-vote",0.9533884984081,0.698521336100728,0.806293653344714
