"","bcubed.precision","bcubed.recall","bcubed.f1"
"majority-vote",0.652737602377629,0.220567736905957,0.329719398871331
