"","bcubed.precision","bcubed.recall","bcubed.f1"
"majority-vote",0.798134791524529,0.324231032411896,0.461133191943146
