"","bcubed.precision","bcubed.recall","bcubed.f1"
"majority-vote",0.617265954003204,0.493136341922076,0.548263049648204
