"","bcubed.precision","bcubed.recall","bcubed.f1"
"majority-vote",0.759901529276407,0.17139243404526,0.279699810944472
