"","bcubed.precision","bcubed.recall","bcubed.f1"
"majority-vote",0.962354367060131,0.67220932494835,0.791530587159562
