"","bcubed.precision","bcubed.recall","bcubed.f1"
"majority-vote",0.243079142320602,0.103022081927913,0.144712110565309
