"","bcubed.precision","bcubed.recall","bcubed.f1"
"majority-vote",0.967291116641052,0.857586024691895,0.909141031635769
