"","bcubed.precision","bcubed.recall","bcubed.f1"
"majority-vote",0.371856384981378,0.801321227985521,0.507981761250914
