"","bcubed.precision","bcubed.recall","bcubed.f1"
"majority-vote",0.774186727770602,0.404006902483609,0.530942917698572
