"","bcubed.precision","bcubed.recall","bcubed.f1"
"majority-vote",0.755587776432456,0.748001706363849,0.751775604373139
