"","bcubed.precision","bcubed.recall","bcubed.f1"
"majority-vote",0.706525476174104,0.0934119251757232,0.165007673859859
