"","bcubed.precision","bcubed.recall","bcubed.f1"
"majority-vote",0.974316540075659,0.366080625723583,0.532198094332818
