"","bcubed.precision","bcubed.recall","bcubed.f1"
"majority-vote",0.974176924367844,0.713409408761495,0.823646138865822
