"","bcubed.precision","bcubed.recall","bcubed.f1"
"majority-vote",0.9658258814033,0.719960711358414,0.82496407506045
