"","bcubed.precision","bcubed.recall","bcubed.f1"
"majority-vote",0.860526013429545,0.962904758933879,0.908841296391767
