"","bcubed.precision","bcubed.recall","bcubed.f1"
"majority-vote",0.931971625188921,0.636424920490122,0.756352045143163
