"","bcubed.precision","bcubed.recall","bcubed.f1"
"majority-vote",0.723247446103043,0.64514848089653,0.681969277983416
