"","bcubed.precision","bcubed.recall","bcubed.f1"
"majority-vote",0.788866880743997,0.287169472246954,0.421061026770458
