"","bcubed.precision","bcubed.recall","bcubed.f1"
"majority-vote",0.983911095995879,0.182882501282384,0.308435224010413
