"","bcubed.precision","bcubed.recall","bcubed.f1"
"majority-vote",0.982450093850576,0.976122310878503,0.979275980419912
