"","bcubed.precision","bcubed.recall","bcubed.f1"
"majority-vote",0.739797804538319,0.3385498846782,0.46452264685355
