"","bcubed.precision","bcubed.recall","bcubed.f1"
"majority-vote",0.730464480382841,0.582085654465852,0.647888235029925
