"","bcubed.precision","bcubed.recall","bcubed.f1"
"majority-vote",0.731588821011112,0.347690984648921,0.471364026643561
