"","bcubed.precision","bcubed.recall","bcubed.f1"
"majority-vote",0.608138711800111,0.449550872588995,0.516955622103039
