"","bcubed.precision","bcubed.recall","bcubed.f1"
"majority-vote",0.706444122375443,0.745935808369157,0.72565305583864
