"","bcubed.precision","bcubed.recall","bcubed.f1"
"majority-vote",0.771724476679003,0.946627080029934,0.850274537936145
