"","bcubed.precision","bcubed.recall","bcubed.f1"
"majority-vote",0.618787866659519,0.62408654256805,0.621425909841692
