"","bcubed.precision","bcubed.recall","bcubed.f1"
"majority-vote",0.634120643319061,0.0968437446952646,0.168026291552755
