"","bcubed.precision","bcubed.recall","bcubed.f1"
"majority-vote",0.789214117472708,0.637812139402877,0.705481545678535
