"","bcubed.precision","bcubed.recall","bcubed.f1"
"majority-vote",0.709452301870672,0.497945957450394,0.58517378668249
