"","bcubed.precision","bcubed.recall","bcubed.f1"
"majority-vote",0.769491032974399,0.797479599148748,0.783235356100475
