"","bcubed.precision","bcubed.recall","bcubed.f1"
"majority-vote",0.780820187742971,0.73691442106239,0.758232240691072
