"","bcubed.precision","bcubed.recall","bcubed.f1"
"majority-vote",0.624276987020243,0.588962947184466,0.606106020365867
