"","bcubed.precision","bcubed.recall","bcubed.f1"
"majority-vote",0.924218734563927,0.329568600392155,0.485877415274915
