"","bcubed.precision","bcubed.recall","bcubed.f1"
"majority-vote",0.573380239528025,0.422140844342999,0.486272410229154
