"","bcubed.precision","bcubed.recall","bcubed.f1"
"majority-vote",0.796663487619129,0.51956400379569,0.628945488534525
