"","bcubed.precision","bcubed.recall","bcubed.f1"
"majority-vote",0.296759259259259,0.186870204338738,0.229330376212505
