"","bcubed.precision","bcubed.recall","bcubed.f1"
"majority-vote",0.959785269860668,0.359090710965816,0.522641976863976
