"","bcubed.precision","bcubed.recall","bcubed.f1"
"majority-vote",0.672608696120177,0.76125007626945,0.714189473999112
