"","bcubed.precision","bcubed.recall","bcubed.f1"
"majority-vote",0.667453447584128,0.457238107658183,0.542700173929102
