"","bcubed.precision","bcubed.recall","bcubed.f1"
"majority-vote",0.718165425232496,0.673686816846785,0.695215432597247
