"","bcubed.precision","bcubed.recall","bcubed.f1"
"majority-vote",0.917341574198302,0.15695508928987,0.268047800167425
