"","bcubed.precision","bcubed.recall","bcubed.f1"
"majority-vote",0.923723531498925,0.880132698199221,0.901401420782085
