"","bcubed.precision","bcubed.recall","bcubed.f1"
"majority-vote",0.54576024968523,0.342036609553305,0.42052409509853
