"","bcubed.precision","bcubed.recall","bcubed.f1"
"majority-vote",0.831764588273571,0.856969635668863,0.844179014162458
