"","bcubed.precision","bcubed.recall","bcubed.f1"
"majority-vote",0.641664233876467,0.763124911667166,0.697143714913121
