"","bcubed.precision","bcubed.recall","bcubed.f1"
"majority-vote",0.862791027325985,0.318247594255336,0.464982539561563
