"","bcubed.precision","bcubed.recall","bcubed.f1"
"majority-vote",0.974051283838306,0.157335814492085,0.270911966957939
