"","bcubed.precision","bcubed.recall","bcubed.f1"
"majority-vote",0.897598207479228,0.423911871815426,0.575860210576345
