"","bcubed.precision","bcubed.recall","bcubed.f1"
"majority-vote",0.631118578464932,0.352739424718499,0.452545801480605
