"","bcubed.precision","bcubed.recall","bcubed.f1"
"majority-vote",0.962964011488553,0.719622489463152,0.823696801108124
