"","bcubed.precision","bcubed.recall","bcubed.f1"
"majority-vote",0.939017029410316,0.103167229971934,0.185909132571546
