"","bcubed.precision","bcubed.recall","bcubed.f1"
"majority-vote",0.614472956708004,0.372402807234441,0.463749262893142
