"","bcubed.precision","bcubed.recall","bcubed.f1"
"majority-vote",0.659693246961726,0.745377023376903,0.699922557814377
