"","bcubed.precision","bcubed.recall","bcubed.f1"
"majority-vote",0.674687709883338,0.645237752483868,0.659634189907767
