"","bcubed.precision","bcubed.recall","bcubed.f1"
"majority-vote",0.709204399084336,0.206458667619736,0.319815007570527
