"","bcubed.precision","bcubed.recall","bcubed.f1"
"majority-vote",0.995903569746112,0.329465236437225,0.495131020957032
