"","bcubed.precision","bcubed.recall","bcubed.f1"
"majority-vote",0.688028294163314,0.641437188221071,0.663916348746626
