"","bcubed.precision","bcubed.recall","bcubed.f1"
"majority-vote",0.859566599277947,0.0885675587562981,0.160588487697437
