"","bcubed.precision","bcubed.recall","bcubed.f1"
"majority-vote",0.685592738434249,0.812685388433913,0.743748695185931
