"","bcubed.precision","bcubed.recall","bcubed.f1"
"majority-vote",0.977212991721897,0.752319020687677,0.850144334606735
