"","bcubed.precision","bcubed.recall","bcubed.f1"
"majority-vote",0.877595863582456,0.337454496922585,0.487467318677168
