"","bcubed.precision","bcubed.recall","bcubed.f1"
"majority-vote",0.752751665182984,0.517584422508332,0.613400720787197
