"","bcubed.precision","bcubed.recall","bcubed.f1"
"majority-vote",0.915574110505718,0.34322851882716,0.499285810980414
