"","bcubed.precision","bcubed.recall","bcubed.f1"
"majority-vote",0.992743047652202,0.442071892332051,0.611735751343533
