"","bcubed.precision","bcubed.recall","bcubed.f1"
"majority-vote",0.701775365870522,0.290459492103984,0.410865058214024
