"","bcubed.precision","bcubed.recall","bcubed.f1"
"majority-vote",0.953243692053008,0.383938640417146,0.547400422853286
