"","bcubed.precision","bcubed.recall","bcubed.f1"
"majority-vote",0.890193584454599,0.776353237463026,0.829385243992027
