"","bcubed.precision","bcubed.recall","bcubed.f1"
"majority-vote",0.830560588725047,0.64441562472645,0.725742172348625
