"","bcubed.precision","bcubed.recall","bcubed.f1"
"majority-vote",0.995877410912862,0.431913597039959,0.602515343439435
