"","bcubed.precision","bcubed.recall","bcubed.f1"
"majority-vote",0.864542203208351,0.257671375424837,0.397014940569222
