"","bcubed.precision","bcubed.recall","bcubed.f1"
"majority-vote",0.969272631664934,0.447837300664964,0.612622110776652
