"","bcubed.precision","bcubed.recall","bcubed.f1"
"majority-vote",0.702407720521819,0.532233546296618,0.605592834269694
