"","bcubed.precision","bcubed.recall","bcubed.f1"
"majority-vote",0.729913255016084,0.27447056522792,0.398930567445711
