"","bcubed.precision","bcubed.recall","bcubed.f1"
"majority-vote",0.97456139010778,0.149769795870268,0.259638551842742
