"","bcubed.precision","bcubed.recall","bcubed.f1"
"majority-vote",0.966247596215724,0.545972345603228,0.69770864931834
