"","bcubed.precision","bcubed.recall","bcubed.f1"
"majority-vote",0.752466852987248,0.88296364217109,0.812508847173372
