"","bcubed.precision","bcubed.recall","bcubed.f1"
"majority-vote",0.520947461304008,0.685365884687614,0.59195169957917
