"","bcubed.precision","bcubed.recall","bcubed.f1"
"majority-vote",0.972987992498474,0.157608082177028,0.2712741975917
