"","bcubed.precision","bcubed.recall","bcubed.f1"
"majority-vote",0.653614101952025,0.17655475265689,0.278012540370618
