"","bcubed.precision","bcubed.recall","bcubed.f1"
"majority-vote",0.926643625878851,0.106988148383336,0.191828247181673
