"","bcubed.precision","bcubed.recall","bcubed.f1"
"majority-vote",0.729353793769227,0.543284069723989,0.622716498878849
