"","bcubed.precision","bcubed.recall","bcubed.f1"
"majority-vote",0.989751019118588,0.643322558531928,0.77979237021887
