"","bcubed.precision","bcubed.recall","bcubed.f1"
"majority-vote",0.691261172077196,0.296026412592459,0.414532843544144
