"","bcubed.precision","bcubed.recall","bcubed.f1"
"majority-vote",0.858591363322999,0.873630184475637,0.866045491793242
