"","bcubed.precision","bcubed.recall","bcubed.f1"
"majority-vote",0.317419510028928,0.643396516027818,0.4251107419805
