"","bcubed.precision","bcubed.recall","bcubed.f1"
"majority-vote",0.356298836474216,0.664759713469277,0.463936397099156
