"","bcubed.precision","bcubed.recall","bcubed.f1"
"majority-vote",0.84558708458652,0.985646226367103,0.91026054845348
