"","bcubed.precision","bcubed.recall","bcubed.f1"
"majority-vote",0.635142823958791,0.341251594962145,0.443967104900564
