"","bcubed.precision","bcubed.recall","bcubed.f1"
"majority-vote",0.537654438197742,0.311468388194472,0.394436131183932
