"","bcubed.precision","bcubed.recall","bcubed.f1"
"majority-vote",0.988315170943165,0.408729320801741,0.578297099261484
