"","bcubed.precision","bcubed.recall","bcubed.f1"
"majority-vote",0.957025380155205,0.0776111227079623,0.143578568914426
