"","bcubed.precision","bcubed.recall","bcubed.f1"
"majority-vote",0.968711764711449,0.663028694728017,0.787237569809285
