"","bcubed.precision","bcubed.recall","bcubed.f1"
"majority-vote",0.726055068027821,0.514348416825179,0.602135158967671
