"","bcubed.precision","bcubed.recall","bcubed.f1"
"majority-vote",0.784892179727064,0.882543035644214,0.830858219334761
