"","bcubed.precision","bcubed.recall","bcubed.f1"
"majority-vote",0.744617455401169,0.846664678024851,0.792368977048185
