"","bcubed.precision","bcubed.recall","bcubed.f1"
"majority-vote",0.929315181671502,0.80963805752732,0.865358448471928
