"","bcubed.precision","bcubed.recall","bcubed.f1"
"majority-vote",0.519639942403442,0.348232066578597,0.417009165285059
