"","bcubed.precision","bcubed.recall","bcubed.f1"
"majority-vote",0.735827528305793,0.934952782388734,0.823524182735606
