"","bcubed.precision","bcubed.recall","bcubed.f1"
"majority-vote",0.999999355978302,0.475145804701438,0.644201684501728
