"","bcubed.precision","bcubed.recall","bcubed.f1"
"majority-vote",0.890893339928222,0.134190418764594,0.233247965048252
