"","bcubed.precision","bcubed.recall","bcubed.f1"
"majority-vote",0.754648545409228,0.143550851797244,0.241216909826412
