"","bcubed.precision","bcubed.recall","bcubed.f1"
"majority-vote",0.894213704764556,0.13788139653619,0.238922623039967
