"","bcubed.precision","bcubed.recall","bcubed.f1"
"majority-vote",0.798693535302399,0.71405140781451,0.754004494795989
