"","bcubed.precision","bcubed.recall","bcubed.f1"
"majority-vote",0.829078450816435,0.413720410977368,0.551990652629298
