"","bcubed.precision","bcubed.recall","bcubed.f1"
"majority-vote",0.935655874199509,0.465066017501662,0.621310702351519
