"","bcubed.precision","bcubed.recall","bcubed.f1"
"majority-vote",0.665755064205461,0.312497593824772,0.425343808540786
