"","bcubed.precision","bcubed.recall","bcubed.f1"
"majority-vote",0.552165232551827,0.535399478233522,0.543653126062652
