"","bcubed.precision","bcubed.recall","bcubed.f1"
"majority-vote",0.752613173097359,0.0571704943617028,0.106268547757
