"","bcubed.precision","bcubed.recall","bcubed.f1"
"majority-vote",0.794258903634015,0.123287082169576,0.213442953773012
