"","bcubed.precision","bcubed.recall","bcubed.f1"
"majority-vote",0.71494946215396,0.590445712600294,0.646760234477136
