"","bcubed.precision","bcubed.recall","bcubed.f1"
"majority-vote",0.990144181485388,0.557208532694259,0.713110568088844
