"","bcubed.precision","bcubed.recall","bcubed.f1"
"majority-vote",0.765252293287215,0.703148237174633,0.732886960820573
