"","bcubed.precision","bcubed.recall","bcubed.f1"
"majority-vote",0.68828547680476,0.963601456670602,0.803000344168748
