"","bcubed.precision","bcubed.recall","bcubed.f1"
"majority-vote",0.988870489029176,0.558997349760349,0.71424183482721
