"","bcubed.precision","bcubed.recall","bcubed.f1"
"majority-vote",0.782026719058567,0.448717966479618,0.570239210832327
