"","bcubed.precision","bcubed.recall","bcubed.f1"
"majority-vote",0.793246669327756,0.13264920627407,0.227290225258822
