"","bcubed.precision","bcubed.recall","bcubed.f1"
"majority-vote",0.830961009539991,0.0251110451091399,0.0487489324786975
