"","bcubed.precision","bcubed.recall","bcubed.f1"
"majority-vote",0.700257387791194,0.647295376269185,0.672735615857886
