"","bcubed.precision","bcubed.recall","bcubed.f1"
"majority-vote",0.607517748975093,0.859971483936019,0.71202967406743
