"","bcubed.precision","bcubed.recall","bcubed.f1"
"majority-vote",0.978412763418949,0.274039721487362,0.428158296491489
