"","bcubed.precision","bcubed.recall","bcubed.f1"
"majority-vote",0.506728107055901,0.993322122332194,0.67110317892684
