"","bcubed.precision","bcubed.recall","bcubed.f1"
"majority-vote",0.803185733628279,0.177228082477259,0.290381602351281
