"","bcubed.precision","bcubed.recall","bcubed.f1"
"majority-vote",0.910237403388088,0.222211636109078,0.357217562291997
