"","bcubed.precision","bcubed.recall","bcubed.f1"
"majority-vote",0.648543937828151,0.841147783929841,0.732394881595381
