"","bcubed.precision","bcubed.recall","bcubed.f1"
"majority-vote",0.890516557801884,0.968193140901332,0.927731774062816
