"","bcubed.precision","bcubed.recall","bcubed.f1"
"majority-vote",0.658875693739147,0.918040126256831,0.767161211014278
