"","bcubed.precision","bcubed.recall","bcubed.f1"
"majority-vote",0.774383247797922,0.78421931783015,0.779270245949407
