"","bcubed.precision","bcubed.recall","bcubed.f1"
"majority-vote",0.548266034246238,0.474236112151615,0.50857116226444
