"","bcubed.precision","bcubed.recall","bcubed.f1"
"majority-vote",0.946411184594475,0.309639317833551,0.466615176732782
