"","bcubed.precision","bcubed.recall","bcubed.f1"
"majority-vote",0.952767141329808,0.0585799333657284,0.110373653216841
