"","bcubed.precision","bcubed.recall","bcubed.f1"
"majority-vote",0.506062448768018,0.706836809041163,0.58983227858322
