"","bcubed.precision","bcubed.recall","bcubed.f1"
"majority-vote",0.786884265826783,0.337565383564409,0.472453149251162
