"","bcubed.precision","bcubed.recall","bcubed.f1"
"majority-vote",0.677441246870441,0.780986105986386,0.725537957569898
