"","bcubed.precision","bcubed.recall","bcubed.f1"
"majority-vote",0.676863035237985,0.165418003703871,0.265862169260442
