"","bcubed.precision","bcubed.recall","bcubed.f1"
"majority-vote",0.812419627566706,0.357218921772779,0.496241618490275
