"","bcubed.precision","bcubed.recall","bcubed.f1"
"majority-vote",0.797178082204529,0.131181209645893,0.225289467224146
