"","bcubed.precision","bcubed.recall","bcubed.f1"
"majority-vote",0.616800625227416,0.274164139978356,0.379598878782892
