"","bcubed.precision","bcubed.recall","bcubed.f1"
"majority-vote",0.941402371168973,0.125193373101852,0.2209972033468
