"","bcubed.precision","bcubed.recall","bcubed.f1"
"majority-vote",0.89392792247123,0.21667103426132,0.348799692891405
