"","bcubed.precision","bcubed.recall","bcubed.f1"
"majority-vote",0.536378039758892,0.257861510089284,0.348285983334365
