"","bcubed.precision","bcubed.recall","bcubed.f1"
"majority-vote",0.874388661930325,0.79176423993016,0.83102778087624
