"","bcubed.precision","bcubed.recall","bcubed.f1"
"majority-vote",0.853070219595008,0.1803403301116,0.297738328786784
