"","bcubed.precision","bcubed.recall","bcubed.f1"
"majority-vote",0.815806528069534,0.925275301782742,0.867099545252178
