"","bcubed.precision","bcubed.recall","bcubed.f1"
"majority-vote",0.863114111432711,0.584833869241055,0.697232735047376
