"","bcubed.precision","bcubed.recall","bcubed.f1"
"majority-vote",0.76133447330234,0.23055074876153,0.353924484352317
