"","bcubed.precision","bcubed.recall","bcubed.f1"
"majority-vote",0.832769972397711,0.855448672717973,0.8439569952957
