"","bcubed.precision","bcubed.recall","bcubed.f1"
"majority-vote",0.726805550996069,0.166991929221215,0.271584254410778
