"","bcubed.precision","bcubed.recall","bcubed.f1"
"majority-vote",0.371427883520183,0.835710516037483,0.514284341084842
