"","bcubed.precision","bcubed.recall","bcubed.f1"
"majority-vote",0.982901925113214,0.73591960094532,0.84166596884134
