"","bcubed.precision","bcubed.recall","bcubed.f1"
"majority-vote",0.976224422748822,0.911304119127847,0.942647825351226
