"","bcubed.precision","bcubed.recall","bcubed.f1"
"majority-vote",0.663482553618487,0.635218885452055,0.649043168117297
