"","bcubed.precision","bcubed.recall","bcubed.f1"
"majority-vote",0.898699891419383,0.923704326475396,0.911030571325184
