"","bcubed.precision","bcubed.recall","bcubed.f1"
"majority-vote",0.958153899861792,0.758675098699564,0.846825752775795
