"","bcubed.precision","bcubed.recall","bcubed.f1"
"majority-vote",0.766739286705351,0.496783653215436,0.602923036659962
