"","bcubed.precision","bcubed.recall","bcubed.f1"
"majority-vote",0.896502697534311,0.152084629748245,0.260053268383757
