"","bcubed.precision","bcubed.recall","bcubed.f1"
"majority-vote",0.544104337780456,0.52771601439653,0.535784885902134
