"","bcubed.precision","bcubed.recall","bcubed.f1"
"majority-vote",0.987885269251453,0.120182300456279,0.214294376067384
