"","bcubed.precision","bcubed.recall","bcubed.f1"
"majority-vote",0.737662528688396,0.365394609989804,0.488710697792461
