"","bcubed.precision","bcubed.recall","bcubed.f1"
"majority-vote",0.740612437231419,0.722991636816962,0.731695965781034
