"","bcubed.precision","bcubed.recall","bcubed.f1"
"majority-vote",0.833336917698148,0.566289239290361,0.674336824643572
