"","bcubed.precision","bcubed.recall","bcubed.f1"
"majority-vote",0.888686299845383,0.0363782611326431,0.0698953643767262
