"","bcubed.precision","bcubed.recall","bcubed.f1"
"majority-vote",0.482318632979427,0.194339758079496,0.277048766967238
