"","bcubed.precision","bcubed.recall","bcubed.f1"
"majority-vote",0.922726174704136,0.910260110978048,0.916450752249837
