"","bcubed.precision","bcubed.recall","bcubed.f1"
"majority-vote",0.787523222305531,0.868766750073808,0.826152427243378
