"","bcubed.precision","bcubed.recall","bcubed.f1"
"majority-vote",0.860392652083519,0.766657878369086,0.810825223758982
