"","bcubed.precision","bcubed.recall","bcubed.f1"
"majority-vote",0.875423560987558,0.214248815817859,0.34424743670295
