"","bcubed.precision","bcubed.recall","bcubed.f1"
"majority-vote",0.900868561110715,0.613502579954481,0.729920389334084
