"","bcubed.precision","bcubed.recall","bcubed.f1"
"majority-vote",0.876743577503089,0.907767157440518,0.891985696213098
