"","bcubed.precision","bcubed.recall","bcubed.f1"
"majority-vote",0.98639279995944,0.586309631104872,0.735462204731686
