"","bcubed.precision","bcubed.recall","bcubed.f1"
"majority-vote",0.852899082699534,0.675742733155128,0.754055464493039
