"","bcubed.precision","bcubed.recall","bcubed.f1"
"majority-vote",0.760703924662458,0.339306770656036,0.46928996818137
