"","bcubed.precision","bcubed.recall","bcubed.f1"
"majority-vote",0.721686741509923,0.439454152416084,0.546270029690952
