"","bcubed.precision","bcubed.recall","bcubed.f1"
"majority-vote",0.688250101536802,0.31478039209355,0.431986142387455
