"","bcubed.precision","bcubed.recall","bcubed.f1"
"majority-vote",0.813909081274348,0.176849944130461,0.290564651665589
