"","bcubed.precision","bcubed.recall","bcubed.f1"
"majority-vote",0.683701047225553,0.1883768576852,0.295371443645533
