"","bcubed.precision","bcubed.recall","bcubed.f1"
"majority-vote",0.876488851776842,0.290692723780323,0.436588337276439
