"","bcubed.precision","bcubed.recall","bcubed.f1"
"majority-vote",0.80807759342002,0.7612724346213,0.783977042614973
