"","bcubed.precision","bcubed.recall","bcubed.f1"
"majority-vote",0.984988866364721,0.84639616853192,0.910448416528368
