"","bcubed.precision","bcubed.recall","bcubed.f1"
"majority-vote",0.837792654475575,0.781939656200184,0.808903169850775
