"","bcubed.precision","bcubed.recall","bcubed.f1"
"majority-vote",0.738405181070003,0.248143668094646,0.371457673537303
