"","bcubed.precision","bcubed.recall","bcubed.f1"
"majority-vote",0.755597385430393,0.851265552594202,0.80058356021065
