"","bcubed.precision","bcubed.recall","bcubed.f1"
"majority-vote",0.760817243625095,0.930477625086027,0.837137787229568
