"","bcubed.precision","bcubed.recall","bcubed.f1"
"majority-vote",0.469829468899405,0.757434719552497,0.579932430786912
