"","bcubed.precision","bcubed.recall","bcubed.f1"
"majority-vote",0.984318986480824,0.128991967165709,0.22809304438952
