"","bcubed.precision","bcubed.recall","bcubed.f1"
"majority-vote",0.952400382616374,0.134597500196992,0.235861932601082
