"","bcubed.precision","bcubed.recall","bcubed.f1"
"majority-vote",0.803492242146246,0.15544069497772,0.26048827335727
