"","bcubed.precision","bcubed.recall","bcubed.f1"
"majority-vote",0.805265082644786,0.133501601683308,0.229032793999639
