"","bcubed.precision","bcubed.recall","bcubed.f1"
"majority-vote",0.616509149028267,0.621360600206145,0.618925367729043
