"","bcubed.precision","bcubed.recall","bcubed.f1"
"majority-vote",0.911330309759127,0.200579208784849,0.328792782910073
