"","bcubed.precision","bcubed.recall","bcubed.f1"
"majority-vote",0.809485664016201,0.754797416236473,0.781185573625461
