"","bcubed.precision","bcubed.recall","bcubed.f1"
"majority-vote",0.755209582630092,0.283002688433632,0.41171993083106
