"","bcubed.precision","bcubed.recall","bcubed.f1"
"majority-vote",0.751357102387942,0.122711701943537,0.210968080188852
