"","bcubed.precision","bcubed.recall","bcubed.f1"
"majority-vote",0.838717963181121,0.231354491385346,0.362669213583553
