"","bcubed.precision","bcubed.recall","bcubed.f1"
"majority-vote",0.595612380288445,0.957611802722731,0.734427716810653
