"","bcubed.precision","bcubed.recall","bcubed.f1"
"majority-vote",0.70721375911015,0.104419122746826,0.181970548437638
