"","bcubed.precision","bcubed.recall","bcubed.f1"
"majority-vote",0.918925834446528,0.69063732307689,0.788592203346471
