"","bcubed.precision","bcubed.recall","bcubed.f1"
"majority-vote",0.434390751229842,0.413711877071361,0.423799212681869
