"","bcubed.precision","bcubed.recall","bcubed.f1"
"majority-vote",0.430991960245295,0.967762598137948,0.596384686253546
