"","bcubed.precision","bcubed.recall","bcubed.f1"
"majority-vote",0.918837512851724,0.484670971741805,0.63460089499301
