"","bcubed.precision","bcubed.recall","bcubed.f1"
"majority-vote",0.619598107201703,0.373579620633364,0.466118438515773
