"","bcubed.precision","bcubed.recall","bcubed.f1"
"majority-vote",0.997744140068682,0.703563667676745,0.825219896592329
