"","bcubed.precision","bcubed.recall","bcubed.f1"
"majority-vote",0.420618526889462,0.745318878953151,0.537756019074831
