"","bcubed.precision","bcubed.recall","bcubed.f1"
"majority-vote",0.927187870217721,0.95845255768333,0.942561023314851
