"","bcubed.precision","bcubed.recall","bcubed.f1"
"majority-vote",0.330333688155094,0.718878416952011,0.452663017612844
