"","bcubed.precision","bcubed.recall","bcubed.f1"
"majority-vote",0.637437181941837,0.834232758654453,0.722676959135004
