"","bcubed.precision","bcubed.recall","bcubed.f1"
"majority-vote",0.984889449172599,0.204080408786923,0.338102164746239
