"","bcubed.precision","bcubed.recall","bcubed.f1"
"majority-vote",0.693507616946244,0.497075678432017,0.579087192856679
