"","bcubed.precision","bcubed.recall","bcubed.f1"
"majority-vote",0.787561717602655,0.75108244782805,0.768889644483958
