"","bcubed.precision","bcubed.recall","bcubed.f1"
"majority-vote",0.894850707204146,0.955942061222313,0.924388126130682
