"","bcubed.precision","bcubed.recall","bcubed.f1"
"majority-vote",0.591503403796709,0.942819181089039,0.726940684146313
