"","bcubed.precision","bcubed.recall","bcubed.f1"
"majority-vote",0.814283148231902,0.481385271540141,0.605068254254649
