"","bcubed.precision","bcubed.recall","bcubed.f1"
"majority-vote",0.476952645211174,0.267938009756592,0.343120810158516
