"","bcubed.precision","bcubed.recall","bcubed.f1"
"majority-vote",0.691272993294158,0.555658819646377,0.616091323552698
