"","bcubed.precision","bcubed.recall","bcubed.f1"
"majority-vote",0.320933699452756,0.434921398648457,0.369332518336009
