"","bcubed.precision","bcubed.recall","bcubed.f1"
"majority-vote",0.931850877604833,0.0632160169099434,0.11839988077372
