"","bcubed.precision","bcubed.recall","bcubed.f1"
"majority-vote",0.988970043249815,0.922910350387211,0.954798942628234
