"","bcubed.precision","bcubed.recall","bcubed.f1"
"majority-vote",0.953122128935562,0.108579144446785,0.194949724386085
