"","bcubed.precision","bcubed.recall","bcubed.f1"
"majority-vote",0.663744467585527,0.997668671636836,0.797149180597305
