"","bcubed.precision","bcubed.recall","bcubed.f1"
"majority-vote",0.97458591782457,0.342073468744157,0.506402777970181
