"","bcubed.precision","bcubed.recall","bcubed.f1"
"majority-vote",0.983836841364834,0.819002491546549,0.893884229885162
