"","bcubed.precision","bcubed.recall","bcubed.f1"
"majority-vote",0.847279467094971,0.780732839958913,0.812646073641797
