"","bcubed.precision","bcubed.recall","bcubed.f1"
"majority-vote",0.75403555989344,0.164488156436388,0.27006361823719
