"","bcubed.precision","bcubed.recall","bcubed.f1"
"majority-vote",0.960252841676054,0.253283010800278,0.400838146434536
