"","bcubed.precision","bcubed.recall","bcubed.f1"
"majority-vote",0.674053115334288,0.222874856699315,0.334986746253974
