"","bcubed.precision","bcubed.recall","bcubed.f1"
"majority-vote",0.782028752294494,0.561098226551723,0.653393093781549
