"","bcubed.precision","bcubed.recall","bcubed.f1"
"majority-vote",0.656220462544148,0.0678258606108444,0.122944392365833
