"","bcubed.precision","bcubed.recall","bcubed.f1"
"majority-vote",0.958411289335763,0.592644311399439,0.7324005642823
