"","bcubed.precision","bcubed.recall","bcubed.f1"
"majority-vote",0.775383096586454,0.433122812377832,0.555787282416476
