"","bcubed.precision","bcubed.recall","bcubed.f1"
"majority-vote",0.558023628836526,0.140477607510986,0.224451497676531
