"","bcubed.precision","bcubed.recall","bcubed.f1"
"majority-vote",0.985837394298521,0.639307524216591,0.775627153798668
