"","bcubed.precision","bcubed.recall","bcubed.f1"
"majority-vote",0.669452072042553,0.127471962734079,0.214164376667543
