"","bcubed.precision","bcubed.recall","bcubed.f1"
"majority-vote",0.638260747064159,0.232186553800967,0.340504389271971
