"","bcubed.precision","bcubed.recall","bcubed.f1"
"majority-vote",0.990372907733432,0.22225861017832,0.363043352873025
