"","bcubed.precision","bcubed.recall","bcubed.f1"
"majority-vote",0.664148375398082,0.146377970484489,0.239885333241041
