"","bcubed.precision","bcubed.recall","bcubed.f1"
"majority-vote",0.239399856048584,0.45952121453856,0.314797527907939
