"","bcubed.precision","bcubed.recall","bcubed.f1"
"majority-vote",0.89451542742871,0.387087165896611,0.540347598323378
