"","bcubed.precision","bcubed.recall","bcubed.f1"
"majority-vote",0.977493109970859,0.718228416946446,0.828040828409753
