"","bcubed.precision","bcubed.recall","bcubed.f1"
"majority-vote",0.846989125757262,0.106453156499158,0.189135027122856
