"","bcubed.precision","bcubed.recall","bcubed.f1"
"majority-vote",0.626056968596571,0.311147269962651,0.415695765352874
