"","bcubed.precision","bcubed.recall","bcubed.f1"
"majority-vote",0.780122236979733,0.541863703651895,0.639522572273453
