"","bcubed.precision","bcubed.recall","bcubed.f1"
"majority-vote",0.38357125691561,0.842208034706255,0.527088027452758
