"","bcubed.precision","bcubed.recall","bcubed.f1"
"majority-vote",0.917187693625631,0.243392224709947,0.384697942298153
