"","bcubed.precision","bcubed.recall","bcubed.f1"
"majority-vote",0.857748794762894,0.358416573077217,0.505574968190423
