"","bcubed.precision","bcubed.recall","bcubed.f1"
"majority-vote",0.707789028146493,0.447541722453969,0.548354002740894
