"","bcubed.precision","bcubed.recall","bcubed.f1"
"majority-vote",0.992133240627958,0.495560528599041,0.6609721480809
