"","bcubed.precision","bcubed.recall","bcubed.f1"
"majority-vote",0.827812993974788,0.279403310940167,0.417793145438937
