"","bcubed.precision","bcubed.recall","bcubed.f1"
"majority-vote",0.857496344989125,0.718251318595104,0.781721457962358
