"","bcubed.precision","bcubed.recall","bcubed.f1"
"majority-vote",0.657061001826025,0.785706753451637,0.715648467573427
