"","bcubed.precision","bcubed.recall","bcubed.f1"
"majority-vote",0.930126828495793,0.70295312811155,0.800739193431667
