"","bcubed.precision","bcubed.recall","bcubed.f1"
"majority-vote",0.725430909050002,0.0840401492587671,0.150630022525723
