"","bcubed.precision","bcubed.recall","bcubed.f1"
"majority-vote",0.976631344885478,0.459217398032246,0.624698259126785
