"","bcubed.precision","bcubed.recall","bcubed.f1"
"majority-vote",0.883219826685087,0.295735967193818,0.443103755112127
