"","bcubed.precision","bcubed.recall","bcubed.f1"
"majority-vote",0.658864536435294,0.724138102915574,0.68996096163134
