"","bcubed.precision","bcubed.recall","bcubed.f1"
"majority-vote",0.827222154434601,0.376859011189432,0.517815795237771
