"","bcubed.precision","bcubed.recall","bcubed.f1"
"majority-vote",0.534761271748223,0.134251063611957,0.214621661563327
