"","bcubed.precision","bcubed.recall","bcubed.f1"
"majority-vote",0.446500069298996,0.865147404691967,0.58901249582473
