"","bcubed.precision","bcubed.recall","bcubed.f1"
"majority-vote",0.711903611075295,0.801067545658676,0.75385822912936
