"","bcubed.precision","bcubed.recall","bcubed.f1"
"majority-vote",0.661896804244673,0.155722611003092,0.252127815581162
