"","bcubed.precision","bcubed.recall","bcubed.f1"
"majority-vote",0.974229368252642,0.191980675341043,0.320753903778561
