"","bcubed.precision","bcubed.recall","bcubed.f1"
"majority-vote",0.15611192682449,0.865373527785389,0.264507200246094
