"","bcubed.precision","bcubed.recall","bcubed.f1"
"majority-vote",0.975671612395366,0.608461308416237,0.749505825001747
