"","bcubed.precision","bcubed.recall","bcubed.f1"
"majority-vote",0.540500629194139,0.64146354336333,0.586669980093875
