"","bcubed.precision","bcubed.recall","bcubed.f1"
"majority-vote",0.78737643846268,0.166937192042986,0.27547004992084
