"","bcubed.precision","bcubed.recall","bcubed.f1"
"majority-vote",0.750918907072531,0.886759110735593,0.813205251617657
