"","bcubed.precision","bcubed.recall","bcubed.f1"
"majority-vote",0.304173592692427,0.969396584628122,0.463052365925319
