"","bcubed.precision","bcubed.recall","bcubed.f1"
"majority-vote",0.960672223502727,0.181089764324177,0.304735852833921
