"","bcubed.precision","bcubed.recall","bcubed.f1"
"majority-vote",0.934072048279891,0.900299241802631,0.916874747660912
