"","bcubed.precision","bcubed.recall","bcubed.f1"
"majority-vote",0.970912701231744,0.90356959690156,0.936031456741112
