"","bcubed.precision","bcubed.recall","bcubed.f1"
"majority-vote",0.428863570034557,0.629768825988856,0.510252488067783
