"","bcubed.precision","bcubed.recall","bcubed.f1"
"majority-vote",0.903132734463653,0.426256448210051,0.579162455467635
