"","bcubed.precision","bcubed.recall","bcubed.f1"
"majority-vote",0.962201515572819,0.823009624547613,0.887179214014212
