"","bcubed.precision","bcubed.recall","bcubed.f1"
"majority-vote",0.667131564260671,0.887476053955569,0.761688391568029
