"","bcubed.precision","bcubed.recall","bcubed.f1"
"majority-vote",0.98639279995944,0.459492534726105,0.626937858786035
