"","bcubed.precision","bcubed.recall","bcubed.f1"
"majority-vote",0.758207965243013,0.179428897849828,0.290185731597125
