"","bcubed.precision","bcubed.recall","bcubed.f1"
"majority-vote",0.978697900508651,0.201847968050237,0.334672608348296
