"","bcubed.precision","bcubed.recall","bcubed.f1"
"majority-vote",0.905343383850101,0.097698153890734,0.176364335695535
