"","bcubed.precision","bcubed.recall","bcubed.f1"
"majority-vote",0.79948900100663,0.689539540704524,0.74045495181565
