"","bcubed.precision","bcubed.recall","bcubed.f1"
"majority-vote",0.880351220014876,0.305591889488821,0.453694937948111
