"","bcubed.precision","bcubed.recall","bcubed.f1"
"majority-vote",0.62623240166308,0.759247179646279,0.68635466185141
