"","bcubed.precision","bcubed.recall","bcubed.f1"
"majority-vote",0.814952228662967,0.693848893169867,0.749540404844377
