"","bcubed.precision","bcubed.recall","bcubed.f1"
"majority-vote",0.637541513396575,0.202752417127355,0.307661588795699
