"","bcubed.precision","bcubed.recall","bcubed.f1"
"majority-vote",0.86508981964508,0.25401700527646,0.392719480192255
