"","bcubed.precision","bcubed.recall","bcubed.f1"
"majority-vote",0.968236415461821,0.802249203668672,0.877461962835637
