"","bcubed.precision","bcubed.recall","bcubed.f1"
"majority-vote",0.595870732820791,0.370470338026017,0.45688305809973
