"","bcubed.precision","bcubed.recall","bcubed.f1"
"majority-vote",0.888471640210962,0.992779506915504,0.937733846142077
