"","bcubed.precision","bcubed.recall","bcubed.f1"
"majority-vote",0.65775077501622,0.314582943109302,0.425609378302595
