"","bcubed.precision","bcubed.recall","bcubed.f1"
"majority-vote",0.487136990481006,0.204056121189158,0.28762811170129
