"","bcubed.precision","bcubed.recall","bcubed.f1"
"majority-vote",0.504786797141453,0.324216144448339,0.394835822473137
