"","bcubed.precision","bcubed.recall","bcubed.f1"
"majority-vote",0.739521181197281,0.518053531919771,0.609286360249951
