"","bcubed.precision","bcubed.recall","bcubed.f1"
"majority-vote",0.975302368950059,0.150339162558484,0.260520134136762
