"","bcubed.precision","bcubed.recall","bcubed.f1"
"majority-vote",0.718327243693578,0.319870032237904,0.442635256178025
