"","bcubed.precision","bcubed.recall","bcubed.f1"
"majority-vote",0.976729633074872,0.226131708505608,0.367240234664236
