"","bcubed.precision","bcubed.recall","bcubed.f1"
"majority-vote",0.920106518143738,0.697343076350062,0.793384736212326
