"","bcubed.precision","bcubed.recall","bcubed.f1"
"majority-vote",0.592945546596959,0.318263559514807,0.414203411692539
