"","bcubed.precision","bcubed.recall","bcubed.f1"
"majority-vote",0.814735431231294,0.133917858092534,0.230026343850788
