"","bcubed.precision","bcubed.recall","bcubed.f1"
"majority-vote",0.719600039737318,0.404701592132836,0.518051870646361
