"","bcubed.precision","bcubed.recall","bcubed.f1"
"majority-vote",0.908279895280507,0.631603310743039,0.745085843778904
