"","bcubed.precision","bcubed.recall","bcubed.f1"
"majority-vote",0.73894846397373,0.661774679949727,0.698235601184983
