"","bcubed.precision","bcubed.recall","bcubed.f1"
"majority-vote",0.978140184824398,0.204099695187295,0.33772860643329
