"","bcubed.precision","bcubed.recall","bcubed.f1"
"majority-vote",0.773468348441741,0.0947028684889069,0.168744758762629
