"","bcubed.precision","bcubed.recall","bcubed.f1"
"majority-vote",0.584980316086823,0.603064622434698,0.59388483047056
