"","bcubed.precision","bcubed.recall","bcubed.f1"
"majority-vote",0.973960394056103,0.804800405680694,0.881336850204104
