"","bcubed.precision","bcubed.recall","bcubed.f1"
"majority-vote",0.64081911320499,0.379829128242708,0.476955243237715
