"","bcubed.precision","bcubed.recall","bcubed.f1"
"majority-vote",0.898331422089745,0.632630942556992,0.742424853032013
