"","bcubed.precision","bcubed.recall","bcubed.f1"
"majority-vote",0.862985338049198,0.229569599513893,0.362664048517698
