"","bcubed.precision","bcubed.recall","bcubed.f1"
"majority-vote",0.910066684540247,0.0305851595442673,0.0591813749531861
