"","bcubed.precision","bcubed.recall","bcubed.f1"
"majority-vote",0.997775828682539,0.906941259043216,0.950192626652723
