"","bcubed.precision","bcubed.recall","bcubed.f1"
"majority-vote",0.720027562282805,0.896455012028083,0.798613393382171
