"","bcubed.precision","bcubed.recall","bcubed.f1"
"majority-vote",0.812239638545391,0.164837884101945,0.274057810763652
