"","bcubed.precision","bcubed.recall","bcubed.f1"
"majority-vote",0.899297638260947,0.53425381656904,0.67029780319872
