"","bcubed.precision","bcubed.recall","bcubed.f1"
"majority-vote",0.861637415185902,0.252281684941914,0.390289274844381
