"","bcubed.precision","bcubed.recall","bcubed.f1"
"majority-vote",0.958338636284235,0.159764122248758,0.273871305431547
