"","bcubed.precision","bcubed.recall","bcubed.f1"
"majority-vote",0.9650842911844,0.670035165564755,0.790939659067228
