"","bcubed.precision","bcubed.recall","bcubed.f1"
"majority-vote",0.550611631777981,0.303901824759311,0.391642468239417
