"","bcubed.precision","bcubed.recall","bcubed.f1"
"majority-vote",0.98459118734849,0.533079587590214,0.691672361046671
