"","bcubed.precision","bcubed.recall","bcubed.f1"
"majority-vote",0.836437745897737,0.211657735429377,0.337828990351525
