"","bcubed.precision","bcubed.recall","bcubed.f1"
"majority-vote",0.868909555964562,0.410252886443297,0.557353220473877
