"","bcubed.precision","bcubed.recall","bcubed.f1"
"majority-vote",0.922457062358002,0.941311634226931,0.931788978389267
