"","bcubed.precision","bcubed.recall","bcubed.f1"
"majority-vote",0.887038742562785,0.559214237960626,0.685972234656038
