"","bcubed.precision","bcubed.recall","bcubed.f1"
"majority-vote",0.818302193734055,0.305798069365643,0.445218703732926
