"","bcubed.precision","bcubed.recall","bcubed.f1"
"majority-vote",0.990938325634365,0.71482607056141,0.830535038791626
