"","bcubed.precision","bcubed.recall","bcubed.f1"
"majority-vote",0.662309718220323,0.738737049429484,0.698438822091981
