"","bcubed.precision","bcubed.recall","bcubed.f1"
"majority-vote",0.310197225754141,0.290688224081214,0.300126024666092
