"","bcubed.precision","bcubed.recall","bcubed.f1"
"majority-vote",0.197010206256951,0.793301267795887,0.315634929993812
