"","bcubed.precision","bcubed.recall","bcubed.f1"
"majority-vote",0.942088628212632,0.254239630609663,0.400418970415581
