"","bcubed.precision","bcubed.recall","bcubed.f1"
"majority-vote",0.755144851739999,0.964794358642115,0.847192143208975
