"","bcubed.precision","bcubed.recall","bcubed.f1"
"majority-vote",0.914567952503802,0.221836146572238,0.35706353140905
