"","bcubed.precision","bcubed.recall","bcubed.f1"
"majority-vote",0.868024796736392,0.226145780776606,0.35881086445879
