"","bcubed.precision","bcubed.recall","bcubed.f1"
"majority-vote",0.782095807809762,0.0708978417210535,0.130010123342173
