"","bcubed.precision","bcubed.recall","bcubed.f1"
"majority-vote",0.925060413270794,0.956255729721475,0.940399436664322
