"","bcubed.precision","bcubed.recall","bcubed.f1"
"majority-vote",0.501817053670877,0.720056887940174,0.591446979391562
