"","bcubed.precision","bcubed.recall","bcubed.f1"
"majority-vote",0.899577205848201,0.849337702612784,0.873735861752456
