"","bcubed.precision","bcubed.recall","bcubed.f1"
"majority-vote",0.587547642925625,0.246944761510608,0.347736688283962
