"","bcubed.precision","bcubed.recall","bcubed.f1"
"majority-vote",0.880626937286655,0.245769187151398,0.384289259994642
