"","bcubed.precision","bcubed.recall","bcubed.f1"
"majority-vote",0.54221892217123,0.6666727932741,0.598039673515015
