"","bcubed.precision","bcubed.recall","bcubed.f1"
"majority-vote",0.87972046611434,0.789576695986093,0.832214652724744
