"","bcubed.precision","bcubed.recall","bcubed.f1"
"majority-vote",0.945280294982577,0.773408489752373,0.850750655765638
