"","bcubed.precision","bcubed.recall","bcubed.f1"
"majority-vote",0.987490717951823,0.314542279647816,0.477111689378449
