"","bcubed.precision","bcubed.recall","bcubed.f1"
"majority-vote",0.499314645848691,0.192951304161177,0.278342195226871
