"","bcubed.precision","bcubed.recall","bcubed.f1"
"majority-vote",0.655042787917091,0.332302854455937,0.440924796492667
