"","bcubed.precision","bcubed.recall","bcubed.f1"
"majority-vote",0.960730581982815,0.629074794747122,0.760308654775405
