"","bcubed.precision","bcubed.recall","bcubed.f1"
"majority-vote",0.744943223561947,0.108294033598013,0.1890984150166
