"","bcubed.precision","bcubed.recall","bcubed.f1"
"majority-vote",0.950084043327523,0.217129852007222,0.35347695661722
