"","bcubed.precision","bcubed.recall","bcubed.f1"
"majority-vote",0.666212567096561,0.425917401564911,0.519629592832116
