"","bcubed.precision","bcubed.recall","bcubed.f1"
"majority-vote",0.920450278575507,0.3114009584427,0.465363171028786
