"","bcubed.precision","bcubed.recall","bcubed.f1"
"majority-vote",0.536641961964434,0.162551360715575,0.24952149371231
