"","bcubed.precision","bcubed.recall","bcubed.f1"
"majority-vote",0.949728674618667,0.189842459027971,0.316432773129353
