"","bcubed.precision","bcubed.recall","bcubed.f1"
"majority-vote",0.938768925667922,0.510598129188398,0.661438599118373
