"","bcubed.precision","bcubed.recall","bcubed.f1"
"majority-vote",0.649801015453823,0.854580330193547,0.738253193518122
