"","bcubed.precision","bcubed.recall","bcubed.f1"
"majority-vote",0.90656903523619,0.783887328545885,0.840776484266979
