"","bcubed.precision","bcubed.recall","bcubed.f1"
"majority-vote",0.841190430600706,0.635491903828613,0.724014496227374
