"","bcubed.precision","bcubed.recall","bcubed.f1"
"majority-vote",0.987701825254041,0.549534232769059,0.706171263564548
