"","bcubed.precision","bcubed.recall","bcubed.f1"
"majority-vote",0.794967104627123,0.239496034673141,0.368097154979479
