"","bcubed.precision","bcubed.recall","bcubed.f1"
"majority-vote",0.677842513033182,0.418943560100789,0.517836180735492
