"","bcubed.precision","bcubed.recall","bcubed.f1"
"majority-vote",0.914789599598671,0.351445548785189,0.507802572475228
