"","bcubed.precision","bcubed.recall","bcubed.f1"
"majority-vote",0.532182824431837,0.887190714637735,0.665290210546143
