"","bcubed.precision","bcubed.recall","bcubed.f1"
"majority-vote",0.919186049622178,0.374832628442418,0.53251306004763
