"","bcubed.precision","bcubed.recall","bcubed.f1"
"majority-vote",0.985025691328381,0.8411190138354,0.907402174372981
