"","bcubed.precision","bcubed.recall","bcubed.f1"
"majority-vote",0.945326431924771,0.113873300129619,0.203261834846279
