"","bcubed.precision","bcubed.recall","bcubed.f1"
"majority-vote",0.801009005516488,0.225595152403675,0.352041723739563
