"","bcubed.precision","bcubed.recall","bcubed.f1"
"majority-vote",0.858387454906106,0.58926455104738,0.698810620452664
