"","bcubed.precision","bcubed.recall","bcubed.f1"
"majority-vote",0.836013809701038,0.722498366341143,0.775122095332655
