"","bcubed.precision","bcubed.recall","bcubed.f1"
"majority-vote",0.8674887021042,0.538788939120466,0.664724096869918
