"","bcubed.precision","bcubed.recall","bcubed.f1"
"majority-vote",0.781124637037234,0.762217001587448,0.771554999629468
