"","bcubed.precision","bcubed.recall","bcubed.f1"
"majority-vote",0.982912454219918,0.898979235844206,0.939074115329417
