"","bcubed.precision","bcubed.recall","bcubed.f1"
"majority-vote",0.723351931901528,0.0796336372605813,0.143472429814384
