"","bcubed.precision","bcubed.recall","bcubed.f1"
"majority-vote",0.932612143865699,0.103509178983741,0.186337092371243
