"","bcubed.precision","bcubed.recall","bcubed.f1"
"majority-vote",0.879264049396749,0.824208711463556,0.85084670074035
