"","bcubed.precision","bcubed.recall","bcubed.f1"
"majority-vote",0.620042876313004,0.586110195611379,0.602599222242068
