"","bcubed.precision","bcubed.recall","bcubed.f1"
"majority-vote",0.985470570068852,0.7828092175846,0.872526453443163
