"","bcubed.precision","bcubed.recall","bcubed.f1"
"majority-vote",0.917769994042978,0.841335618760684,0.877892242737468
