"","bcubed.precision","bcubed.recall","bcubed.f1"
"majority-vote",0.938656396527308,0.488067039886339,0.642208906408736
