"","bcubed.precision","bcubed.recall","bcubed.f1"
"majority-vote",0.670605976156966,0.446136065038692,0.535811316056081
