"","bcubed.precision","bcubed.recall","bcubed.f1"
"majority-vote",0.861666524328704,0.206092260195669,0.332627189038678
