"","bcubed.precision","bcubed.recall","bcubed.f1"
"majority-vote",0.999615686650445,0.734078199330718,0.846511704531755
