"","bcubed.precision","bcubed.recall","bcubed.f1"
"majority-vote",0.805596110878298,0.0842479460700398,0.152543172421163
