"","bcubed.precision","bcubed.recall","bcubed.f1"
"majority-vote",0.85567539310969,0.108566942795207,0.192686128778665
