"","bcubed.precision","bcubed.recall","bcubed.f1"
"majority-vote",0.570056696783139,0.913357379124916,0.701982674942241
