"","bcubed.precision","bcubed.recall","bcubed.f1"
"majority-vote",0.798630682723396,0.123901926821954,0.214522238855769
