"","bcubed.precision","bcubed.recall","bcubed.f1"
"majority-vote",0.888341425434634,0.120703563298051,0.212529622905914
