"","bcubed.precision","bcubed.recall","bcubed.f1"
"majority-vote",0.991021623554956,0.114051714306899,0.204561473359478
