"","bcubed.precision","bcubed.recall","bcubed.f1"
"majority-vote",0.770987515199549,0.240542004698034,0.366682096479068
