"","bcubed.precision","bcubed.recall","bcubed.f1"
"majority-vote",0.975975034078861,0.845821931397867,0.906249273617232
