"","bcubed.precision","bcubed.recall","bcubed.f1"
"majority-vote",0.971191603194963,0.245895132203443,0.39243100876344
