"","bcubed.precision","bcubed.recall","bcubed.f1"
"majority-vote",0.838733182369147,0.276813584081705,0.416249224653347
