"","bcubed.precision","bcubed.recall","bcubed.f1"
"majority-vote",0.997044865162375,0.0726500704511147,0.13543184563256
