"","bcubed.precision","bcubed.recall","bcubed.f1"
"majority-vote",0.85972513983934,0.18340369330157,0.302315036956599
