"","bcubed.precision","bcubed.recall","bcubed.f1"
"majority-vote",0.735499022743912,0.586147723555825,0.65238472998307
