"","bcubed.precision","bcubed.recall","bcubed.f1"
"majority-vote",0.906613382872046,0.723871903184941,0.805001996061666
