"","bcubed.precision","bcubed.recall","bcubed.f1"
"majority-vote",0.660613238379573,0.693614422454149,0.676711727365129
