"","bcubed.precision","bcubed.recall","bcubed.f1"
"majority-vote",0.623560303842089,0.0753173053635781,0.134400877059031
