"","bcubed.precision","bcubed.recall","bcubed.f1"
"majority-vote",0.733109233506649,0.155389445274539,0.256426801391554
