"","bcubed.precision","bcubed.recall","bcubed.f1"
"majority-vote",0.775628310643176,0.516265336878262,0.619911727029173
