"","bcubed.precision","bcubed.recall","bcubed.f1"
"majority-vote",0.82239136367518,0.76787889836119,0.79420082162891
