"","bcubed.precision","bcubed.recall","bcubed.f1"
"majority-vote",0.858634279064242,0.419317665369863,0.563464882810103
