"","bcubed.precision","bcubed.recall","bcubed.f1"
"majority-vote",0.610550656909823,0.31581584880571,0.416296514956405
