"","bcubed.precision","bcubed.recall","bcubed.f1"
"majority-vote",0.797896813220789,0.352363508445453,0.488845377325815
