"","bcubed.precision","bcubed.recall","bcubed.f1"
"majority-vote",0.434572167323768,0.307161488457522,0.359923896447107
