"","bcubed.precision","bcubed.recall","bcubed.f1"
"majority-vote",0.620556531203243,0.572745367068621,0.595693141468309
