"","bcubed.precision","bcubed.recall","bcubed.f1"
"majority-vote",0.995838135063492,0.810803691312275,0.893845392120433
