"","bcubed.precision","bcubed.recall","bcubed.f1"
"majority-vote",0.863969396721253,0.569216361671779,0.686283007931716
