"","bcubed.precision","bcubed.recall","bcubed.f1"
"majority-vote",0.684391518563322,0.803612709122937,0.739226021136541
