"","bcubed.precision","bcubed.recall","bcubed.f1"
"majority-vote",0.74668895015845,0.676823040389933,0.710041487289646
