"","bcubed.precision","bcubed.recall","bcubed.f1"
"majority-vote",0.622721688244787,0.877373669914763,0.728433175903121
