"","bcubed.precision","bcubed.recall","bcubed.f1"
"majority-vote",0.617745361294528,0.367901637606565,0.461158062262658
