"","bcubed.precision","bcubed.recall","bcubed.f1"
"majority-vote",0.571338737607338,0.546937415040467,0.558871852036814
