"","bcubed.precision","bcubed.recall","bcubed.f1"
"majority-vote",0.417769226155703,0.77457484517523,0.542785495309796
