"","bcubed.precision","bcubed.recall","bcubed.f1"
"majority-vote",0.732302161509818,0.561939852333319,0.63590853039959
