"","bcubed.precision","bcubed.recall","bcubed.f1"
"majority-vote",0.996967546266085,0.469356564467792,0.638239880222851
