"","bcubed.precision","bcubed.recall","bcubed.f1"
"majority-vote",0.729306681838537,0.227276590276022,0.346554953961043
