"","bcubed.precision","bcubed.recall","bcubed.f1"
"majority-vote",0.747498629191113,0.548741856712843,0.63288223155071
