"","bcubed.precision","bcubed.recall","bcubed.f1"
"majority-vote",0.801764009402311,0.377240897459634,0.513073648290046
