"","bcubed.precision","bcubed.recall","bcubed.f1"
"majority-vote",0.919859661580513,0.174196980860438,0.292922266812667
