"","bcubed.precision","bcubed.recall","bcubed.f1"
"majority-vote",0.656363399263839,0.476104107006571,0.551887464051776
