"","bcubed.precision","bcubed.recall","bcubed.f1"
"majority-vote",0.66644811881781,0.750422899695246,0.705947010398384
