"","bcubed.precision","bcubed.recall","bcubed.f1"
"majority-vote",0.521804539105339,0.524292261922617,0.523045442487144
