"","bcubed.precision","bcubed.recall","bcubed.f1"
"majority-vote",0.916713133664933,0.841642254772652,0.877575163554423
