"","bcubed.precision","bcubed.recall","bcubed.f1"
"majority-vote",0.677254279533508,0.515363346687905,0.585320935034204
