"","bcubed.precision","bcubed.recall","bcubed.f1"
"majority-vote",0.894280292244393,0.989809698104572,0.939623171527325
