"","bcubed.precision","bcubed.recall","bcubed.f1"
"majority-vote",0.912765593158741,0.68844311695598,0.784891046413751
