"","bcubed.precision","bcubed.recall","bcubed.f1"
"majority-vote",0.799474199719864,0.089810436625713,0.161480641885129
