"","bcubed.precision","bcubed.recall","bcubed.f1"
"majority-vote",0.677976453033077,0.490882438816506,0.569455794956419
