"","bcubed.precision","bcubed.recall","bcubed.f1"
"majority-vote",0.980444424567947,0.112011419466746,0.201053383171109
