"","bcubed.precision","bcubed.recall","bcubed.f1"
"majority-vote",0.933229449310715,0.505992772001084,0.656197978293267
