"","bcubed.precision","bcubed.recall","bcubed.f1"
"majority-vote",0.38443922116136,0.592425642895937,0.466291011440398
