"","bcubed.precision","bcubed.recall","bcubed.f1"
"majority-vote",0.589558238547712,0.282176885933092,0.381674899078259
