"","bcubed.precision","bcubed.recall","bcubed.f1"
"majority-vote",0.875022894861383,0.437160614745496,0.583036661920233
