"","bcubed.precision","bcubed.recall","bcubed.f1"
"majority-vote",0.843350070498991,0.770359688129518,0.805204150027294
