"","bcubed.precision","bcubed.recall","bcubed.f1"
"majority-vote",0.901140007249441,0.723538635436395,0.802632094805573
