"","bcubed.precision","bcubed.recall","bcubed.f1"
"majority-vote",0.670685862117805,0.605289532583285,0.636311850020593
