"","bcubed.precision","bcubed.recall","bcubed.f1"
"majority-vote",0.894150252085065,0.465852915950305,0.61256107635875
