"","bcubed.precision","bcubed.recall","bcubed.f1"
"majority-vote",0.7634502341727,0.999517584953816,0.865678801409774
