"","bcubed.precision","bcubed.recall","bcubed.f1"
"majority-vote",0.960189805125392,0.415699569662413,0.580207240638689
