"","bcubed.precision","bcubed.recall","bcubed.f1"
"majority-vote",0.957682283295993,0.545634182848598,0.695188540593727
