"","bcubed.precision","bcubed.recall","bcubed.f1"
"majority-vote",0.513974628250261,0.0325466374181053,0.0612168159543035
