"","bcubed.precision","bcubed.recall","bcubed.f1"
"majority-vote",0.991092348317536,0.263383467038093,0.416169583597428
