"","bcubed.precision","bcubed.recall","bcubed.f1"
"majority-vote",0.641645926322534,0.58698171624232,0.613097758840003
