"","bcubed.precision","bcubed.recall","bcubed.f1"
"majority-vote",0.656298457662975,0.541840777685313,0.593602573394411
