"","bcubed.precision","bcubed.recall","bcubed.f1"
"majority-vote",0.62059681484021,0.871776985989547,0.725048939421617
