"","bcubed.precision","bcubed.recall","bcubed.f1"
"majority-vote",0.689460313783832,0.503183675111994,0.58177490980323
