"","bcubed.precision","bcubed.recall","bcubed.f1"
"majority-vote",0.924184953852088,0.340706548777225,0.49787015788193
