"","bcubed.precision","bcubed.recall","bcubed.f1"
"majority-vote",0.67117244441083,0.905452100043468,0.770905795448512
