"","bcubed.precision","bcubed.recall","bcubed.f1"
"majority-vote",0.957990633177161,0.125599611279471,0.22208256626888
