"","bcubed.precision","bcubed.recall","bcubed.f1"
"majority-vote",0.791565103998342,0.331129789020434,0.466931465552726
