"","bcubed.precision","bcubed.recall","bcubed.f1"
"majority-vote",0.819450111001657,0.61182539820894,0.70057845222611
