"","bcubed.precision","bcubed.recall","bcubed.f1"
"majority-vote",0.562187377844171,0.528760444377145,0.54496180601349
