"","bcubed.precision","bcubed.recall","bcubed.f1"
"majority-vote",0.581004965246616,0.892429095101118,0.70380582251767
