"","bcubed.precision","bcubed.recall","bcubed.f1"
"majority-vote",0.860742923506187,0.62106089739875,0.721517605719105
