"","bcubed.precision","bcubed.recall","bcubed.f1"
"majority-vote",0.710415823824427,0.413458115023743,0.522704864395238
