"","bcubed.precision","bcubed.recall","bcubed.f1"
"majority-vote",0.682811818206483,0.251945111976433,0.368076650607342
