"","bcubed.precision","bcubed.recall","bcubed.f1"
"majority-vote",0.903875551495452,0.0555336969737731,0.104638455505488
