"","bcubed.precision","bcubed.recall","bcubed.f1"
"majority-vote",0.734710974616957,0.703102788193813,0.718559452039078
