"","bcubed.precision","bcubed.recall","bcubed.f1"
"majority-vote",0.648509336570922,0.796496982504526,0.714925219199379
