"","bcubed.precision","bcubed.recall","bcubed.f1"
"majority-vote",0.977200528520424,0.117548328617911,0.20985322451467
