"","bcubed.precision","bcubed.recall","bcubed.f1"
"majority-vote",0.837036069750613,0.299309665502638,0.440945001645761
