"","bcubed.precision","bcubed.recall","bcubed.f1"
"majority-vote",0.810823710040874,0.176338993024822,0.289678360224155
