"","bcubed.precision","bcubed.recall","bcubed.f1"
"majority-vote",0.686133242210165,0.888612527237714,0.774355589595837
