"","bcubed.precision","bcubed.recall","bcubed.f1"
"majority-vote",0.985098907283749,0.453057299111609,0.620664498483665
