"","bcubed.precision","bcubed.recall","bcubed.f1"
"majority-vote",0.894063998142431,0.184633123680623,0.306061498464815
