"","bcubed.precision","bcubed.recall","bcubed.f1"
"majority-vote",0.510608929847392,0.911523960487064,0.654555248891116
