"","bcubed.precision","bcubed.recall","bcubed.f1"
"majority-vote",0.997683691251312,0.0639165536182048,0.120136564500719
