"","bcubed.precision","bcubed.recall","bcubed.f1"
"majority-vote",0.894631153584589,0.78129406207979,0.834130307861193
