"","bcubed.precision","bcubed.recall","bcubed.f1"
"majority-vote",0.979547813871986,0.561881929171527,0.714129486417477
