"","bcubed.precision","bcubed.recall","bcubed.f1"
"majority-vote",0.937013912703577,0.151557679960713,0.26091376195605
