"","bcubed.precision","bcubed.recall","bcubed.f1"
"majority-vote",0.999891439545364,0.530922138751733,0.693571717848905
