"","bcubed.precision","bcubed.recall","bcubed.f1"
"majority-vote",0.702958530004133,0.543548486307448,0.613060399854414
