"","bcubed.precision","bcubed.recall","bcubed.f1"
"majority-vote",0.716980035808925,0.327326261136925,0.449458928127718
