"","bcubed.precision","bcubed.recall","bcubed.f1"
"majority-vote",0.90559197395649,0.788986917508983,0.843277611507253
