"","bcubed.precision","bcubed.recall","bcubed.f1"
"majority-vote",0.636125779805458,0.915319181966887,0.750601075444427
