"","bcubed.precision","bcubed.recall","bcubed.f1"
"majority-vote",0.883445716229406,0.438674595995411,0.586247997353076
