"","bcubed.precision","bcubed.recall","bcubed.f1"
"majority-vote",0.564002679360687,0.561997126654093,0.562998116931745
