"","bcubed.precision","bcubed.recall","bcubed.f1"
"majority-vote",0.532710053756608,0.391773153234516,0.451498731273241
