"","bcubed.precision","bcubed.recall","bcubed.f1"
"majority-vote",0.997313393482154,0.740214945185272,0.849743008456602
