"","bcubed.precision","bcubed.recall","bcubed.f1"
"majority-vote",0.758722143653891,0.873518080063465,0.812083295823678
