"","bcubed.precision","bcubed.recall","bcubed.f1"
"majority-vote",0.970807104073135,0.231720546859986,0.37413851211958
