"","bcubed.precision","bcubed.recall","bcubed.f1"
"majority-vote",0.397072223068288,0.155827903309781,0.223819561730306
