"","bcubed.precision","bcubed.recall","bcubed.f1"
"majority-vote",0.887952394080617,0.181581735491431,0.301506856663741
