"","bcubed.precision","bcubed.recall","bcubed.f1"
"majority-vote",0.774852740158131,0.400283757317299,0.527872237590147
