"","bcubed.precision","bcubed.recall","bcubed.f1"
"majority-vote",0.89101761919588,0.493574631770585,0.635253726125846
