"","bcubed.precision","bcubed.recall","bcubed.f1"
"majority-vote",0.541086317907744,0.0316456585849628,0.059794226913472
