"","bcubed.precision","bcubed.recall","bcubed.f1"
"majority-vote",0.690094498956623,0.241203466813106,0.357464939675704
