"","bcubed.precision","bcubed.recall","bcubed.f1"
"majority-vote",0.891824018335254,0.634645218642888,0.741569938517484
