"","bcubed.precision","bcubed.recall","bcubed.f1"
"majority-vote",0.973924941062986,0.627558423135548,0.763285856012301
