"","bcubed.precision","bcubed.recall","bcubed.f1"
"majority-vote",0.511294644085907,0.534116685506085,0.522456554441133
