"","bcubed.precision","bcubed.recall","bcubed.f1"
"majority-vote",0.820021788852584,0.71535450863158,0.764120541385237
