"","bcubed.precision","bcubed.recall","bcubed.f1"
"majority-vote",0.952748675427235,0.402852987420525,0.566269075460575
