"","bcubed.precision","bcubed.recall","bcubed.f1"
"majority-vote",0.867297476569253,0.803043424941293,0.833934600292989
