"","bcubed.precision","bcubed.recall","bcubed.f1"
"majority-vote",0.675510056554127,0.675837370149694,0.675673673712145
