"","bcubed.precision","bcubed.recall","bcubed.f1"
"majority-vote",0.797684256646344,0.600137054745458,0.684951469117177
