"","bcubed.precision","bcubed.recall","bcubed.f1"
"majority-vote",0.733840190349338,0.756031567512548,0.744770610605733
