"","bcubed.precision","bcubed.recall","bcubed.f1"
"majority-vote",0.676375185064967,0.265823842908522,0.381653229527619
