"","bcubed.precision","bcubed.recall","bcubed.f1"
"majority-vote",0.449377654655562,0.385090996971584,0.41475803485398
