"","bcubed.precision","bcubed.recall","bcubed.f1"
"majority-vote",0.503610023693426,0.963663315191784,0.6615134237564
