"","bcubed.precision","bcubed.recall","bcubed.f1"
"majority-vote",0.931622254160543,0.103766909140534,0.186734737482792
