"","bcubed.precision","bcubed.recall","bcubed.f1"
"majority-vote",0.927879341575265,0.311456565267812,0.466369304906427
