"","bcubed.precision","bcubed.recall","bcubed.f1"
"majority-vote",0.249952415990395,0.855863003308758,0.386909102008004
