"","bcubed.precision","bcubed.recall","bcubed.f1"
"majority-vote",0.633814454547862,0.423385973925732,0.507658042693757
