"","bcubed.precision","bcubed.recall","bcubed.f1"
"majority-vote",0.775629325791028,0.646428781362791,0.70515982059811
