"","bcubed.precision","bcubed.recall","bcubed.f1"
"majority-vote",0.894880217841188,0.397126766308949,0.550122238509234
