"","bcubed.precision","bcubed.recall","bcubed.f1"
"majority-vote",0.618917895555533,0.269874380827157,0.375858540368274
