"","bcubed.precision","bcubed.recall","bcubed.f1"
"majority-vote",0.812013050105071,0.556849515706049,0.660649337620052
