"","bcubed.precision","bcubed.recall","bcubed.f1"
"majority-vote",0.958700540611662,0.679294864189825,0.795167497569917
