"","bcubed.precision","bcubed.recall","bcubed.f1"
"majority-vote",0.613479540874457,0.803197142587507,0.695635101528074
