"","bcubed.precision","bcubed.recall","bcubed.f1"
"majority-vote",0.905676407424256,0.627536907964053,0.741378080436338
