"","bcubed.precision","bcubed.recall","bcubed.f1"
"majority-vote",0.772555401063411,0.309654514219631,0.44210511111696
