"","bcubed.precision","bcubed.recall","bcubed.f1"
"majority-vote",0.58907337614989,0.522458121128039,0.55376958739095
