"","bcubed.precision","bcubed.recall","bcubed.f1"
"majority-vote",0.808379954439198,0.112436819117026,0.197415323711107
