"","bcubed.precision","bcubed.recall","bcubed.f1"
"majority-vote",0.924494680131261,0.608027022243288,0.733585366613738
