"","bcubed.precision","bcubed.recall","bcubed.f1"
"majority-vote",0.581330981209932,0.984969824488997,0.731141135149778
