"","bcubed.precision","bcubed.recall","bcubed.f1"
"majority-vote",0.939659535805592,0.618998276668116,0.746344231124475
