"","bcubed.precision","bcubed.recall","bcubed.f1"
"majority-vote",0.970335076484555,0.442292148022963,0.607621852155655
