"","bcubed.precision","bcubed.recall","bcubed.f1"
"majority-vote",0.643923793595234,0.253484140862068,0.363768723972425
