"","bcubed.precision","bcubed.recall","bcubed.f1"
"majority-vote",0.732956793831334,0.404366963231732,0.521194622131169
