"","bcubed.precision","bcubed.recall","bcubed.f1"
"majority-vote",0.585888965011106,0.899087736468517,0.709459728019774
