"","bcubed.precision","bcubed.recall","bcubed.f1"
"majority-vote",0.81800143489475,0.292772449407125,0.431209784632626
