"","bcubed.precision","bcubed.recall","bcubed.f1"
"majority-vote",0.923298382586316,0.446959150185834,0.602334452581121
