"","bcubed.precision","bcubed.recall","bcubed.f1"
"majority-vote",0.695488087886749,0.402204322956794,0.509666119123558
