"","bcubed.precision","bcubed.recall","bcubed.f1"
"majority-vote",0.705767020432288,0.709408239252114,0.707582945449084
