"","bcubed.precision","bcubed.recall","bcubed.f1"
"majority-vote",0.763495788467175,0.69327677881859,0.72669394352516
