"","bcubed.precision","bcubed.recall","bcubed.f1"
"majority-vote",0.619792070322517,0.356700499291401,0.452804553399322
