"","bcubed.precision","bcubed.recall","bcubed.f1"
"majority-vote",0.970525435923477,0.506863103168331,0.665936578143986
