"","bcubed.precision","bcubed.recall","bcubed.f1"
"majority-vote",0.996824799909455,0.87193677673806,0.930207698902784
