"","bcubed.precision","bcubed.recall","bcubed.f1"
"majority-vote",0.717880583933015,0.392769606457241,0.507741639760742
