"","bcubed.precision","bcubed.recall","bcubed.f1"
"majority-vote",0.605939358817671,0.587397251184073,0.596524251029589
