"","bcubed.precision","bcubed.recall","bcubed.f1"
"majority-vote",0.94494900427399,0.274924103506974,0.425928330090676
