"","bcubed.precision","bcubed.recall","bcubed.f1"
"majority-vote",0.456756430712253,0.181155304969045,0.259421000975563
