"","bcubed.precision","bcubed.recall","bcubed.f1"
"majority-vote",0.889400911344114,0.757771065898837,0.818326545026233
