"","bcubed.precision","bcubed.recall","bcubed.f1"
"majority-vote",0.853438950126314,0.996547107127889,0.919457866748426
