"","bcubed.precision","bcubed.recall","bcubed.f1"
"majority-vote",0.77006788243609,0.846859007080026,0.806639961933227
