"","bcubed.precision","bcubed.recall","bcubed.f1"
"majority-vote",0.928475323521488,0.774654782527626,0.844618796027629
