"","bcubed.precision","bcubed.recall","bcubed.f1"
"majority-vote",0.733103280295812,0.830542282450586,0.77878681229967
