"","bcubed.precision","bcubed.recall","bcubed.f1"
"majority-vote",0.618935257732609,0.183059947105335,0.282550955064757
