"","bcubed.precision","bcubed.recall","bcubed.f1"
"majority-vote",0.987415472314858,0.632589330219251,0.771144000687775
