"","bcubed.precision","bcubed.recall","bcubed.f1"
"majority-vote",0.901622017199489,0.181698650550258,0.302446927689175
