"","bcubed.precision","bcubed.recall","bcubed.f1"
"majority-vote",0.900739902478093,0.793052111547714,0.843472723569766
