"","bcubed.precision","bcubed.recall","bcubed.f1"
"majority-vote",0.822033789079127,0.0830381597515792,0.150839219328223
