"","bcubed.precision","bcubed.recall","bcubed.f1"
"majority-vote",0.937594819246656,0.105098557544886,0.18901024070489
