"","bcubed.precision","bcubed.recall","bcubed.f1"
"majority-vote",0.376110194414732,0.835683897162354,0.518750231934102
