"","bcubed.precision","bcubed.recall","bcubed.f1"
"majority-vote",0.426297960671113,0.437144551195927,0.43165312833707
