"","bcubed.precision","bcubed.recall","bcubed.f1"
"majority-vote",0.857738282756697,0.648151698596352,0.738360081817335
