"","bcubed.precision","bcubed.recall","bcubed.f1"
"majority-vote",0.0712341961697646,0.995726965524381,0.132956685847991
