"","bcubed.precision","bcubed.recall","bcubed.f1"
"majority-vote",0.90932224973747,0.717768772067695,0.80226994785305
