"","bcubed.precision","bcubed.recall","bcubed.f1"
"majority-vote",0.517966837263641,0.64871661657222,0.576015187429848
