"","bcubed.precision","bcubed.recall","bcubed.f1"
"majority-vote",0.0402029598168731,0.379079795941979,0.0726961917432593
