"","bcubed.precision","bcubed.recall","bcubed.f1"
"majority-vote",0.792852798529183,0.574013390669624,0.665914669309949
