"","bcubed.precision","bcubed.recall","bcubed.f1"
"majority-vote",0.399132359899172,0.705624926086784,0.509863561028874
