"","bcubed.precision","bcubed.recall","bcubed.f1"
"majority-vote",0.559852212849729,0.395901280594793,0.463814591380099
