"","bcubed.precision","bcubed.recall","bcubed.f1"
"majority-vote",0.513290500346388,0.655562291557488,0.575767793810326
