"","bcubed.precision","bcubed.recall","bcubed.f1"
"majority-vote",0.7310814849856,0.578815188713791,0.646098392634303
