"","bcubed.precision","bcubed.recall","bcubed.f1"
"majority-vote",0.926538565141296,0.2021195369435,0.331848139663793
