"","bcubed.precision","bcubed.recall","bcubed.f1"
"majority-vote",0.864438539798881,0.256771845264429,0.395935467489117
