"","bcubed.precision","bcubed.recall","bcubed.f1"
"majority-vote",0.938656396527308,0.919823271440604,0.929144410125777
