"","bcubed.precision","bcubed.recall","bcubed.f1"
"majority-vote",0.759439603554961,0.454286380640942,0.568502402200675
