"","bcubed.precision","bcubed.recall","bcubed.f1"
"majority-vote",0.692533902441036,0.36074357934636,0.474380518154304
