"","bcubed.precision","bcubed.recall","bcubed.f1"
"majority-vote",0.76423624226478,0.19485087077439,0.310528825292554
