"","bcubed.precision","bcubed.recall","bcubed.f1"
"majority-vote",0.50691828205775,0.640618503872455,0.565979645130404
