"","bcubed.precision","bcubed.recall","bcubed.f1"
"majority-vote",0.62880713261124,0.77377837104719,0.693800638186647
