"","bcubed.precision","bcubed.recall","bcubed.f1"
"majority-vote",0.886594872765444,0.0297172086851364,0.057506880868434
