"","bcubed.precision","bcubed.recall","bcubed.f1"
"majority-vote",0.706559812523739,0.203829620795583,0.316387280838742
