"","bcubed.precision","bcubed.recall","bcubed.f1"
"majority-vote",0.998911132716882,0.0773692200427738,0.143614951312983
