"","bcubed.precision","bcubed.recall","bcubed.f1"
"majority-vote",0.432597771336197,0.765302203067231,0.552747365422464
