"","bcubed.precision","bcubed.recall","bcubed.f1"
"majority-vote",0.675850835980926,0.715152511472285,0.694946455186242
