"","bcubed.precision","bcubed.recall","bcubed.f1"
"majority-vote",0.938947560636601,0.239583933552111,0.381757723210162
