"","bcubed.precision","bcubed.recall","bcubed.f1"
"majority-vote",0.38277049305989,0.54869958803629,0.450956001951763
