"","bcubed.precision","bcubed.recall","bcubed.f1"
"majority-vote",0.991610747049718,0.30379715188217,0.465102182838079
