"","bcubed.precision","bcubed.recall","bcubed.f1"
"majority-vote",0.582079648164602,0.444348629364768,0.503973437804409
