"","bcubed.precision","bcubed.recall","bcubed.f1"
"majority-vote",0.744952765231896,0.699438888451096,0.721478738448491
