"","bcubed.precision","bcubed.recall","bcubed.f1"
"majority-vote",0.787908911969263,0.0398043696241789,0.0757803898031777
