"","bcubed.precision","bcubed.recall","bcubed.f1"
"majority-vote",0.726285367910768,0.482309370227747,0.579671956775512
