"","bcubed.precision","bcubed.recall","bcubed.f1"
"majority-vote",0.984758861948343,0.807860237642877,0.887581225053253
