"","bcubed.precision","bcubed.recall","bcubed.f1"
"majority-vote",0.828470659027081,0.503370865471845,0.626242664733536
