"","bcubed.precision","bcubed.recall","bcubed.f1"
"majority-vote",0.901860312492112,0.15588266026261,0.265819557903391
