"","bcubed.precision","bcubed.recall","bcubed.f1"
"majority-vote",0.739346452211858,0.408707398102132,0.526414966853526
