"","bcubed.precision","bcubed.recall","bcubed.f1"
"majority-vote",0.704197026595773,0.233995895642654,0.351269360578902
