"","bcubed.precision","bcubed.recall","bcubed.f1"
"majority-vote",0.811845766532536,0.20600736031446,0.328625415464244
