"","bcubed.precision","bcubed.recall","bcubed.f1"
"majority-vote",0.950610415288908,0.837281354664353,0.890354091502918
