"","bcubed.precision","bcubed.recall","bcubed.f1"
"majority-vote",0.846594134024171,0.325397070734369,0.470104639341761
