"","bcubed.precision","bcubed.recall","bcubed.f1"
"majority-vote",0.898492084456334,0.729578237675734,0.80527267481272
