"","bcubed.precision","bcubed.recall","bcubed.f1"
"majority-vote",0.488260484992986,0.808751777128568,0.608909486011823
