"","bcubed.precision","bcubed.recall","bcubed.f1"
"majority-vote",0.975975034078861,0.748850862115475,0.847459152005669
