"","bcubed.precision","bcubed.recall","bcubed.f1"
"majority-vote",0.626828704954967,0.354775770850634,0.453102328836048
