"","bcubed.precision","bcubed.recall","bcubed.f1"
"majority-vote",0.467982092620242,0.210327701073514,0.290220187293438
