"","bcubed.precision","bcubed.recall","bcubed.f1"
"majority-vote",0.825776100025446,0.668417660382193,0.73881091382413
