"","bcubed.precision","bcubed.recall","bcubed.f1"
"majority-vote",0.643646712407884,0.258522257065255,0.368882119591172
