"","bcubed.precision","bcubed.recall","bcubed.f1"
"majority-vote",0.687506329749727,0.817163837166925,0.746748786341766
