"","bcubed.precision","bcubed.recall","bcubed.f1"
"majority-vote",0.848619246839458,0.689205199623514,0.760649629114122
