"","bcubed.precision","bcubed.recall","bcubed.f1"
"majority-vote",0.985064471159419,0.98477812912515,0.98492127933053
