"","bcubed.precision","bcubed.recall","bcubed.f1"
"majority-vote",0.897409652873064,0.903285698235309,0.900338088171991
