"","bcubed.precision","bcubed.recall","bcubed.f1"
"majority-vote",0.629561405181629,0.163639714115381,0.259760723619008
