"","bcubed.precision","bcubed.recall","bcubed.f1"
"majority-vote",0.704890676618491,0.155897846405474,0.255326216595154
