"","bcubed.precision","bcubed.recall","bcubed.f1"
"majority-vote",0.66753466138073,0.975743057556453,0.792735523660372
