"","bcubed.precision","bcubed.recall","bcubed.f1"
"majority-vote",0.54790160919802,0.614693649297955,0.579379000822441
