"","bcubed.precision","bcubed.recall","bcubed.f1"
"majority-vote",0.860516097896774,0.621118681222917,0.721476886786224
