"","bcubed.precision","bcubed.recall","bcubed.f1"
"majority-vote",0.930463115238609,0.134568682707811,0.23513137535855
