"","bcubed.precision","bcubed.recall","bcubed.f1"
"majority-vote",0.931429450086529,0.0566411480865982,0.106788388425107
