"","bcubed.precision","bcubed.recall","bcubed.f1"
"majority-vote",0.190706975459898,0.989947836251198,0.319805511046751
