"","bcubed.precision","bcubed.recall","bcubed.f1"
"majority-vote",0.517002217008155,0.74637604988427,0.610867042158504
