"","bcubed.precision","bcubed.recall","bcubed.f1"
"majority-vote",0.917369198482162,0.203650478293682,0.333308468911275
