"","bcubed.precision","bcubed.recall","bcubed.f1"
"majority-vote",0.599707415067156,0.334895672283824,0.4297854793349
