"","bcubed.precision","bcubed.recall","bcubed.f1"
"majority-vote",0.790133578432711,0.162089180237911,0.26899609957948
