"","bcubed.precision","bcubed.recall","bcubed.f1"
"majority-vote",0.487885105592042,0.735614945946183,0.586670307249799
