"","bcubed.precision","bcubed.recall","bcubed.f1"
"majority-vote",0.961227971997403,0.301146210115174,0.458612295665435
