"","bcubed.precision","bcubed.recall","bcubed.f1"
"majority-vote",0.690922445357693,0.750801305324198,0.719618406240435
