"","bcubed.precision","bcubed.recall","bcubed.f1"
"majority-vote",0.733873398754357,0.228427557722098,0.348408482868997
