"","bcubed.precision","bcubed.recall","bcubed.f1"
"majority-vote",0.882237076053536,0.786180574307016,0.831443674761918
