"","bcubed.precision","bcubed.recall","bcubed.f1"
"majority-vote",0.954481612827678,0.807088224616936,0.874618597516514
