"","bcubed.precision","bcubed.recall","bcubed.f1"
"majority-vote",0.91020939699709,0.574491641884304,0.704394591564846
