"","bcubed.precision","bcubed.recall","bcubed.f1"
"majority-vote",0.936655231271926,0.297768224769599,0.45188085834237
