"","bcubed.precision","bcubed.recall","bcubed.f1"
"majority-vote",0.883564713848528,0.758583661836628,0.816318142775857
