"","bcubed.precision","bcubed.recall","bcubed.f1"
"majority-vote",0.970336370679885,0.291718709970673,0.448578320601424
