"","bcubed.precision","bcubed.recall","bcubed.f1"
"majority-vote",0.922242736205747,0.193698358349185,0.320154719409735
