"","bcubed.precision","bcubed.recall","bcubed.f1"
"majority-vote",0.389935362533821,0.874332364578776,0.539336882917544
