"","bcubed.precision","bcubed.recall","bcubed.f1"
"majority-vote",0.818160462545236,0.294779695942174,0.433405319309846
