"","bcubed.precision","bcubed.recall","bcubed.f1"
"majority-vote",0.526576735736673,0.306175037697106,0.387209387137776
