"","bcubed.precision","bcubed.recall","bcubed.f1"
"majority-vote",0.97196887142466,0.346406381801923,0.510774484199832
