"","bcubed.precision","bcubed.recall","bcubed.f1"
"majority-vote",0.583182200053976,0.650211960652619,0.614875688235089
