"","bcubed.precision","bcubed.recall","bcubed.f1"
"majority-vote",0.5395711659802,0.116750633195272,0.191964598345628
