"","bcubed.precision","bcubed.recall","bcubed.f1"
"majority-vote",0.865725465834037,0.489071914225031,0.625041082896616
