"","bcubed.precision","bcubed.recall","bcubed.f1"
"majority-vote",0.744675602246302,0.659347665188557,0.699418778950915
