"","bcubed.precision","bcubed.recall","bcubed.f1"
"majority-vote",0.929912682767608,0.49261479086038,0.64404906088974
