"","bcubed.precision","bcubed.recall","bcubed.f1"
"majority-vote",0.764341613016231,0.600811363427336,0.672781929299796
