"","bcubed.precision","bcubed.recall","bcubed.f1"
"majority-vote",0.251336251385263,0.74482796490477,0.375846201991209
