"","bcubed.precision","bcubed.recall","bcubed.f1"
"majority-vote",0.593101403735326,0.874205715281566,0.706726806088607
