"","bcubed.precision","bcubed.recall","bcubed.f1"
"majority-vote",0.79499947090795,0.793223323628205,0.79411040411423
