"","bcubed.precision","bcubed.recall","bcubed.f1"
"majority-vote",0.798029845733623,0.633566179999862,0.706351109948467
