"","bcubed.precision","bcubed.recall","bcubed.f1"
"majority-vote",0.838801354674815,0.232941980583786,0.364624705274548
