"","bcubed.precision","bcubed.recall","bcubed.f1"
"majority-vote",0.438633271149408,0.813161953051417,0.569869385256518
