"","bcubed.precision","bcubed.recall","bcubed.f1"
"majority-vote",0.483040196509986,0.687437872883211,0.567392305569742
