"","bcubed.precision","bcubed.recall","bcubed.f1"
"majority-vote",0.916234733885805,0.176938603330831,0.296599429601387
