"","bcubed.precision","bcubed.recall","bcubed.f1"
"majority-vote",0.824334976782916,0.879811960373288,0.851170466717997
