"","bcubed.precision","bcubed.recall","bcubed.f1"
"majority-vote",0.917365733214578,0.79044035835482,0.849186453291319
