"","bcubed.precision","bcubed.recall","bcubed.f1"
"majority-vote",0.90331661394462,0.193015203027102,0.318067645103785
