"","bcubed.precision","bcubed.recall","bcubed.f1"
"majority-vote",0.744610217967441,0.251232726582078,0.375702727673507
