"","bcubed.precision","bcubed.recall","bcubed.f1"
"majority-vote",0.72461758292085,0.1980307961774,0.311053701758422
