"","bcubed.precision","bcubed.recall","bcubed.f1"
"majority-vote",0.646212728037443,0.743166677482211,0.691306872887873
