"","bcubed.precision","bcubed.recall","bcubed.f1"
"majority-vote",0.895928432929767,0.647731504432791,0.751876832040128
