"","bcubed.precision","bcubed.recall","bcubed.f1"
"majority-vote",0.998734966536525,0.387787001837852,0.558658928077297
