"","bcubed.precision","bcubed.recall","bcubed.f1"
"majority-vote",0.874398286972026,0.594088152348118,0.707489900913305
