"","bcubed.precision","bcubed.recall","bcubed.f1"
"majority-vote",0.982379276184038,0.0875612016168274,0.160790832108612
