"","bcubed.precision","bcubed.recall","bcubed.f1"
"majority-vote",0.913686057804204,0.0469851309327876,0.0893743032178019
