"","bcubed.precision","bcubed.recall","bcubed.f1"
"majority-vote",0.706926244140377,0.576547409918803,0.635114704183821
