"","bcubed.precision","bcubed.recall","bcubed.f1"
"majority-vote",0.847665694173224,0.606436519157285,0.707041675985142
