"","bcubed.precision","bcubed.recall","bcubed.f1"
"majority-vote",0.432358303121111,0.956144752978942,0.595457274825531
