"","bcubed.precision","bcubed.recall","bcubed.f1"
"majority-vote",0.476267179076933,0.854207947524132,0.611557783198455
