"","bcubed.precision","bcubed.recall","bcubed.f1"
"majority-vote",0.990991622991239,0.446390830509877,0.615521043182188
