"","bcubed.precision","bcubed.recall","bcubed.f1"
"majority-vote",0.861080837522242,0.519650011759084,0.648150459703076
