"","bcubed.precision","bcubed.recall","bcubed.f1"
"majority-vote",0.901076984445575,0.214006765669364,0.345869215725589
