"","bcubed.precision","bcubed.recall","bcubed.f1"
"majority-vote",0.967999732568294,0.274162735206248,0.427302323560478
