"","bcubed.precision","bcubed.recall","bcubed.f1"
"majority-vote",0.132946868211569,0.378812778388999,0.196818849863902
