"","bcubed.precision","bcubed.recall","bcubed.f1"
"majority-vote",0.966310884938454,0.180957426691997,0.304830403403061
