"","bcubed.precision","bcubed.recall","bcubed.f1"
"majority-vote",0.0294157430153904,0.747551808231821,0.0566041447840106
