"","bcubed.precision","bcubed.recall","bcubed.f1"
"majority-vote",0.717881384549379,0.755895064566226,0.736397973858895
