"","bcubed.precision","bcubed.recall","bcubed.f1"
"majority-vote",0.873899688176973,0.470552599022469,0.611722369728987
