"","bcubed.precision","bcubed.recall","bcubed.f1"
"majority-vote",0.922785617143665,0.0529504392140833,0.1001539369378
