"","bcubed.precision","bcubed.recall","bcubed.f1"
"majority-vote",0.68542453337996,0.173203712056007,0.276529625356983
