"","bcubed.precision","bcubed.recall","bcubed.f1"
"majority-vote",0.692454112908849,0.410947212261,0.515790729678074
