"","bcubed.precision","bcubed.recall","bcubed.f1"
"majority-vote",0.838417221797947,0.501511162485733,0.627609058041906
