"","bcubed.precision","bcubed.recall","bcubed.f1"
"majority-vote",0.997970179332054,0.428405310488144,0.599471496230702
