"","bcubed.precision","bcubed.recall","bcubed.f1"
"majority-vote",0.856241482103267,0.498965795022977,0.630509028486437
