"","bcubed.precision","bcubed.recall","bcubed.f1"
"majority-vote",0.950111137024077,0.058974272208741,0.111055243313872
