"","bcubed.precision","bcubed.recall","bcubed.f1"
"majority-vote",0.768280708023099,0.231551908953991,0.355853292910424
