"","bcubed.precision","bcubed.recall","bcubed.f1"
"majority-vote",0.894029027723573,0.479000343362196,0.623788857359572
