"","bcubed.precision","bcubed.recall","bcubed.f1"
"majority-vote",0.52862089651105,0.150144783257037,0.233864711483086
