"","bcubed.precision","bcubed.recall","bcubed.f1"
"majority-vote",0.9841222305877,0.253762113149435,0.403483472579246
