"","bcubed.precision","bcubed.recall","bcubed.f1"
"majority-vote",0.983568641319059,0.624691627655726,0.764089130733064
