"","bcubed.precision","bcubed.recall","bcubed.f1"
"majority-vote",0.970642363130816,0.416245530503446,0.582636198967429
