"","bcubed.precision","bcubed.recall","bcubed.f1"
"majority-vote",0.91700266457221,0.480334670378452,0.630439281347917
