"","bcubed.precision","bcubed.recall","bcubed.f1"
"majority-vote",0.343754929462137,0.939995536187593,0.503412630231606
