"","bcubed.precision","bcubed.recall","bcubed.f1"
"majority-vote",0.921864703513111,0.105955212904584,0.190065145400934
