"","bcubed.precision","bcubed.recall","bcubed.f1"
"majority-vote",0.911963059116611,0.183999332554457,0.306215971400119
