"","bcubed.precision","bcubed.recall","bcubed.f1"
"majority-vote",0.905287766870995,0.224225033420411,0.359426081279236
