"","bcubed.precision","bcubed.recall","bcubed.f1"
"majority-vote",0.820749200059615,0.302467753828314,0.442034223467014
