"","bcubed.precision","bcubed.recall","bcubed.f1"
"majority-vote",0.963612732144888,0.763664867985772,0.852065921340229
