"","bcubed.precision","bcubed.recall","bcubed.f1"
"majority-vote",0.80895010861555,0.273021112645362,0.408255699206892
