"","bcubed.precision","bcubed.recall","bcubed.f1"
"majority-vote",0.984199640750733,0.243947478381195,0.390984136744986
