"","bcubed.precision","bcubed.recall","bcubed.f1"
"majority-vote",0.462507378345469,0.949136571597426,0.62194531055666
