"","bcubed.precision","bcubed.recall","bcubed.f1"
"majority-vote",0.680957195109898,0.373241867036939,0.482189263871027
