"","bcubed.precision","bcubed.recall","bcubed.f1"
"majority-vote",0.655962608126913,0.485128599378924,0.557757730902378
