"","bcubed.precision","bcubed.recall","bcubed.f1"
"majority-vote",0.863614420713108,0.306098406483549,0.4519929881081
