"","bcubed.precision","bcubed.recall","bcubed.f1"
"majority-vote",0.709077082139138,0.713174337280613,0.711119807975673
