"","bcubed.precision","bcubed.recall","bcubed.f1"
"majority-vote",0.893045274619052,0.222019463769353,0.355626765275064
