"","bcubed.precision","bcubed.recall","bcubed.f1"
"majority-vote",0.397924910722957,0.652354962389023,0.494322126537891
