"","bcubed.precision","bcubed.recall","bcubed.f1"
"majority-vote",0.963570437469151,0.362447115776772,0.52675520780785
