"","bcubed.precision","bcubed.recall","bcubed.f1"
"majority-vote",0.752312764832946,0.854157301829863,0.800006741086388
