"","bcubed.precision","bcubed.recall","bcubed.f1"
"majority-vote",0.915357285720717,0.928083386825555,0.921676409269749
