"","bcubed.precision","bcubed.recall","bcubed.f1"
"majority-vote",0.74897749075764,0.210870229214656,0.329087733119249
