"","bcubed.precision","bcubed.recall","bcubed.f1"
"majority-vote",0.998869904588916,0.0377557337683321,0.0727612067296015
