"","bcubed.precision","bcubed.recall","bcubed.f1"
"majority-vote",0.971322145788542,0.338761476588888,0.502329040269487
