"","bcubed.precision","bcubed.recall","bcubed.f1"
"majority-vote",0.918472379234549,0.653157760125875,0.763420536338727
