"","bcubed.precision","bcubed.recall","bcubed.f1"
"majority-vote",0.897466800626229,0.709466596483995,0.79246933026932
