"","bcubed.precision","bcubed.recall","bcubed.f1"
"majority-vote",0.874318796388492,0.571981161672977,0.69154932632523
