"","bcubed.precision","bcubed.recall","bcubed.f1"
"majority-vote",0.923923712220242,0.868731576566678,0.895478018741207
