"","bcubed.precision","bcubed.recall","bcubed.f1"
"majority-vote",0.917112922392011,0.711317377410284,0.801211275452401
