"","bcubed.precision","bcubed.recall","bcubed.f1"
"majority-vote",0.92519533013886,0.61276215703645,0.737243637621194
