"","bcubed.precision","bcubed.recall","bcubed.f1"
"majority-vote",0.92285250451526,0.427628570423583,0.584440766392162
