"","bcubed.precision","bcubed.recall","bcubed.f1"
"majority-vote",0.955950187265582,0.0891157470889909,0.163033187318743
