"","bcubed.precision","bcubed.recall","bcubed.f1"
"majority-vote",0.500553249531021,0.618388377159953,0.553266237086943
