"","bcubed.precision","bcubed.recall","bcubed.f1"
"majority-vote",0.563130134944431,0.793373536658174,0.658711887203122
