"","bcubed.precision","bcubed.recall","bcubed.f1"
"majority-vote",0.855706838485052,0.869665327379074,0.86262961992192
