"","bcubed.precision","bcubed.recall","bcubed.f1"
"majority-vote",0.955441141202647,0.732445807623528,0.829212950300485
