"","bcubed.precision","bcubed.recall","bcubed.f1"
"majority-vote",0.90054108739222,0.422062915889098,0.574752528012507
