"","bcubed.precision","bcubed.recall","bcubed.f1"
"majority-vote",0.765677782075079,0.672640389221578,0.716150030822451
