"","bcubed.precision","bcubed.recall","bcubed.f1"
"majority-vote",0.268204904180037,0.877197914989087,0.410805314600571
