"","bcubed.precision","bcubed.recall","bcubed.f1"
"majority-vote",0.887478678408704,0.792134266705978,0.837100326218871
