"","bcubed.precision","bcubed.recall","bcubed.f1"
"majority-vote",0.893444898227783,0.693662060056019,0.780979284876152
