"","bcubed.precision","bcubed.recall","bcubed.f1"
"majority-vote",0.929724049994363,0.230779027593208,0.369772069254212
