"","bcubed.precision","bcubed.recall","bcubed.f1"
"majority-vote",0.600359830858907,0.366400611990602,0.455070769740875
