"","bcubed.precision","bcubed.recall","bcubed.f1"
"majority-vote",0.955168704404637,0.385662333104587,0.549469069172921
