"","bcubed.precision","bcubed.recall","bcubed.f1"
"majority-vote",0.724533996123295,0.184765730886687,0.294444283594299
