"","bcubed.precision","bcubed.recall","bcubed.f1"
"majority-vote",0.863395770453894,0.721847479455064,0.786302115729053
