"","bcubed.precision","bcubed.recall","bcubed.f1"
"majority-vote",0.978857909475678,0.145827105252334,0.253838209850622
