"","bcubed.precision","bcubed.recall","bcubed.f1"
"majority-vote",0.869217537607741,0.22596003619262,0.358678685458379
