"","bcubed.precision","bcubed.recall","bcubed.f1"
"majority-vote",0.54065469904963,0.217600834992581,0.310309410677675
