"","bcubed.precision","bcubed.recall","bcubed.f1"
"majority-vote",0.934749230141188,0.514676684490554,0.663840255293623
