"","bcubed.precision","bcubed.recall","bcubed.f1"
"majority-vote",0.846803756197525,0.438462113852389,0.577765851583829
