"","bcubed.precision","bcubed.recall","bcubed.f1"
"majority-vote",0.845758449653058,0.471182872124028,0.605200685620444
