"","bcubed.precision","bcubed.recall","bcubed.f1"
"majority-vote",0.8441039336956,0.73151100801893,0.783784544132974
