"","bcubed.precision","bcubed.recall","bcubed.f1"
"majority-vote",0.395787250993021,0.805602859965991,0.530797346223426
