"","bcubed.precision","bcubed.recall","bcubed.f1"
"majority-vote",0.890162101305437,0.415500538507352,0.566551911915436
