"","bcubed.precision","bcubed.recall","bcubed.f1"
"majority-vote",0.973381765951262,0.758869447892152,0.852843603067024
