"","bcubed.precision","bcubed.recall","bcubed.f1"
"majority-vote",0.888644174845918,0.616681349528938,0.728095392154588
