"","bcubed.precision","bcubed.recall","bcubed.f1"
"majority-vote",0.473637434386813,0.278682307102337,0.350899665835374
