"","bcubed.precision","bcubed.recall","bcubed.f1"
"majority-vote",0.899678999021452,0.643797073062707,0.750527613277331
