"","bcubed.precision","bcubed.recall","bcubed.f1"
"majority-vote",0.493761927520653,0.440392148169733,0.465552485620839
