"","bcubed.precision","bcubed.recall","bcubed.f1"
"majority-vote",0.857525551601482,0.105364110194723,0.187669304799021
