"","bcubed.precision","bcubed.recall","bcubed.f1"
"majority-vote",0.750343589246877,0.969240153389629,0.845859515305153
