"","bcubed.precision","bcubed.recall","bcubed.f1"
"majority-vote",0.82691906821839,0.647817233463668,0.726492488807104
