"","bcubed.precision","bcubed.recall","bcubed.f1"
"majority-vote",0.49089422463413,0.626569045979164,0.550495276389497
