"","bcubed.precision","bcubed.recall","bcubed.f1"
"majority-vote",0.890509700264642,0.0676815242486121,0.125801723769078
