"","bcubed.precision","bcubed.recall","bcubed.f1"
"majority-vote",0.840055808618898,0.484469494568454,0.61453173001909
