"","bcubed.precision","bcubed.recall","bcubed.f1"
"majority-vote",0.921678728960887,0.527902712915372,0.671306471508178
