"","bcubed.precision","bcubed.recall","bcubed.f1"
"majority-vote",0.952604542770912,0.465130106651841,0.625060624365032
