"","bcubed.precision","bcubed.recall","bcubed.f1"
"majority-vote",0.919866565483488,0.319541791895816,0.474316328253851
