"","bcubed.precision","bcubed.recall","bcubed.f1"
"majority-vote",0.919944197447164,0.152026911634904,0.260932918862154
