"","bcubed.precision","bcubed.recall","bcubed.f1"
"majority-vote",0.640280207959896,0.496088263350767,0.559036095146742
