"","bcubed.precision","bcubed.recall","bcubed.f1"
"majority-vote",0.847143789303738,0.56260426234913,0.676158702437752
