"","bcubed.precision","bcubed.recall","bcubed.f1"
"majority-vote",0.996221596681333,0.794305179162569,0.883878403286802
