"","bcubed.precision","bcubed.recall","bcubed.f1"
"majority-vote",0.977609306575333,0.5652835662443,0.716351063576563
