"","bcubed.precision","bcubed.recall","bcubed.f1"
"majority-vote",0.840230201555866,0.634008968152485,0.722696145977964
