"","bcubed.precision","bcubed.recall","bcubed.f1"
"majority-vote",0.996928350377306,0.662796436534142,0.796229065590491
