"","bcubed.precision","bcubed.recall","bcubed.f1"
"majority-vote",0.901717913939611,0.582927209047184,0.708096364285624
