"","bcubed.precision","bcubed.recall","bcubed.f1"
"majority-vote",0.959705667318036,0.740051204898303,0.835685793722206
