"","bcubed.precision","bcubed.recall","bcubed.f1"
"majority-vote",0.836116871598989,0.720600403876764,0.77407267826237
