"","bcubed.precision","bcubed.recall","bcubed.f1"
"majority-vote",0.937006859551229,0.414768859654045,0.575008503411451
