"","bcubed.precision","bcubed.recall","bcubed.f1"
"majority-vote",0.970236151042822,0.93684905879971,0.953250353184769
