"","bcubed.precision","bcubed.recall","bcubed.f1"
"majority-vote",0.461209890094012,0.23195458848466,0.308670607245117
