"","bcubed.precision","bcubed.recall","bcubed.f1"
"majority-vote",0.552350702313054,0.235516996652828,0.33022797781556
