"","bcubed.precision","bcubed.recall","bcubed.f1"
"majority-vote",0.945337899274676,0.162202338096015,0.276894712046125
