"","bcubed.precision","bcubed.recall","bcubed.f1"
"majority-vote",0.988638535601918,0.269769742091715,0.423876364291034
