"","bcubed.precision","bcubed.recall","bcubed.f1"
"majority-vote",0.83042850019649,0.638739076773929,0.72207846382788
