"","bcubed.precision","bcubed.recall","bcubed.f1"
"majority-vote",0.730804857880033,0.425299281560177,0.537686477219191
