"","bcubed.precision","bcubed.recall","bcubed.f1"
"majority-vote",0.989951973847462,0.615885830277587,0.75935115212981
