"","bcubed.precision","bcubed.recall","bcubed.f1"
"majority-vote",0.915357285720717,0.246594645281771,0.38852244943324
