"","bcubed.precision","bcubed.recall","bcubed.f1"
"majority-vote",0.745150935015072,0.31857661994924,0.446331704243727
