"","bcubed.precision","bcubed.recall","bcubed.f1"
"majority-vote",0.671909411519305,0.168426983856998,0.269338984316276
