"","bcubed.precision","bcubed.recall","bcubed.f1"
"majority-vote",0.959598213393694,0.061956077870147,0.116397027826137
