"","bcubed.precision","bcubed.recall","bcubed.f1"
"majority-vote",0.554000601339214,0.71894909640048,0.625787857046334
