"","bcubed.precision","bcubed.recall","bcubed.f1"
"majority-vote",0.69132941603527,0.438929154099557,0.536947285873363
