"","bcubed.precision","bcubed.recall","bcubed.f1"
"majority-vote",0.761346927713902,0.150839803559616,0.25179366697595
