"","bcubed.precision","bcubed.recall","bcubed.f1"
"majority-vote",0.96972435153789,0.0837708028847065,0.154219195340683
