"","bcubed.precision","bcubed.recall","bcubed.f1"
"majority-vote",0.670343922803266,0.887082526503586,0.763632055858947
