"","bcubed.precision","bcubed.recall","bcubed.f1"
"majority-vote",0.930366778636786,0.687347548469052,0.790603524686725
