"","bcubed.precision","bcubed.recall","bcubed.f1"
"majority-vote",0.863561806417194,0.504950199345936,0.637269829510541
