"","bcubed.precision","bcubed.recall","bcubed.f1"
"majority-vote",0.720846949905648,0.906059355339406,0.802910555603889
