"","bcubed.precision","bcubed.recall","bcubed.f1"
"majority-vote",0.125193729652939,0.601853147523823,0.207272027725246
