"","bcubed.precision","bcubed.recall","bcubed.f1"
"majority-vote",0.186624015623343,0.454555329232937,0.264609088065543
