"","bcubed.precision","bcubed.recall","bcubed.f1"
"majority-vote",0.80824097787379,0.342639296605059,0.481257914115288
