"","bcubed.precision","bcubed.recall","bcubed.f1"
"majority-vote",0.999917512243616,0.200351167943833,0.333816327514625
