"","bcubed.precision","bcubed.recall","bcubed.f1"
"majority-vote",0.942900650638221,0.534173280997589,0.681986626963729
