"","bcubed.precision","bcubed.recall","bcubed.f1"
"majority-vote",0.731703239150166,0.50532429541996,0.597799828131634
