"","bcubed.precision","bcubed.recall","bcubed.f1"
"majority-vote",0.858821472884601,0.27974869068283,0.422027891222776
