"","bcubed.precision","bcubed.recall","bcubed.f1"
"majority-vote",0.713237683085504,0.160451865044289,0.261970208332939
