"","bcubed.precision","bcubed.recall","bcubed.f1"
"majority-vote",0.979442288296854,0.615696754129056,0.756096392505066
