"","bcubed.precision","bcubed.recall","bcubed.f1"
"majority-vote",0.646797024317206,0.174818127128256,0.275242841430897
