"","bcubed.precision","bcubed.recall","bcubed.f1"
"majority-vote",0.111715412390497,0.996426936669209,0.200906041072171
