"","bcubed.precision","bcubed.recall","bcubed.f1"
"majority-vote",0.8594327947562,0.244129143890312,0.380246155775213
