"","bcubed.precision","bcubed.recall","bcubed.f1"
"majority-vote",0.692575740823708,0.282904204894034,0.401715258518131
