"","bcubed.precision","bcubed.recall","bcubed.f1"
"majority-vote",0.807105801259656,0.208466076443753,0.331348638845885
