"","bcubed.precision","bcubed.recall","bcubed.f1"
"majority-vote",0.978182395355033,0.922819106082016,0.949694572028815
