"","bcubed.precision","bcubed.recall","bcubed.f1"
"majority-vote",0.937281841741863,0.0387480152568288,0.0744194674852268
