"","bcubed.precision","bcubed.recall","bcubed.f1"
"majority-vote",0.693364484140388,0.196225968493934,0.305884841764758
