"","bcubed.precision","bcubed.recall","bcubed.f1"
"majority-vote",0.896800506857845,0.14385785449717,0.247942651727818
