"","bcubed.precision","bcubed.recall","bcubed.f1"
"majority-vote",0.896681206823562,0.211877242690893,0.342762876883456
