"","bcubed.precision","bcubed.recall","bcubed.f1"
"majority-vote",0.956322350331906,0.625112175425306,0.756033506398351
