"","bcubed.precision","bcubed.recall","bcubed.f1"
"majority-vote",0.877064760079308,0.468018343031919,0.6103450333954
