"","bcubed.precision","bcubed.recall","bcubed.f1"
"majority-vote",0.934507781669447,0.379821253237813,0.540117287782847
