"","bcubed.precision","bcubed.recall","bcubed.f1"
"majority-vote",0.519167437971056,0.189818494784267,0.277995872876309
