"","bcubed.precision","bcubed.recall","bcubed.f1"
"majority-vote",0.661810618970923,0.609807665484326,0.63474580930595
