"","bcubed.precision","bcubed.recall","bcubed.f1"
"majority-vote",0.914259803617125,0.372645763044651,0.52947947536464
