"","bcubed.precision","bcubed.recall","bcubed.f1"
"majority-vote",0.491450355596117,0.518016152315624,0.504383692306321
