"","bcubed.precision","bcubed.recall","bcubed.f1"
"majority-vote",0.0631295537861798,0.747551808231821,0.116427031129103
