"","bcubed.precision","bcubed.recall","bcubed.f1"
"majority-vote",0.92404087052192,0.0320037379291782,0.0618648159188817
