"","bcubed.precision","bcubed.recall","bcubed.f1"
"majority-vote",0.823295264808509,0.0860245251437386,0.15577266653783
