"","bcubed.precision","bcubed.recall","bcubed.f1"
"majority-vote",0.597280266051596,0.365464605775449,0.45346343222946
