"","bcubed.precision","bcubed.recall","bcubed.f1"
"majority-vote",0.969107331764187,0.0391610804595512,0.0752801332126564
