"","bcubed.precision","bcubed.recall","bcubed.f1"
"majority-vote",0.650239512770939,0.861179744399889,0.740989761444458
