"","bcubed.precision","bcubed.recall","bcubed.f1"
"majority-vote",0.742644282409858,0.262699365458391,0.388110437986153
