"","bcubed.precision","bcubed.recall","bcubed.f1"
"majority-vote",0.493188333100172,0.296388957827979,0.37026286784071
