"","bcubed.precision","bcubed.recall","bcubed.f1"
"majority-vote",0.851030023219269,0.479826891430607,0.61366039588538
