"","bcubed.precision","bcubed.recall","bcubed.f1"
"majority-vote",0.901862385897287,0.438272471638796,0.589883107244859
