"","bcubed.precision","bcubed.recall","bcubed.f1"
"majority-vote",0.990772067914696,0.399092005670165,0.568989758439009
