"","bcubed.precision","bcubed.recall","bcubed.f1"
"majority-vote",0.982987284913222,0.121583536997215,0.216400919800377
