"","bcubed.precision","bcubed.recall","bcubed.f1"
"majority-vote",0.646025643452564,0.327117002757112,0.434316537279581
