"","bcubed.precision","bcubed.recall","bcubed.f1"
"majority-vote",0.950427357581492,0.479704608727639,0.637597640544066
