"","bcubed.precision","bcubed.recall","bcubed.f1"
"majority-vote",0.989700814714738,0.104971023933276,0.189810140793453
