"","bcubed.precision","bcubed.recall","bcubed.f1"
"majority-vote",0.9029927460218,0.374851947231273,0.529780482666135
