"","bcubed.precision","bcubed.recall","bcubed.f1"
"majority-vote",0.982598756639142,0.816653377011414,0.891973479257154
