"","bcubed.precision","bcubed.recall","bcubed.f1"
"majority-vote",0.715297565343122,0.189149475509069,0.299184260009485
