"","bcubed.precision","bcubed.recall","bcubed.f1"
"majority-vote",0.916879813756745,0.908162896056184,0.912500537680164
