"","bcubed.precision","bcubed.recall","bcubed.f1"
"majority-vote",0.932546535151141,0.384248636365148,0.544245213272241
