"","bcubed.precision","bcubed.recall","bcubed.f1"
"majority-vote",0.598787099429332,0.969515146615462,0.740333266701315
