"","bcubed.precision","bcubed.recall","bcubed.f1"
"majority-vote",0.999917512243616,0.416728371506211,0.588282507714412
