"","bcubed.precision","bcubed.recall","bcubed.f1"
"majority-vote",0.622942600399731,0.508455504982721,0.559906531493485
