"","bcubed.precision","bcubed.recall","bcubed.f1"
"majority-vote",0.995682155037343,0.199353772398012,0.332195859821653
