"","bcubed.precision","bcubed.recall","bcubed.f1"
"majority-vote",0.985702618853438,0.487959418709612,0.652772297387334
