"","bcubed.precision","bcubed.recall","bcubed.f1"
"majority-vote",0.537671718784066,0.424010355775579,0.474124209659393
