"","bcubed.precision","bcubed.recall","bcubed.f1"
"majority-vote",0.838260346124906,0.183546354587418,0.301152127147247
