"","bcubed.precision","bcubed.recall","bcubed.f1"
"majority-vote",0.963015411295226,0.396779151710058,0.562003185441399
