"","bcubed.precision","bcubed.recall","bcubed.f1"
"majority-vote",0.0242882652612528,0.99231721024762,0.0474159626451672
