"","bcubed.precision","bcubed.recall","bcubed.f1"
"majority-vote",0.263106343526321,0.87743275748381,0.404822814592364
