"","bcubed.precision","bcubed.recall","bcubed.f1"
"majority-vote",0.646252769252581,0.374892621489308,0.474516943437027
