"","bcubed.precision","bcubed.recall","bcubed.f1"
"majority-vote",0.979745735469155,0.225916268005104,0.367168409576296
