"","bcubed.precision","bcubed.recall","bcubed.f1"
"majority-vote",0.64202660394742,0.846805725219658,0.730333152115476
