"","bcubed.precision","bcubed.recall","bcubed.f1"
"majority-vote",0.956067976211925,0.0512432701073479,0.0972729128658708
