"","bcubed.precision","bcubed.recall","bcubed.f1"
"majority-vote",0.99687193396695,0.929792556410299,0.962164516475125
