"","bcubed.precision","bcubed.recall","bcubed.f1"
"majority-vote",0.709826669614476,0.494481093135938,0.582900614584431
