"","bcubed.precision","bcubed.recall","bcubed.f1"
"majority-vote",0.719376936846479,0.131369906181619,0.222168278324416
