"","bcubed.precision","bcubed.recall","bcubed.f1"
"majority-vote",0.948017841925789,0.77640345495418,0.853671117564053
