"","bcubed.precision","bcubed.recall","bcubed.f1"
"majority-vote",0.640765643590905,0.565086335128187,0.600551171458812
