"","bcubed.precision","bcubed.recall","bcubed.f1"
"majority-vote",0.856089002483214,0.282882150282333,0.425247465254038
