"","bcubed.precision","bcubed.recall","bcubed.f1"
"majority-vote",0.647750891062709,0.604402546602957,0.625326379892382
