"","bcubed.precision","bcubed.recall","bcubed.f1"
"majority-vote",0.856934660128997,0.283386393126629,0.425921492523232
