"","bcubed.precision","bcubed.recall","bcubed.f1"
"majority-vote",0.998974337199163,0.528446773818035,0.691236701931329
