"","bcubed.precision","bcubed.recall","bcubed.f1"
"majority-vote",0.498294330123001,0.841285520206237,0.625879531750669
