"","bcubed.precision","bcubed.recall","bcubed.f1"
"majority-vote",0.999952845785837,0.729518118080463,0.843591749694482
