"","bcubed.precision","bcubed.recall","bcubed.f1"
"majority-vote",0.709011310010788,0.387240141130986,0.500902670579973
