"","bcubed.precision","bcubed.recall","bcubed.f1"
"majority-vote",0.809579428836971,0.832874044319473,0.821061544955035
