"","bcubed.precision","bcubed.recall","bcubed.f1"
"majority-vote",0.84726617759887,0.776581444582545,0.810385387345357
