"","bcubed.precision","bcubed.recall","bcubed.f1"
"majority-vote",0.926039340927098,0.625605466097698,0.746736973413844
