"","bcubed.precision","bcubed.recall","bcubed.f1"
"majority-vote",0.903771218182864,0.551263488497157,0.684816756949529
