"","bcubed.precision","bcubed.recall","bcubed.f1"
"majority-vote",0.765191070684732,0.399992674417997,0.525360612161598
