"","bcubed.precision","bcubed.recall","bcubed.f1"
"majority-vote",0.822956910702645,0.296311438079508,0.435733836220954
