"","bcubed.precision","bcubed.recall","bcubed.f1"
"majority-vote",0.120469570002775,0.964044067018087,0.214175221505604
