"","bcubed.precision","bcubed.recall","bcubed.f1"
"majority-vote",0.970901271793808,0.0875297380812068,0.160582472036336
