"","bcubed.precision","bcubed.recall","bcubed.f1"
"majority-vote",0.771595869168472,0.869363256248549,0.817567100774385
