"","bcubed.precision","bcubed.recall","bcubed.f1"
"majority-vote",0.995659460576617,0.28364067400357,0.441506278069231
