"","bcubed.precision","bcubed.recall","bcubed.f1"
"majority-vote",0.751823919116995,0.232227761477302,0.354848000780182
