"","bcubed.precision","bcubed.recall","bcubed.f1"
"majority-vote",0.788701457429053,0.242500936016391,0.370947241549737
