"","bcubed.precision","bcubed.recall","bcubed.f1"
"majority-vote",0.932284882886493,0.55719574784045,0.697511819629048
