"","bcubed.precision","bcubed.recall","bcubed.f1"
"majority-vote",0.954754556880624,0.119576832713176,0.212535027899394
