"","bcubed.precision","bcubed.recall","bcubed.f1"
"majority-vote",0.639244171062614,0.146099740678346,0.237840788541561
