"","bcubed.precision","bcubed.recall","bcubed.f1"
"majority-vote",0.956175311697723,0.204832859340043,0.337389741108085
