"","bcubed.precision","bcubed.recall","bcubed.f1"
"majority-vote",0.95183984170208,0.136207265973404,0.238312296532415
