"","bcubed.precision","bcubed.recall","bcubed.f1"
"majority-vote",0.98971859576837,0.172291734130563,0.293491940267053
