"","bcubed.precision","bcubed.recall","bcubed.f1"
"majority-vote",0.972416899386718,0.0988019854703098,0.179378317022694
