"","bcubed.precision","bcubed.recall","bcubed.f1"
"majority-vote",0.607258833284188,0.0188281184680849,0.0365238126169723
