"","bcubed.precision","bcubed.recall","bcubed.f1"
"majority-vote",0.727409455402677,0.215727601775827,0.332766687786672
