"","bcubed.precision","bcubed.recall","bcubed.f1"
"majority-vote",0.914350960604708,0.48561995798942,0.634337569700866
