"","bcubed.precision","bcubed.recall","bcubed.f1"
"majority-vote",0.994975653929939,0.0909430055967853,0.166653507001072
