"","bcubed.precision","bcubed.recall","bcubed.f1"
"majority-vote",0.989727724251533,0.168786884305874,0.288391803873022
