"","bcubed.precision","bcubed.recall","bcubed.f1"
"majority-vote",0.918894385039067,0.518846787055432,0.663214504216007
