"","bcubed.precision","bcubed.recall","bcubed.f1"
"majority-vote",0.916125326702404,0.374709070563992,0.53187375610033
