"","bcubed.precision","bcubed.recall","bcubed.f1"
"majority-vote",0.92524287665589,0.0729414222185744,0.135222586444176
