"","bcubed.precision","bcubed.recall","bcubed.f1"
"majority-vote",0.978446921122815,0.229368598895714,0.371621320759849
