"","bcubed.precision","bcubed.recall","bcubed.f1"
"majority-vote",0.746483313553742,0.140451272161889,0.236419985700863
