"","bcubed.precision","bcubed.recall","bcubed.f1"
"majority-vote",0.883336924209447,0.486796462709619,0.627683836028373
