"","bcubed.precision","bcubed.recall","bcubed.f1"
"majority-vote",0.986905364940258,0.450653216674132,0.618760282817588
