"","bcubed.precision","bcubed.recall","bcubed.f1"
"majority-vote",0.870440814558215,0.385895399067887,0.534728047883663
