"","bcubed.precision","bcubed.recall","bcubed.f1"
"majority-vote",0.932936009976649,0.906260536967857,0.919404824636829
