"","bcubed.precision","bcubed.recall","bcubed.f1"
"majority-vote",0.974340883562138,0.0969738869528382,0.176391897687856
