"","bcubed.precision","bcubed.recall","bcubed.f1"
"majority-vote",0.999115667324846,0.368516289155581,0.538434915058997
