"","bcubed.precision","bcubed.recall","bcubed.f1"
"majority-vote",0.968225039349884,0.556170288196764,0.706507018807521
