"","bcubed.precision","bcubed.recall","bcubed.f1"
"majority-vote",0.896176991810038,0.677485339223396,0.771635390041915
