"","bcubed.precision","bcubed.recall","bcubed.f1"
"majority-vote",0.847567960282836,0.736556295305564,0.788172410899344
