"","bcubed.precision","bcubed.recall","bcubed.f1"
"majority-vote",0.859104932594227,0.29282485238151,0.436775363131062
