"","bcubed.precision","bcubed.recall","bcubed.f1"
"majority-vote",0.933679632118941,0.809181542557269,0.866983941061936
