"","bcubed.precision","bcubed.recall","bcubed.f1"
"majority-vote",0.707866446118164,0.837378575022654,0.767195089254083
