"","bcubed.precision","bcubed.recall","bcubed.f1"
"majority-vote",0.729876365826023,0.182194098279343,0.291598448936757
