"","bcubed.precision","bcubed.recall","bcubed.f1"
"majority-vote",0.986952351596646,0.0840916654894562,0.154978629599731
