"","bcubed.precision","bcubed.recall","bcubed.f1"
"majority-vote",0.525725488805594,0.607843721376303,0.563810192915685
