"","bcubed.precision","bcubed.recall","bcubed.f1"
"majority-vote",0.783340810140511,0.537746238071252,0.637715091296883
