"","bcubed.precision","bcubed.recall","bcubed.f1"
"majority-vote",0.559580902043712,0.77996515486424,0.651644044145899
