"","bcubed.precision","bcubed.recall","bcubed.f1"
"majority-vote",0.963121190740702,0.0267870558154019,0.0521243886655617
