"","bcubed.precision","bcubed.recall","bcubed.f1"
"majority-vote",0.890090344140029,0.228449417884437,0.363582284487263
