"","bcubed.precision","bcubed.recall","bcubed.f1"
"majority-vote",0.0681098397761078,0.909462549358753,0.126728924031936
