"","bcubed.precision","bcubed.recall","bcubed.f1"
"majority-vote",0.953566973391679,0.660678146373979,0.780551668033313
