"","bcubed.precision","bcubed.recall","bcubed.f1"
"majority-vote",0.968079214699835,0.112680240158174,0.201864342549463
