"","bcubed.precision","bcubed.recall","bcubed.f1"
"majority-vote",0.90523027583656,0.253919946711994,0.396594020224803
