"","bcubed.precision","bcubed.recall","bcubed.f1"
"majority-vote",0.943576653988404,0.366859662124695,0.528312911073292
