"","bcubed.precision","bcubed.recall","bcubed.f1"
"majority-vote",0.884810166942892,0.983183742563285,0.931406646419883
