"","bcubed.precision","bcubed.recall","bcubed.f1"
"majority-vote",0.85077542262744,0.818684815912186,0.834421694122697
