"","bcubed.precision","bcubed.recall","bcubed.f1"
"majority-vote",0.745625704022524,0.12623614829984,0.215917043963883
