"","bcubed.precision","bcubed.recall","bcubed.f1"
"majority-vote",0.980524338588629,0.4402556057761,0.607668116904007
