"","bcubed.precision","bcubed.recall","bcubed.f1"
"majority-vote",0.99239312903236,0.662488027182221,0.794556834214856
