"","bcubed.precision","bcubed.recall","bcubed.f1"
"majority-vote",0.65658685349948,0.988600668993171,0.789092056373296
