"","bcubed.precision","bcubed.recall","bcubed.f1"
"majority-vote",0.856409975819466,0.134982403593006,0.233207919281461
