"","bcubed.precision","bcubed.recall","bcubed.f1"
"majority-vote",0.932219261363476,0.433975235591144,0.592243746369379
