"","bcubed.precision","bcubed.recall","bcubed.f1"
"majority-vote",0.966896005696486,0.0678407899248098,0.126785843664151
