"","bcubed.precision","bcubed.recall","bcubed.f1"
"majority-vote",0.607589916690866,0.650867911549539,0.628484755358202
