"","bcubed.precision","bcubed.recall","bcubed.f1"
"majority-vote",0.47848974419541,0.405872144435247,0.439199520159267
