"","bcubed.precision","bcubed.recall","bcubed.f1"
"majority-vote",0.639693468110416,0.903876056632926,0.749177280505877
