"","bcubed.precision","bcubed.recall","bcubed.f1"
"majority-vote",0.800277868741997,0.212961036347545,0.336402409021669
