"","bcubed.precision","bcubed.recall","bcubed.f1"
"majority-vote",0.937099876127832,0.766080154441187,0.84300379871291
