"","bcubed.precision","bcubed.recall","bcubed.f1"
"majority-vote",0.995507292454613,0.236532990974395,0.382244510326809
