"","bcubed.precision","bcubed.recall","bcubed.f1"
"majority-vote",0.962159976240449,0.454691589862234,0.617546763211007
