"","bcubed.precision","bcubed.recall","bcubed.f1"
"majority-vote",0.718395585185837,0.916067551210493,0.805278344756796
