"","bcubed.precision","bcubed.recall","bcubed.f1"
"majority-vote",0.784697391264562,0.907262332723048,0.841540582304771
