"","bcubed.precision","bcubed.recall","bcubed.f1"
"majority-vote",0.879539937215194,0.85751550522343,0.868388095392551
