"","bcubed.precision","bcubed.recall","bcubed.f1"
"majority-vote",0.814133849378404,0.557398210876185,0.661736993553076
