"","bcubed.precision","bcubed.recall","bcubed.f1"
"majority-vote",0.876169305892714,0.933616375184952,0.903981084576574
