"","bcubed.precision","bcubed.recall","bcubed.f1"
"majority-vote",0.936815637928543,0.554174785057421,0.69639562640218
