"","bcubed.precision","bcubed.recall","bcubed.f1"
"majority-vote",0.833995179500101,0.587620011305274,0.689458385048287
