"","bcubed.precision","bcubed.recall","bcubed.f1"
"majority-vote",0.925910137990879,0.0696529759080879,0.129559634410236
