"","bcubed.precision","bcubed.recall","bcubed.f1"
"majority-vote",0.847569049552242,0.848117253812393,0.847843063066897
