"","bcubed.precision","bcubed.recall","bcubed.f1"
"majority-vote",0.959059672149281,0.524272260611713,0.677944526473359
