"","bcubed.precision","bcubed.recall","bcubed.f1"
"majority-vote",0.49930602140131,0.602120036998016,0.545914376706148
