"","bcubed.precision","bcubed.recall","bcubed.f1"
"majority-vote",0.694807215823771,0.952521056885621,0.803505305545092
