"","bcubed.precision","bcubed.recall","bcubed.f1"
"majority-vote",0.867465153586787,0.608632519717141,0.715355781318456
