"","bcubed.precision","bcubed.recall","bcubed.f1"
"majority-vote",0.788507434485307,0.880148642693178,0.831811609003585
