"","bcubed.precision","bcubed.recall","bcubed.f1"
"majority-vote",0.177107301536247,0.22536142934882,0.198341642763393
