"","bcubed.precision","bcubed.recall","bcubed.f1"
"majority-vote",0.537257095878186,0.208602791404089,0.300521134901652
