"","bcubed.precision","bcubed.recall","bcubed.f1"
"majority-vote",0.93397287491557,0.535157223869578,0.680433041733496
