"","bcubed.precision","bcubed.recall","bcubed.f1"
"majority-vote",0.816471483736424,0.875319744064676,0.844872107664452
