"","bcubed.precision","bcubed.recall","bcubed.f1"
"majority-vote",0.807517405398721,0.0659221061134105,0.121893382164407
