"","bcubed.precision","bcubed.recall","bcubed.f1"
"majority-vote",0.655668660284636,0.37787010620485,0.479435497399831
