"","bcubed.precision","bcubed.recall","bcubed.f1"
"majority-vote",0.835408602813975,0.806387745449045,0.820641683683384
