"","bcubed.precision","bcubed.recall","bcubed.f1"
"majority-vote",0.727885836767321,0.0899015031999121,0.160036791193001
