"","bcubed.precision","bcubed.recall","bcubed.f1"
"majority-vote",0.757430304066036,0.744342533812247,0.750829389764723
