"","bcubed.precision","bcubed.recall","bcubed.f1"
"majority-vote",0.47329727768438,0.381091799956017,0.422219141576945
