"","bcubed.precision","bcubed.recall","bcubed.f1"
"majority-vote",0.959728946202763,0.458482080752962,0.620526164090567
