"","bcubed.precision","bcubed.recall","bcubed.f1"
"majority-vote",0.876000375702977,0.900768573171261,0.888211839833667
