"","bcubed.precision","bcubed.recall","bcubed.f1"
"majority-vote",0.764716997810915,0.906144209805565,0.829445170607264
