"","bcubed.precision","bcubed.recall","bcubed.f1"
"majority-vote",0.586025834310108,0.323907544867739,0.417213377515532
