"","bcubed.precision","bcubed.recall","bcubed.f1"
"majority-vote",0.982819008483598,0.834718809315637,0.902735012719084
