"","bcubed.precision","bcubed.recall","bcubed.f1"
"majority-vote",0.939937276158269,0.380820952738678,0.542033812380841
