"","bcubed.precision","bcubed.recall","bcubed.f1"
"majority-vote",0.896456152031971,0.280882351863826,0.427742253383096
