"","bcubed.precision","bcubed.recall","bcubed.f1"
"majority-vote",0.952928856069115,0.948184982207083,0.950551000413306
