"","bcubed.precision","bcubed.recall","bcubed.f1"
"majority-vote",0.957947951516825,0.382041123588187,0.546236560485106
