"","bcubed.precision","bcubed.recall","bcubed.f1"
"majority-vote",0.570338416730364,0.953190429165615,0.713660422875867
