"","bcubed.precision","bcubed.recall","bcubed.f1"
"majority-vote",0.959504937318872,0.377031683898482,0.541345080236914
