"","bcubed.precision","bcubed.recall","bcubed.f1"
"majority-vote",0.950694618707961,0.140274003590156,0.244475849501272
