"","bcubed.precision","bcubed.recall","bcubed.f1"
"majority-vote",0.735455563155113,0.705524188611678,0.720179015449388
