"","bcubed.precision","bcubed.recall","bcubed.f1"
"majority-vote",0.961106415121334,0.642481449038477,0.770139330769832
