"","bcubed.precision","bcubed.recall","bcubed.f1"
"majority-vote",0.95802911850908,0.712167999390397,0.817002584155364
