"","bcubed.precision","bcubed.recall","bcubed.f1"
"majority-vote",0.919914975257863,0.334858117540489,0.490990759492892
