"","bcubed.precision","bcubed.recall","bcubed.f1"
"majority-vote",0.893900826032875,0.942226714917128,0.917427814779014
