"","bcubed.precision","bcubed.recall","bcubed.f1"
"majority-vote",0.977726710077026,0.705420768987309,0.819546398947023
