"","bcubed.precision","bcubed.recall","bcubed.f1"
"majority-vote",0.495840205957903,0.604083173805349,0.544635618855231
