"","bcubed.precision","bcubed.recall","bcubed.f1"
"majority-vote",0.788360655977383,0.174507421942208,0.285760404338111
