"","bcubed.precision","bcubed.recall","bcubed.f1"
"majority-vote",0.927929490243433,0.882576835025722,0.904685127243983
