"","bcubed.precision","bcubed.recall","bcubed.f1"
"majority-vote",0.9867821770856,0.123678066102721,0.219806719016202
