"","bcubed.precision","bcubed.recall","bcubed.f1"
"majority-vote",0.965684418483105,0.429171015347067,0.594246188290931
