"","bcubed.precision","bcubed.recall","bcubed.f1"
"majority-vote",0.740032496883961,0.0549051098152459,0.102225797762865
