"","bcubed.precision","bcubed.recall","bcubed.f1"
"majority-vote",0.860606721827609,0.186577073104544,0.306669152119749
