"","bcubed.precision","bcubed.recall","bcubed.f1"
"majority-vote",0.931920528660517,0.640281645819504,0.759052009403413
