"","bcubed.precision","bcubed.recall","bcubed.f1"
"majority-vote",0.908117993392305,0.705311224075833,0.793968283938635
