"","bcubed.precision","bcubed.recall","bcubed.f1"
"majority-vote",0.955572356014939,0.403335251414939,0.567243886708963
