"","bcubed.precision","bcubed.recall","bcubed.f1"
"majority-vote",0.80365736769963,0.884195405412636,0.842004899201907
