"","bcubed.precision","bcubed.recall","bcubed.f1"
"majority-vote",0.843698962336119,0.364590532386321,0.509157209750587
