"","bcubed.precision","bcubed.recall","bcubed.f1"
"majority-vote",0.98878354240912,0.93973272740306,0.96363434383665
