"","bcubed.precision","bcubed.recall","bcubed.f1"
"majority-vote",0.948691796614618,0.370843599114872,0.533242657144217
