"","bcubed.precision","bcubed.recall","bcubed.f1"
"majority-vote",0.790875367321947,0.843511675986807,0.816345931421327
