"","bcubed.precision","bcubed.recall","bcubed.f1"
"majority-vote",0.521407798834476,0.848784399578655,0.645986462310757
