"","bcubed.precision","bcubed.recall","bcubed.f1"
"majority-vote",0.507262217657417,0.659231396189938,0.573347639474454
