"","bcubed.precision","bcubed.recall","bcubed.f1"
"majority-vote",0.911790801875556,0.516364496186616,0.659335015844426
