"","bcubed.precision","bcubed.recall","bcubed.f1"
"majority-vote",0.920828802356506,0.519817952686873,0.664511742577245
