"","bcubed.precision","bcubed.recall","bcubed.f1"
"majority-vote",0.659541776674505,0.900254087568997,0.761324214257629
