"","bcubed.precision","bcubed.recall","bcubed.f1"
"majority-vote",0.922615849756088,0.568428125783079,0.703454501541414
