"","bcubed.precision","bcubed.recall","bcubed.f1"
"majority-vote",0.922933925276812,0.0659586895904002,0.123118549728389
