"","bcubed.precision","bcubed.recall","bcubed.f1"
"majority-vote",0.807389855490134,0.885322537526376,0.844562181484079
