"","bcubed.precision","bcubed.recall","bcubed.f1"
"majority-vote",0.668043673758824,0.200675526434175,0.308638316921714
