"","bcubed.precision","bcubed.recall","bcubed.f1"
"majority-vote",0.601555473142473,0.0774760189630306,0.137272346824408
