"","bcubed.precision","bcubed.recall","bcubed.f1"
"majority-vote",0.847662048933713,0.844064813717531,0.84585960680126
