"","bcubed.precision","bcubed.recall","bcubed.f1"
"majority-vote",0.13215830616258,0.786261189830522,0.22628210203011
