"","bcubed.precision","bcubed.recall","bcubed.f1"
"majority-vote",0.845258002266193,0.694609868040695,0.762564841745091
