"","bcubed.precision","bcubed.recall","bcubed.f1"
"majority-vote",0.984635486189457,0.236067892123298,0.380830966578992
