"","bcubed.precision","bcubed.recall","bcubed.f1"
"majority-vote",0.919761847574346,0.419970978139002,0.576642260855347
