"","bcubed.precision","bcubed.recall","bcubed.f1"
"majority-vote",0.937665143166416,0.119766078387343,0.212402423436177
