"","bcubed.precision","bcubed.recall","bcubed.f1"
"majority-vote",0.907164666917214,0.669163185611267,0.770196628086718
