"","bcubed.precision","bcubed.recall","bcubed.f1"
"majority-vote",0.971477694097225,0.49530019838774,0.656095373513481
