"","bcubed.precision","bcubed.recall","bcubed.f1"
"majority-vote",0.808214784278068,0.213976127351616,0.338368630831252
