"","bcubed.precision","bcubed.recall","bcubed.f1"
"majority-vote",0.927269115159517,0.921716426456415,0.924484433167909
