"","bcubed.precision","bcubed.recall","bcubed.f1"
"majority-vote",0.929238759795476,0.360295115120264,0.519257682868701
