"","bcubed.precision","bcubed.recall","bcubed.f1"
"majority-vote",0.983967841669113,0.306982758430877,0.467967034864796
