"","bcubed.precision","bcubed.recall","bcubed.f1"
"majority-vote",0.823013426332942,0.0778759449141561,0.142288166112985
