"","bcubed.precision","bcubed.recall","bcubed.f1"
"majority-vote",0.891039938523252,0.123425370883065,0.216817537010144
