"","bcubed.precision","bcubed.recall","bcubed.f1"
"majority-vote",0.833263658732317,0.977666433835058,0.899707739156549
