"","bcubed.precision","bcubed.recall","bcubed.f1"
"majority-vote",0.651533334766396,0.308179388634648,0.418435933769517
