"","bcubed.precision","bcubed.recall","bcubed.f1"
"majority-vote",0.648577724754045,0.664686022029984,0.656533082405906
