"","bcubed.precision","bcubed.recall","bcubed.f1"
"majority-vote",0.94521766823946,0.463152967112252,0.621683464030338
