"","bcubed.precision","bcubed.recall","bcubed.f1"
"majority-vote",0.806791483065917,0.405328660317104,0.539576398876861
