"","bcubed.precision","bcubed.recall","bcubed.f1"
"majority-vote",0.877794825020262,0.148999804733894,0.254756411329803
