"","bcubed.precision","bcubed.recall","bcubed.f1"
"majority-vote",0.471629074304957,0.105388096788849,0.172279415661291
