"","bcubed.precision","bcubed.recall","bcubed.f1"
"majority-vote",0.89660012088007,0.112516177978708,0.19994131279172
