"","bcubed.precision","bcubed.recall","bcubed.f1"
"majority-vote",0.910230931661713,0.85234042182533,0.880334988669962
