"","bcubed.precision","bcubed.recall","bcubed.f1"
"majority-vote",0.882734160714988,0.660555902676594,0.755652192917159
