"","bcubed.precision","bcubed.recall","bcubed.f1"
"majority-vote",0.992855063752328,0.669557758056888,0.799769830742714
