"","bcubed.precision","bcubed.recall","bcubed.f1"
"majority-vote",0.681109053855476,0.530489459720021,0.596437136463508
