"","bcubed.precision","bcubed.recall","bcubed.f1"
"majority-vote",0.250266850132939,0.726325681090189,0.372264244432506
