"","bcubed.precision","bcubed.recall","bcubed.f1"
"majority-vote",0.760536877975933,0.83595311616992,0.796463711564032
