"","bcubed.precision","bcubed.recall","bcubed.f1"
"majority-vote",0.709466460003566,0.238513312473136,0.357005920119881
