"","bcubed.precision","bcubed.recall","bcubed.f1"
"majority-vote",0.87777121333718,0.817208185243685,0.846407715528587
