"","bcubed.precision","bcubed.recall","bcubed.f1"
"majority-vote",0.774366171986055,0.730284946790035,0.751679843450797
