"","bcubed.precision","bcubed.recall","bcubed.f1"
"majority-vote",0.437985440457199,0.641962966117899,0.520710861297624
