"","bcubed.precision","bcubed.recall","bcubed.f1"
"majority-vote",0.945246432635991,0.62663617957126,0.753651206140172
