"","bcubed.precision","bcubed.recall","bcubed.f1"
"majority-vote",0.721973038189206,0.374190475961419,0.492910831830895
