"","bcubed.precision","bcubed.recall","bcubed.f1"
"majority-vote",0.768067673367048,0.206303193893969,0.32524538544087
