"","bcubed.precision","bcubed.recall","bcubed.f1"
"majority-vote",0.917494473600965,0.930982257609844,0.92418915743459
