"","bcubed.precision","bcubed.recall","bcubed.f1"
"majority-vote",0.697906046745409,0.718255395864784,0.70793451763187
