"","bcubed.precision","bcubed.recall","bcubed.f1"
"majority-vote",0.977779292350698,0.752993631355917,0.85078934379791
