"","bcubed.precision","bcubed.recall","bcubed.f1"
"majority-vote",0.966839506388579,0.830561421463587,0.893534194079706
