"","bcubed.precision","bcubed.recall","bcubed.f1"
"majority-vote",0.879156267792217,0.0925087635082507,0.167402667882646
