"","bcubed.precision","bcubed.recall","bcubed.f1"
"majority-vote",0.840268716854657,0.0313492785594711,0.0604434929248342
