"","bcubed.precision","bcubed.recall","bcubed.f1"
"majority-vote",0.960910170522492,0.186657117747339,0.312592951502219
