"","bcubed.precision","bcubed.recall","bcubed.f1"
"majority-vote",0.893912673361513,0.305538065345703,0.455415699858186
