"","bcubed.precision","bcubed.recall","bcubed.f1"
"majority-vote",0.992290726608894,0.187010194628775,0.314709296956547
