"","bcubed.precision","bcubed.recall","bcubed.f1"
"majority-vote",0.949105257098225,0.583284124885094,0.722529189798845
