"","bcubed.precision","bcubed.recall","bcubed.f1"
"majority-vote",0.935826336147056,0.161325452308699,0.275208241101828
