"","bcubed.precision","bcubed.recall","bcubed.f1"
"majority-vote",0.773995317595314,0.684720298117157,0.726625942571125
