"","bcubed.precision","bcubed.recall","bcubed.f1"
"majority-vote",0.98858409459934,0.746017419420594,0.850340495119352
