"","bcubed.precision","bcubed.recall","bcubed.f1"
"majority-vote",0.784842293296433,0.906849670456188,0.841446303802419
