"","bcubed.precision","bcubed.recall","bcubed.f1"
"majority-vote",0.959148890059127,0.788953523176498,0.865766090514489
