"","bcubed.precision","bcubed.recall","bcubed.f1"
"majority-vote",0.778606061350308,0.512215584694719,0.617922948818428
