"","bcubed.precision","bcubed.recall","bcubed.f1"
"majority-vote",0.826766897837205,0.795452849133417,0.810807642653743
