"","bcubed.precision","bcubed.recall","bcubed.f1"
"majority-vote",0.904015163651866,0.365661744365927,0.520705322096884
