"","bcubed.precision","bcubed.recall","bcubed.f1"
"majority-vote",0.918240536143554,0.236627316220789,0.376286850946543
