"","bcubed.precision","bcubed.recall","bcubed.f1"
"majority-vote",0.782099935121347,0.339976713363342,0.473935119892777
