"","bcubed.precision","bcubed.recall","bcubed.f1"
"majority-vote",0.999982378134225,0.274973588005808,0.431338414440499
