"","bcubed.precision","bcubed.recall","bcubed.f1"
"majority-vote",0.821877761355982,0.483517564302619,0.608845957257952
