"","bcubed.precision","bcubed.recall","bcubed.f1"
"majority-vote",0.547411526587215,0.962972877852011,0.698024226915624
