"","bcubed.precision","bcubed.recall","bcubed.f1"
"majority-vote",0.999819137641256,0.591964442825232,0.74364051244499
