"","bcubed.precision","bcubed.recall","bcubed.f1"
"majority-vote",0.806705436452742,0.304474088290238,0.442090403599797
