"","bcubed.precision","bcubed.recall","bcubed.f1"
"majority-vote",0.635006916023544,0.132877837423706,0.219768253950888
