"","bcubed.precision","bcubed.recall","bcubed.f1"
"majority-vote",0.852852732896082,0.444374584907723,0.584301724095255
