"","bcubed.precision","bcubed.recall","bcubed.f1"
"majority-vote",0.89258658126476,0.396623759939743,0.549206028866058
