"","bcubed.precision","bcubed.recall","bcubed.f1"
"majority-vote",0.889414591919639,0.897506431400493,0.893442190238657
