"","bcubed.precision","bcubed.recall","bcubed.f1"
"majority-vote",0.77693553194328,0.296969375574527,0.429695512456782
