"","bcubed.precision","bcubed.recall","bcubed.f1"
"majority-vote",0.702318218028508,0.101803079674758,0.177829284490296
