"","bcubed.precision","bcubed.recall","bcubed.f1"
"majority-vote",0.800936401091187,0.204697388438799,0.326062213334266
