"","bcubed.precision","bcubed.recall","bcubed.f1"
"majority-vote",0.498395630952129,0.773677368158929,0.606250459409818
