"","bcubed.precision","bcubed.recall","bcubed.f1"
"majority-vote",0.986362175873854,0.132491239894965,0.233604055410999
