"","bcubed.precision","bcubed.recall","bcubed.f1"
"majority-vote",0.923313256021453,0.186074679560704,0.309729739684228
