"","bcubed.precision","bcubed.recall","bcubed.f1"
"majority-vote",0.852451109242643,0.795752342639905,0.823126497388452
