"","bcubed.precision","bcubed.recall","bcubed.f1"
"majority-vote",0.737397778834396,0.0922260759031086,0.163947319338069
