"","bcubed.precision","bcubed.recall","bcubed.f1"
"majority-vote",0.775700457298426,0.324003703891399,0.457086242181744
