"","bcubed.precision","bcubed.recall","bcubed.f1"
"majority-vote",0.583472210603236,0.507277779403466,0.542713710841514
