"","bcubed.precision","bcubed.recall","bcubed.f1"
"majority-vote",0.97014218995921,0.347883219297076,0.512123948216389
