"","bcubed.precision","bcubed.recall","bcubed.f1"
"majority-vote",0.856089002483214,0.267170602919535,0.407246577453864
