"","bcubed.precision","bcubed.recall","bcubed.f1"
"majority-vote",0.983743002220785,0.0477289131682779,0.0910407421324439
