"","bcubed.precision","bcubed.recall","bcubed.f1"
"majority-vote",0.929939176603363,0.151234793176401,0.260160090737092
