"","bcubed.precision","bcubed.recall","bcubed.f1"
"majority-vote",0.970296185590065,0.0837355631764703,0.154166698761104
