"","bcubed.precision","bcubed.recall","bcubed.f1"
"majority-vote",0.814380443068615,0.181088020715653,0.296291741848271
