"","bcubed.precision","bcubed.recall","bcubed.f1"
"majority-vote",0.789688223041223,0.317346618822868,0.452749774495602
