{
      "avg_bcuded_f1": 0.5900863682610694,
      "avg_bcuded_recall": 0.521360119827396,
      "avg_bcuded_precision": 0.7959337758068091,
      "avg_bcuded_f1star": 0.6300312027628812
}