{
      "avg_bcuded_f1": 0.31582988319887073,
      "avg_bcuded_recall": 0.2193270529929573,
      "avg_bcuded_precision": 0.7998741046060146,
      "avg_bcuded_f1star": 0.34425790987503213
}