{
      "avg_bcuded_f1": 0.7205975516356071,
      "avg_bcuded_recall": 0.7259822458104772,
      "avg_bcuded_precision": 0.8003527204731042,
      "avg_bcuded_f1star": 0.7613556372417353
}