"","bcubed.precision","bcubed.recall","bcubed.f1"
"majority-vote",0.988302464879081,0.597050473677924,0.744397591781924
