"","bcubed.precision","bcubed.recall","bcubed.f1"
"majority-vote",0.870700847911002,0.540598850855871,0.667044538068272
