"","bcubed.precision","bcubed.recall","bcubed.f1"
"majority-vote",0.978163089856795,0.485052789273218,0.648517750342142
