"","bcubed.precision","bcubed.recall","bcubed.f1"
"majority-vote",0.92496514950967,0.506221852321175,0.654334577827112
