"","bcubed.precision","bcubed.recall","bcubed.f1"
"majority-vote",0.901209842770168,0.943148470317854,0.921702338002814
