"","bcubed.precision","bcubed.recall","bcubed.f1"
"majority-vote",0.621847484710018,0.525057754399572,0.569368475732747
