"","bcubed.precision","bcubed.recall","bcubed.f1"
"majority-vote",0.928536285433093,0.601959308342103,0.730405317628049
