"","bcubed.precision","bcubed.recall","bcubed.f1"
"majority-vote",0.971355165465269,0.743829215803947,0.842501084881015
