"","bcubed.precision","bcubed.recall","bcubed.f1"
"majority-vote",0.993465373411061,0.78311923529589,0.875839900566141
