"","bcubed.precision","bcubed.recall","bcubed.f1"
"majority-vote",0.985760476181756,0.74954166468191,0.851573372608378
