"","bcubed.precision","bcubed.recall","bcubed.f1"
"majority-vote",0.967601740535002,0.298334122315742,0.456055673094915
