"","bcubed.precision","bcubed.recall","bcubed.f1"
"majority-vote",0.82768077062433,0.638144659429577,0.720658889738389
