"","bcubed.precision","bcubed.recall","bcubed.f1"
"majority-vote",0.866990194455529,0.526892323481083,0.655450473212354
