"","bcubed.precision","bcubed.recall","bcubed.f1"
"majority-vote",0.763237014651262,0.947106699487427,0.845288445705222
