"","bcubed.precision","bcubed.recall","bcubed.f1"
"majority-vote",0.886430697346945,0.874863403205335,0.880609066189974
