"","bcubed.precision","bcubed.recall","bcubed.f1"
"majority-vote",0.939256192999126,0.819060851469272,0.875050355231289
