"","bcubed.precision","bcubed.recall","bcubed.f1"
"majority-vote",0.775406579688662,0.245734051925865,0.373197960824655
