"","bcubed.precision","bcubed.recall","bcubed.f1"
"majority-vote",0.965193609245485,0.541127095075936,0.693467748877759
