"","bcubed.precision","bcubed.recall","bcubed.f1"
"majority-vote",0.753355529584587,0.948231526805502,0.839634341790144
