"","bcubed.precision","bcubed.recall","bcubed.f1"
"majority-vote",0.703531683276035,0.886693848085002,0.784564457294099
