"","bcubed.precision","bcubed.recall","bcubed.f1"
"majority-vote",0.885092221974466,0.881364775166999,0.883224565879553
