"","bcubed.precision","bcubed.recall","bcubed.f1"
"majority-vote",0.868347920799734,0.914142390620303,0.890656896280861
