"","bcubed.precision","bcubed.recall","bcubed.f1"
"majority-vote",0.814339064328556,0.98501099948549,0.891580745521063
