"","bcubed.precision","bcubed.recall","bcubed.f1"
"majority-vote",0.961806544232906,0.939500245995744,0.950522545389388
