"","bcubed.precision","bcubed.recall","bcubed.f1"
"majority-vote",0.9273051999561,0.619224014686318,0.742578469672274
