"","bcubed.precision","bcubed.recall","bcubed.f1"
"majority-vote",0.894580446958679,0.574786726659807,0.699883563581983
