"","bcubed.precision","bcubed.recall","bcubed.f1"
"majority-vote",0.981186997787303,0.574689699983208,0.724836437480961
