"","bcubed.precision","bcubed.recall","bcubed.f1"
"majority-vote",0.879292698696915,0.091216456122217,0.165286362258418
