"","bcubed.precision","bcubed.recall","bcubed.f1"
"majority-vote",0.998859983588277,0.252199948349186,0.402718414742779
