"","bcubed.precision","bcubed.recall","bcubed.f1"
"majority-vote",0.951481283445477,0.376687870404403,0.539707547569254
