"","bcubed.precision","bcubed.recall","bcubed.f1"
"majority-vote",0.986869941286344,0.597093382216185,0.744024185796383
