"","bcubed.precision","bcubed.recall","bcubed.f1"
"majority-vote",0.925828272199665,0.736100884246786,0.820134850132893
