"","bcubed.precision","bcubed.recall","bcubed.f1"
"majority-vote",0.209570096620835,0.902906714289615,0.340181917497078
