"","bcubed.precision","bcubed.recall","bcubed.f1"
"majority-vote",0.911866410426802,0.74286815850863,0.818737377989793
