"","bcubed.precision","bcubed.recall","bcubed.f1"
"majority-vote",0.600468637551146,0.519287652974898,0.556935383381473
