"","bcubed.precision","bcubed.recall","bcubed.f1"
"majority-vote",0.966692083649327,0.859244518901324,0.909806915728273
