"","bcubed.precision","bcubed.recall","bcubed.f1"
"majority-vote",0.466249610401175,0.565865622851102,0.51125032882691
