"","bcubed.precision","bcubed.recall","bcubed.f1"
"majority-vote",0.995168663580602,0.339339611756208,0.50610423955019
