"","bcubed.precision","bcubed.recall","bcubed.f1"
"majority-vote",0.996603956218365,0.383488034661186,0.55385538794725
