"","bcubed.precision","bcubed.recall","bcubed.f1"
"majority-vote",0.955794497010189,0.969662636690386,0.962678624087392
