"","bcubed.precision","bcubed.recall","bcubed.f1"
"majority-vote",0.990540460640797,0.501725085510449,0.666073137717799
