"","bcubed.precision","bcubed.recall","bcubed.f1"
"majority-vote",0.871108605682324,0.725244253656275,0.791512361300106
