"","bcubed.precision","bcubed.recall","bcubed.f1"
"majority-vote",0.979704621755819,0.669734018483803,0.795593721704444
