"","bcubed.precision","bcubed.recall","bcubed.f1"
"majority-vote",0.96531157785235,0.469157839291307,0.631429975007597
