"","bcubed.precision","bcubed.recall","bcubed.f1"
"majority-vote",0.796021732895387,0.699256606618892,0.744508150797035
