"","bcubed.precision","bcubed.recall","bcubed.f1"
"majority-vote",0.733884515500817,0.358813153571347,0.481976716556238
