"","bcubed.precision","bcubed.recall","bcubed.f1"
"majority-vote",0.837748481879715,0.871793263836252,0.854431879329054
