"","bcubed.precision","bcubed.recall","bcubed.f1"
"majority-vote",0.955809474522337,0.735837687248457,0.83152166607421
