"","bcubed.precision","bcubed.recall","bcubed.f1"
"majority-vote",0.593395560759969,0.759605514770547,0.666291473887993
