"","bcubed.precision","bcubed.recall","bcubed.f1"
"majority-vote",0.912447713424182,0.594108078515116,0.719644849090055
