"","bcubed.precision","bcubed.recall","bcubed.f1"
"majority-vote",0.631269734209708,0.589757132860267,0.609807758616084
