"","bcubed.precision","bcubed.recall","bcubed.f1"
"majority-vote",0.969227181535782,0.329980173168961,0.492339813263949
