"","bcubed.precision","bcubed.recall","bcubed.f1"
"majority-vote",0.925077279872393,0.760398964400895,0.834693230469179
