"","bcubed.precision","bcubed.recall","bcubed.f1"
"majority-vote",0.982473732712615,0.692318042174475,0.812261322653442
