"","bcubed.precision","bcubed.recall","bcubed.f1"
"majority-vote",0.974431083296199,0.970643301801465,0.97253350444087
