"","bcubed.precision","bcubed.recall","bcubed.f1"
"majority-vote",0.99854958994511,0.894196995328595,0.943496662429744
