"","bcubed.precision","bcubed.recall","bcubed.f1"
"majority-vote",0.955286788660939,0.845992628586267,0.897323950581832
