"","bcubed.precision","bcubed.recall","bcubed.f1"
"majority-vote",0.967279605756099,0.436541613009559,0.601583440517158
