"","bcubed.precision","bcubed.recall","bcubed.f1"
"majority-vote",0.900683621650972,0.749708762648784,0.818290740977307
