"","bcubed.precision","bcubed.recall","bcubed.f1"
"majority-vote",0.93083610960487,0.606276584854946,0.734291167622204
