"","bcubed.precision","bcubed.recall","bcubed.f1"
"majority-vote",0.990024122243598,0.429872307668094,0.599457742283926
