"","bcubed.precision","bcubed.recall","bcubed.f1"
"majority-vote",0.846765615681656,0.718415474344706,0.777327972239273
