"","bcubed.precision","bcubed.recall","bcubed.f1"
"majority-vote",0.84423849881583,0.912800179892142,0.877181661313948
