"","bcubed.precision","bcubed.recall","bcubed.f1"
"majority-vote",0.429308168949104,0.421941011953795,0.425592710830646
