"","bcubed.precision","bcubed.recall","bcubed.f1"
"majority-vote",0.959383547157628,0.210824216026989,0.345684399919315
