"","bcubed.precision","bcubed.recall","bcubed.f1"
"majority-vote",0.912038792636962,0.445458217292813,0.598565111669702
