"","bcubed.precision","bcubed.recall","bcubed.f1"
"majority-vote",0.706786978699914,0.965555312165778,0.816151006382832
