"","bcubed.precision","bcubed.recall","bcubed.f1"
"majority-vote",0.879350490025078,0.652149843983475,0.748897368341605
