"","bcubed.precision","bcubed.recall","bcubed.f1"
"majority-vote",0.274565938212564,0.942765753726476,0.425276636434677
