"","bcubed.precision","bcubed.recall","bcubed.f1"
"majority-vote",0.85424781401118,0.461981120520716,0.599662189404169
