"","bcubed.precision","bcubed.recall","bcubed.f1"
"majority-vote",0.951193371701852,0.826008670342167,0.884192065516734
