"","bcubed.precision","bcubed.recall","bcubed.f1"
"majority-vote",0.863350333023101,0.986509559455731,0.920830123567127
