"","bcubed.precision","bcubed.recall","bcubed.f1"
"majority-vote",0.818869266253056,0.769644643125503,0.793494272188439
