"","bcubed.precision","bcubed.recall","bcubed.f1"
"majority-vote",0.786737330203375,0.696365422826674,0.738797999641366
