"","bcubed.precision","bcubed.recall","bcubed.f1"
"majority-vote",0.808587297999191,0.839512416094406,0.823759715946408
