"","bcubed.precision","bcubed.recall","bcubed.f1"
"majority-vote",0.851425636222113,0.463663301116467,0.600377373632024
