"","bcubed.precision","bcubed.recall","bcubed.f1"
"majority-vote",0.941163851760372,0.248621446617797,0.393337383892716
