"","bcubed.precision","bcubed.recall","bcubed.f1"
"majority-vote",0.908601750313765,0.747679818340011,0.820323312744682
