"","bcubed.precision","bcubed.recall","bcubed.f1"
"majority-vote",0.675599808980045,0.960030656750317,0.79308443062765
