"","bcubed.precision","bcubed.recall","bcubed.f1"
"majority-vote",0.969323363811681,0.896846093066087,0.931677312098592
