"","bcubed.precision","bcubed.recall","bcubed.f1"
"majority-vote",0.926201703267393,0.613645142581556,0.738202215100751
