"","bcubed.precision","bcubed.recall","bcubed.f1"
"majority-vote",0.999493691635485,0.358209619386675,0.527402786681848
