"","bcubed.precision","bcubed.recall","bcubed.f1"
"majority-vote",0.858735486644262,0.705243986456826,0.774457783275264
