"","bcubed.precision","bcubed.recall","bcubed.f1"
"majority-vote",0.940974300128058,0.957293323568588,0.949063666173728
