"","bcubed.precision","bcubed.recall","bcubed.f1"
"majority-vote",0.855120119092883,0.913830639343932,0.883501093989802
