"","bcubed.precision","bcubed.recall","bcubed.f1"
"majority-vote",0.957674640452961,0.881555990104847,0.918040186843526
