"","bcubed.precision","bcubed.recall","bcubed.f1"
"majority-vote",0.999868518480074,0.151315270280191,0.262851816704959
