"","bcubed.precision","bcubed.recall","bcubed.f1"
"majority-vote",0.963858943886105,0.675846657828373,0.794558297736232
