"","bcubed.precision","bcubed.recall","bcubed.f1"
"majority-vote",0.954746013377218,0.486280035851838,0.64436576405105
