"","bcubed.precision","bcubed.recall","bcubed.f1"
"majority-vote",0.873078568180974,0.699340080626064,0.776611033871678
