"","bcubed.precision","bcubed.recall","bcubed.f1"
"majority-vote",0.986395434363608,0.437111566407733,0.605778339240316
