"","bcubed.precision","bcubed.recall","bcubed.f1"
"majority-vote",0.96162165468193,0.824461702343603,0.887775168287627
