"","bcubed.precision","bcubed.recall","bcubed.f1"
"majority-vote",0.733924179043364,0.722293039625088,0.728062159051111
