"","bcubed.precision","bcubed.recall","bcubed.f1"
"majority-vote",0.960652374234211,0.56454921637421,0.711165721857927
