"","bcubed.precision","bcubed.recall","bcubed.f1"
"majority-vote",0.947526724296741,0.586194858264602,0.724297421600423
