"","bcubed.precision","bcubed.recall","bcubed.f1"
"majority-vote",0.95522646144423,0.748728391575505,0.839464931597241
