"","bcubed.precision","bcubed.recall","bcubed.f1"
"majority-vote",0.967613787070785,0.486577876613162,0.647534260651422
