"","bcubed.precision","bcubed.recall","bcubed.f1"
"majority-vote",0.674880339847526,0.922169856040693,0.779379768330647
