"","bcubed.precision","bcubed.recall","bcubed.f1"
"majority-vote",0.926098124802545,0.564259306176324,0.701253906600192
