"","bcubed.precision","bcubed.recall","bcubed.f1"
"majority-vote",0.377257085839114,0.546089363267055,0.446237881768641
