"","bcubed.precision","bcubed.recall","bcubed.f1"
"majority-vote",0.986786433085132,0.342183119340271,0.508155599471018
