"","bcubed.precision","bcubed.recall","bcubed.f1"
"majority-vote",0.957939589436877,0.897981240489027,0.926991892073779
