"","bcubed.precision","bcubed.recall","bcubed.f1"
"majority-vote",0.998230372482488,0.947875827015488,0.972401650139033
