"","bcubed.precision","bcubed.recall","bcubed.f1"
"majority-vote",0.741875009379002,0.733469911624196,0.737648518416171
