"","bcubed.precision","bcubed.recall","bcubed.f1"
"majority-vote",0.910075913307916,0.864968485706365,0.8869490645405
