"","bcubed.precision","bcubed.recall","bcubed.f1"
"majority-vote",0.999459581352126,0.214123173633535,0.352687044370683
