"","bcubed.precision","bcubed.recall","bcubed.f1"
"majority-vote",0.999477726229987,0.919679786461475,0.957919770267416
