"","bcubed.precision","bcubed.recall","bcubed.f1"
"majority-vote",0.852345207035066,0.696573993805409,0.766626825522143
