"","bcubed.precision","bcubed.recall","bcubed.f1"
"majority-vote",0.833451264346268,0.80040615347195,0.816594536740599
