"","bcubed.precision","bcubed.recall","bcubed.f1"
"majority-vote",0.711922384082136,0.818263575408034,0.761397857298536
