"","bcubed.precision","bcubed.recall","bcubed.f1"
"majority-vote",0.638545582716151,0.951575310176484,0.764249075212889
