"","bcubed.precision","bcubed.recall","bcubed.f1"
"majority-vote",0.967099808965526,0.980632664426206,0.973819223520437
