"","bcubed.precision","bcubed.recall","bcubed.f1"
"majority-vote",0.977483012276625,0.819480199954429,0.891535195490145
