"","bcubed.precision","bcubed.recall","bcubed.f1"
"majority-vote",0.734097263964117,0.899720995239006,0.808514309612588
