"","bcubed.precision","bcubed.recall","bcubed.f1"
"majority-vote",0.964696284420907,0.484784685899851,0.645293032206213
