"","bcubed.precision","bcubed.recall","bcubed.f1"
"majority-vote",0.878593066754408,0.461035534638514,0.604738692260875
