"","bcubed.precision","bcubed.recall","bcubed.f1"
"majority-vote",0.91733180760454,0.419278534874316,0.575511836265959
