"","bcubed.precision","bcubed.recall","bcubed.f1"
"majority-vote",0.825555216503252,0.769401132453507,0.796489658034802
