"","bcubed.precision","bcubed.recall","bcubed.f1"
"majority-vote",0.564464941759322,0.367581753548289,0.445228794121621
