"","bcubed.precision","bcubed.recall","bcubed.f1"
"majority-vote",0.931637893304284,0.718118980646134,0.811061150688185
