"","bcubed.precision","bcubed.recall","bcubed.f1"
"majority-vote",0.718676678392383,0.687984704730616,0.702995857159079
