"","bcubed.precision","bcubed.recall","bcubed.f1"
"majority-vote",0.983898927412394,0.849018411130973,0.91149588309203
