"","bcubed.precision","bcubed.recall","bcubed.f1"
"majority-vote",0.938779470103044,0.768049185691273,0.844875442076262
