"","bcubed.precision","bcubed.recall","bcubed.f1"
"majority-vote",0.501082565734011,0.690909044591928,0.580880727270038
