"","bcubed.precision","bcubed.recall","bcubed.f1"
"majority-vote",0.831851223952883,0.892010613758243,0.860881196626501
