"","bcubed.precision","bcubed.recall","bcubed.f1"
"majority-vote",0.989584869346945,0.437388062263424,0.606644455351235
