"","bcubed.precision","bcubed.recall","bcubed.f1"
"majority-vote",0.98540561104643,0.232620521892633,0.376388586941784
