"","bcubed.precision","bcubed.recall","bcubed.f1"
"majority-vote",0.931376032877827,0.518342156612209,0.666021113618833
