"","bcubed.precision","bcubed.recall","bcubed.f1"
"majority-vote",0.987006284668957,0.378350114620067,0.547013133171212
