"","bcubed.precision","bcubed.recall","bcubed.f1"
"majority-vote",0.982822435101273,0.474560668033498,0.640063508842312
