"","bcubed.precision","bcubed.recall","bcubed.f1"
"majority-vote",0.999480959090807,0.724924744579687,0.840345723096278
