"","bcubed.precision","bcubed.recall","bcubed.f1"
"majority-vote",0.340654028834433,0.877432369797722,0.490771216453919
