"","bcubed.precision","bcubed.recall","bcubed.f1"
"majority-vote",0.974732512440326,0.99600629586489,0.985254580752549
