"","bcubed.precision","bcubed.recall","bcubed.f1"
"majority-vote",0.943316310635515,0.695488878310672,0.800663809464664
