"","bcubed.precision","bcubed.recall","bcubed.f1"
"majority-vote",0.904754852034147,0.755123109789157,0.823194612107973
