"","bcubed.precision","bcubed.recall","bcubed.f1"
"majority-vote",0.888809449185785,0.776877975247344,0.829082906115055
