"","bcubed.precision","bcubed.recall","bcubed.f1"
"majority-vote",0.9478068441624,0.953637665401745,0.950713314611546
