"","bcubed.precision","bcubed.recall","bcubed.f1"
"majority-vote",0.985692685430457,0.437350562949311,0.605875122008917
