"","bcubed.precision","bcubed.recall","bcubed.f1"
"majority-vote",0.970787474780644,0.479729005259546,0.642136667874385
