"","bcubed.precision","bcubed.recall","bcubed.f1"
"majority-vote",0.922012035542503,0.410074847161678,0.567671597799651
