"","bcubed.precision","bcubed.recall","bcubed.f1"
"majority-vote",0.826974753904794,0.72340857321394,0.771732533937913
