"","bcubed.precision","bcubed.recall","bcubed.f1"
"majority-vote",0.977451081458754,0.658131264392787,0.786620273511973
