"","bcubed.precision","bcubed.recall","bcubed.f1"
"majority-vote",0.910658560240848,0.67625148826125,0.776142551043789
