"","bcubed.precision","bcubed.recall","bcubed.f1"
"majority-vote",0.921260510054412,0.396268317818065,0.554168295779876
