"","bcubed.precision","bcubed.recall","bcubed.f1"
"majority-vote",0.985424869747867,0.375061589582716,0.543327742113409
