"","bcubed.precision","bcubed.recall","bcubed.f1"
"majority-vote",0.965663950378964,0.271899602023494,0.424323491568196
