"","bcubed.precision","bcubed.recall","bcubed.f1"
"majority-vote",0.926170354175451,0.886577170169434,0.905941374264396
