"","bcubed.precision","bcubed.recall","bcubed.f1"
"majority-vote",0.567262820861767,0.964220343780426,0.714296264919082
