"","bcubed.precision","bcubed.recall","bcubed.f1"
"majority-vote",0.987294056848005,0.805931333679508,0.887441389322841
