"","bcubed.precision","bcubed.recall","bcubed.f1"
"majority-vote",0.84082215368679,0.20948883397717,0.335410853788714
