"","bcubed.precision","bcubed.recall","bcubed.f1"
"majority-vote",0.917724070359561,0.85783275168251,0.88676831379172
