"","bcubed.precision","bcubed.recall","bcubed.f1"
"majority-vote",0.845978297533925,0.873262506964979,0.859403903175462
