"","bcubed.precision","bcubed.recall","bcubed.f1"
"majority-vote",0.951357979137402,0.0465489926594389,0.0887552784757602
