"","bcubed.precision","bcubed.recall","bcubed.f1"
"majority-vote",0.851511053497414,0.569689359636954,0.682657818429534
