"","bcubed.precision","bcubed.recall","bcubed.f1"
"majority-vote",0.979652065103477,0.885802203494556,0.93036636977311
