"","bcubed.precision","bcubed.recall","bcubed.f1"
"majority-vote",0.953359407472721,0.23879443139418,0.381925402912968
