"","bcubed.precision","bcubed.recall","bcubed.f1"
"majority-vote",0.822411909932436,0.827069574957037,0.824734166486267
