"","bcubed.precision","bcubed.recall","bcubed.f1"
"majority-vote",0.958394836125485,0.812153370956767,0.879234571251311
