"","bcubed.precision","bcubed.recall","bcubed.f1"
"majority-vote",0.91802740603868,0.835838623586524,0.87500727024407
