"","bcubed.precision","bcubed.recall","bcubed.f1"
"majority-vote",0.942791785936487,0.489745817328516,0.644629966741141
