"","bcubed.precision","bcubed.recall","bcubed.f1"
"majority-vote",0.939585087809856,0.909482768122688,0.92428889919471
