"","bcubed.precision","bcubed.recall","bcubed.f1"
"majority-vote",0.995322654907469,0.456943543147724,0.62634007610681
