"","bcubed.precision","bcubed.recall","bcubed.f1"
"majority-vote",0.894896258028717,0.874320449862571,0.884488706680331
