"","bcubed.precision","bcubed.recall","bcubed.f1"
"majority-vote",0.940525343136878,0.92301898402159,0.931689935159709
