"","bcubed.precision","bcubed.recall","bcubed.f1"
"majority-vote",0.973266892930244,0.970307582877534,0.971784984963213
