"","bcubed.precision","bcubed.recall","bcubed.f1"
"majority-vote",0.722623589666588,0.960866731218997,0.824887387697505
