"","bcubed.precision","bcubed.recall","bcubed.f1"
"majority-vote",0.927094013557081,0.819151170683803,0.869786388982213
