"","bcubed.precision","bcubed.recall","bcubed.f1"
"majority-vote",0.938706997059911,0.926712501336483,0.932671187381999
