"","bcubed.precision","bcubed.recall","bcubed.f1"
"majority-vote",0.982946937119729,0.937013604278126,0.959430813816756
