"","bcubed.precision","bcubed.recall","bcubed.f1"
"majority-vote",0.900257026407101,0.485741534687475,0.631013973455819
