"","bcubed.precision","bcubed.recall","bcubed.f1"
"majority-vote",0.881689781264855,0.789918856537286,0.833285217708692
