"","bcubed.precision","bcubed.recall","bcubed.f1"
"majority-vote",0.890385838989112,0.466215581390524,0.611987788528236
