"","bcubed.precision","bcubed.recall","bcubed.f1"
"majority-vote",0.861414579598031,0.973914112586808,0.914216422846685
