"","bcubed.precision","bcubed.recall","bcubed.f1"
"majority-vote",0.967501796122063,0.271642479995344,0.42418722720815
