"","bcubed.precision","bcubed.recall","bcubed.f1"
"majority-vote",0.957910836831152,0.602533468726976,0.739755128960652
