"","bcubed.precision","bcubed.recall","bcubed.f1"
"majority-vote",0.997835923768663,0.750094573283178,0.85640855023503
