"","bcubed.precision","bcubed.recall","bcubed.f1"
"majority-vote",0.99967972308318,0.332303702756522,0.498800911643075
