"","bcubed.precision","bcubed.recall","bcubed.f1"
"majority-vote",0.661625289421415,0.677321962279911,0.669381618664228
