"","bcubed.precision","bcubed.recall","bcubed.f1"
"majority-vote",0.800724833974703,0.8929348246649,0.844319678493539
