"","bcubed.precision","bcubed.recall","bcubed.f1"
"majority-vote",0.788874723919306,0.535881894164596,0.638220901170356
