"","bcubed.precision","bcubed.recall","bcubed.f1"
"majority-vote",0.96951164970792,0.489592199584994,0.650625850015817
