"","bcubed.precision","bcubed.recall","bcubed.f1"
"majority-vote",0.894808542041017,0.44291474834716,0.59253494809376
