"","bcubed.precision","bcubed.recall","bcubed.f1"
"majority-vote",0.682226310542133,0.845604568957913,0.755180030719769
