"","bcubed.precision","bcubed.recall","bcubed.f1"
"majority-vote",0.931417345541831,0.749936849623086,0.830882858363374
