"","bcubed.precision","bcubed.recall","bcubed.f1"
"majority-vote",0.953521369740092,0.981309086230981,0.967215686680665
