"","bcubed.precision","bcubed.recall","bcubed.f1"
"majority-vote",0.95315794773975,0.826795317099578,0.885491257792779
