"","bcubed.precision","bcubed.recall","bcubed.f1"
"majority-vote",0.87431188178383,0.677334962387724,0.763320607118401
