"","bcubed.precision","bcubed.recall","bcubed.f1"
"majority-vote",0.688413277824718,0.833695768574082,0.754121050801915
