"","bcubed.precision","bcubed.recall","bcubed.f1"
"majority-vote",0.988832493971397,0.630435376470229,0.769971413602906
