"","bcubed.precision","bcubed.recall","bcubed.f1"
"majority-vote",0.965683088824629,0.370492185393058,0.535525607873906
