"","bcubed.precision","bcubed.recall","bcubed.f1"
"majority-vote",0.714154044848012,0.676288376477414,0.694705616194664
