"","bcubed.precision","bcubed.recall","bcubed.f1"
"majority-vote",0.924583571668699,0.615509101867676,0.739032934287857
