"","bcubed.precision","bcubed.recall","bcubed.f1"
"majority-vote",0.908015824035787,0.649815721187076,0.757518307232224
