"","bcubed.precision","bcubed.recall","bcubed.f1"
"majority-vote",0.992823033753401,0.769162214457088,0.866797226573085
