"","bcubed.precision","bcubed.recall","bcubed.f1"
"majority-vote",0.964941385268492,0.817866868436774,0.885337598538013
