"","bcubed.precision","bcubed.recall","bcubed.f1"
"majority-vote",0.999399595567574,0.1066183442082,0.192681015831193
