"","bcubed.precision","bcubed.recall","bcubed.f1"
"majority-vote",0.699246847791036,0.919996897971012,0.794574544527278
