"","bcubed.precision","bcubed.recall","bcubed.f1"
"majority-vote",0.963196535290749,0.847904542212777,0.901880880599327
