"","bcubed.precision","bcubed.recall","bcubed.f1"
"majority-vote",0.471354919984969,0.962920692383991,0.632901238780555
