"","bcubed.precision","bcubed.recall","bcubed.f1"
"majority-vote",0.809996289021912,0.507155042805437,0.623760827939548
