"","bcubed.precision","bcubed.recall","bcubed.f1"
"majority-vote",0.985232332957115,0.614204088198892,0.756683690234622
