"","bcubed.precision","bcubed.recall","bcubed.f1"
"majority-vote",0.831377794760011,0.671844653744232,0.743145802814435
