"","bcubed.precision","bcubed.recall","bcubed.f1"
"majority-vote",0.934641420313337,0.313534317929862,0.469552726027818
