"","bcubed.precision","bcubed.recall","bcubed.f1"
"majority-vote",0.959182079377906,0.748563364198533,0.84088476642559
