"","bcubed.precision","bcubed.recall","bcubed.f1"
"majority-vote",0.913919742006029,0.769104013969942,0.835281545524716
