"","bcubed.precision","bcubed.recall","bcubed.f1"
"majority-vote",0.975369262278195,0.865870213498652,0.917363767700579
