"","bcubed.precision","bcubed.recall","bcubed.f1"
"majority-vote",0.956500852628349,0.159019963470038,0.272702630823171
