"","bcubed.precision","bcubed.recall","bcubed.f1"
"majority-vote",0.928492585025061,0.51532584680858,0.662792795941613
