"","bcubed.precision","bcubed.recall","bcubed.f1"
"majority-vote",0.871699717457375,0.43446379196244,0.579899778194452
