"","bcubed.precision","bcubed.recall","bcubed.f1"
"majority-vote",0.965141222990287,0.901706599413479,0.932346171650742
