"","bcubed.precision","bcubed.recall","bcubed.f1"
"majority-vote",0.958710502427548,0.927480263152013,0.942836838462503
