"","bcubed.precision","bcubed.recall","bcubed.f1"
"majority-vote",0.951856282747927,0.820211425454972,0.881143982125492
