"","bcubed.precision","bcubed.recall","bcubed.f1"
"majority-vote",0.905543040436051,0.252917649371133,0.39540023965698
