"","bcubed.precision","bcubed.recall","bcubed.f1"
"majority-vote",0.785006248723948,0.682470413582895,0.73015612853374
