"","bcubed.precision","bcubed.recall","bcubed.f1"
"majority-vote",0.91111969812167,0.4419290405223,0.595174796726708
