"","bcubed.precision","bcubed.recall","bcubed.f1"
"majority-vote",0.945803661172375,0.487652452653622,0.643512515871093
