"","bcubed.precision","bcubed.recall","bcubed.f1"
"majority-vote",0.975899102974379,0.166222310724663,0.284061224988594
