"","bcubed.precision","bcubed.recall","bcubed.f1"
"majority-vote",0.991580343088424,0.921676621164262,0.955351463296633
