"","bcubed.precision","bcubed.recall","bcubed.f1"
"majority-vote",0.967627037217452,0.299472326980037,0.457387208410192
