"","bcubed.precision","bcubed.recall","bcubed.f1"
"majority-vote",0.643283359302688,0.471572133572006,0.544204173862077
