"","bcubed.precision","bcubed.recall","bcubed.f1"
"majority-vote",0.996427604915585,0.732402646646291,0.844254332514472
