"","bcubed.precision","bcubed.recall","bcubed.f1"
"majority-vote",0.974922413988651,0.673934395695183,0.796956708505351
