"","bcubed.precision","bcubed.recall","bcubed.f1"
"majority-vote",0.51471356338966,0.725876815153533,0.602323939588097
