"","bcubed.precision","bcubed.recall","bcubed.f1"
"majority-vote",0.835040611115136,0.925327084220803,0.877868522509635
