"","bcubed.precision","bcubed.recall","bcubed.f1"
"majority-vote",0.959821502468015,0.323622422210065,0.484041029834496
