"","bcubed.precision","bcubed.recall","bcubed.f1"
"majority-vote",0.772348523055402,0.743002792241789,0.757391508386212
