"","bcubed.precision","bcubed.recall","bcubed.f1"
"majority-vote",0.897195305544408,0.924134679215155,0.910465761636357
