"","bcubed.precision","bcubed.recall","bcubed.f1"
"majority-vote",0.956266324084185,0.77894197231317,0.858543585902988
