"","bcubed.precision","bcubed.recall","bcubed.f1"
"majority-vote",0.996581400822972,0.883774541464562,0.936794200222495
