"","bcubed.precision","bcubed.recall","bcubed.f1"
"majority-vote",0.948061680980436,0.928008979812238,0.937928162038411
