"","bcubed.precision","bcubed.recall","bcubed.f1"
"majority-vote",0.999271591458477,0.804089356589653,0.891117944972512
