"","bcubed.precision","bcubed.recall","bcubed.f1"
"majority-vote",0.976039711947094,0.769302146394759,0.860426788916618
