"","bcubed.precision","bcubed.recall","bcubed.f1"
"majority-vote",0.995175553117149,0.85375413434537,0.919056304449576
