"","bcubed.precision","bcubed.recall","bcubed.f1"
"majority-vote",0.944575176805711,0.933283003936848,0.93889513861459
