"","bcubed.precision","bcubed.recall","bcubed.f1"
"majority-vote",0.999144833254811,0.888914946644475,0.940812134868081
