"","bcubed.precision","bcubed.recall","bcubed.f1"
"majority-vote",0.933662903756796,0.769850050428548,0.84388020857073
