"","bcubed.precision","bcubed.recall","bcubed.f1"
"majority-vote",0.982726022227206,0.578402358727788,0.728205388068952
