"","bcubed.precision","bcubed.recall","bcubed.f1"
"majority-vote",0.874341568502652,0.223645243276149,0.356183390722947
