"","bcubed.precision","bcubed.recall","bcubed.f1"
"majority-vote",0.914572696674169,0.75152748507747,0.8250722569749
