"","bcubed.precision","bcubed.recall","bcubed.f1"
"majority-vote",0.953941944196413,0.924462401188766,0.938970847776291
