"","bcubed.precision","bcubed.recall","bcubed.f1"
"majority-vote",0.999328544494013,0.804666556368802,0.891494947180784
