"","bcubed.precision","bcubed.recall","bcubed.f1"
"majority-vote",0.92869106442303,0.618969450711433,0.742839133524831
