"","bcubed.precision","bcubed.recall","bcubed.f1"
"majority-vote",0.941380007789062,0.947214868634737,0.944288424738043
