"","bcubed.precision","bcubed.recall","bcubed.f1"
"majority-vote",0.930817107518051,0.998652190174147,0.963542197003392
