"","bcubed.precision","bcubed.recall","bcubed.f1"
"majority-vote",0.989800463198301,0.998642212528574,0.994201680135263
