"","bcubed.precision","bcubed.recall","bcubed.f1"
"majority-vote",0.993641551064454,0.857185995484203,0.920383558902537
