"","bcubed.precision","bcubed.recall","bcubed.f1"
"majority-vote",0.906692809911525,0.903436900334996,0.905061926894662
