"","bcubed.precision","bcubed.recall","bcubed.f1"
"majority-vote",0.980700541964282,0.833529306069472,0.901145621753914
