"","bcubed.precision","bcubed.recall","bcubed.f1"
"majority-vote",0.945927401220156,0.701279054921694,0.805435252489175
