"","bcubed.precision","bcubed.recall","bcubed.f1"
"majority-vote",0.976079628570314,0.750409314732473,0.848495726591305
