"","bcubed.precision","bcubed.recall","bcubed.f1"
"majority-vote",0.933918838567208,0.745909156754286,0.829392789372207
