"","bcubed.precision","bcubed.recall","bcubed.f1"
"majority-vote",0.929195142138524,0.854192553509568,0.890116684228387
