"","bcubed.precision","bcubed.recall","bcubed.f1"
"majority-vote",0.957043078823224,0.956648717344568,0.956845857450139
