"","bcubed.precision","bcubed.recall","bcubed.f1"
"majority-vote",0.957157038949226,0.834022666416645,0.8913574259606
