"","bcubed.precision","bcubed.recall","bcubed.f1"
"majority-vote",0.970100770924721,0.84706224650915,0.904416093081375
