"","bcubed.precision","bcubed.recall","bcubed.f1"
"majority-vote",0.962307777092949,0.947663465624492,0.954929480236386
