"","bcubed.precision","bcubed.recall","bcubed.f1"
"majority-vote",0.657291495157555,0.92909837040885,0.769909680198872
