"","bcubed.precision","bcubed.recall","bcubed.f1"
"majority-vote",0.779091870229311,0.391380455881389,0.521022709451045
