"","bcubed.precision","bcubed.recall","bcubed.f1"
"majority-vote",0.921261447337291,0.640121114142651,0.755380415581507
