"","bcubed.precision","bcubed.recall","bcubed.f1"
"majority-vote",0.844370171386245,0.868833830555498,0.856427336827176
