"","bcubed.precision","bcubed.recall","bcubed.f1"
"majority-vote",0.974964739637951,0.150962395014739,0.261443227755706
