"","bcubed.precision","bcubed.recall","bcubed.f1"
"majority-vote",0.863615344435102,0.928598648025576,0.89492889200749
