"","bcubed.precision","bcubed.recall","bcubed.f1"
"majority-vote",0.965784873448722,0.651235653476382,0.777916585108526
