"","bcubed.precision","bcubed.recall","bcubed.f1"
"majority-vote",0.965238697883022,0.172842537218789,0.293185232157767
