"","bcubed.precision","bcubed.recall","bcubed.f1"
"majority-vote",0.734946161456802,0.456396857136586,0.563107540008954
