"","bcubed.precision","bcubed.recall","bcubed.f1"
"majority-vote",0.703919788573856,0.732530747046634,0.717940333896952
