"","bcubed.precision","bcubed.recall","bcubed.f1"
"majority-vote",0.980790108564536,0.7507144876847,0.850466519664108
