"","bcubed.precision","bcubed.recall","bcubed.f1"
"majority-vote",0.777013319021852,0.785078500569638,0.781025089267597
