"","bcubed.precision","bcubed.recall","bcubed.f1"
"majority-vote",0.936303925867606,0.983106159142449,0.959134437750833
