"","bcubed.precision","bcubed.recall","bcubed.f1"
"majority-vote",0.940537618179117,0.801847429131424,0.865672799823912
