"","bcubed.precision","bcubed.recall","bcubed.f1"
"majority-vote",0.435405358676499,0.679284769859425,0.530666274496561
