"","bcubed.precision","bcubed.recall","bcubed.f1"
"majority-vote",0.788389700989178,0.923495454393192,0.850611155619595
