"","bcubed.precision","bcubed.recall","bcubed.f1"
"majority-vote",0.8297483768362,0.791434982698731,0.810138949926112
