"","bcubed.precision","bcubed.recall","bcubed.f1"
"majority-vote",0.672133606230723,0.677992652330623,0.675050416239584
