"","bcubed.precision","bcubed.recall","bcubed.f1"
"majority-vote",0.88876088771078,0.141256407628291,0.243769052823969
