"","bcubed.precision","bcubed.recall","bcubed.f1"
"majority-vote",0.918807370396974,0.664888450358656,0.771492101797521
