"","bcubed.precision","bcubed.recall","bcubed.f1"
"majority-vote",0.595273960388079,0.948726752274649,0.731544132746803
