"","bcubed.precision","bcubed.recall","bcubed.f1"
"majority-vote",0.979063157441851,0.924080105075475,0.95077738310429
