"","bcubed.precision","bcubed.recall","bcubed.f1"
"majority-vote",0.959407388515114,0.837822386390752,0.89450219330887
