"","bcubed.precision","bcubed.recall","bcubed.f1"
"majority-vote",0.962806007869341,0.831486209900606,0.892340623700408
