"","bcubed.precision","bcubed.recall","bcubed.f1"
"majority-vote",0.677031214590724,0.867960748595034,0.760698481080341
