"","bcubed.precision","bcubed.recall","bcubed.f1"
"majority-vote",0.867032209030476,0.600958110336314,0.709882117157867
