"","bcubed.precision","bcubed.recall","bcubed.f1"
"majority-vote",0.975707360264348,0.582755728258828,0.729692037605026
