"","bcubed.precision","bcubed.recall","bcubed.f1"
"majority-vote",0.95605768873842,0.835035922328934,0.891458167213946
