"","bcubed.precision","bcubed.recall","bcubed.f1"
"majority-vote",0.994390169736819,0.705525199223764,0.825414412293591
