"","bcubed.precision","bcubed.recall","bcubed.f1"
"majority-vote",0.887401695084859,0.341825209261818,0.49353991366288
