"","bcubed.precision","bcubed.recall","bcubed.f1"
"majority-vote",0.981428059130591,0.518894227367995,0.678863946823493
