"","bcubed.precision","bcubed.recall","bcubed.f1"
"majority-vote",0.993382460424567,0.611328096322967,0.756874946573332
