"","bcubed.precision","bcubed.recall","bcubed.f1"
"majority-vote",0.907570944740369,0.248388828512692,0.390031710397359
