"","bcubed.precision","bcubed.recall","bcubed.f1"
"majority-vote",0.828322768572997,0.900678644918802,0.862986719307568
