"","bcubed.precision","bcubed.recall","bcubed.f1"
"majority-vote",0.848802507086728,0.870980023815721,0.859748269973766
