"","bcubed.precision","bcubed.recall","bcubed.f1"
"majority-vote",0.93048444752728,0.611264049585446,0.737826814862418
