"","bcubed.precision","bcubed.recall","bcubed.f1"
"majority-vote",0.88260791306666,0.812326461552636,0.846010056431637
