"","bcubed.precision","bcubed.recall","bcubed.f1"
"majority-vote",0.748195437247433,0.755437051723331,0.751798806387774
