"","bcubed.precision","bcubed.recall","bcubed.f1"
"majority-vote",0.942547186820058,0.506767089046916,0.659141915742783
