"","bcubed.precision","bcubed.recall","bcubed.f1"
"majority-vote",0.981427394416242,0.994220463339747,0.987782508892181
