"","bcubed.precision","bcubed.recall","bcubed.f1"
"majority-vote",0.975954864951284,0.712966771459558,0.823985404832959
