"","bcubed.precision","bcubed.recall","bcubed.f1"
"majority-vote",0.995481927072729,0.982047127006583,0.988718890832075
