"","bcubed.precision","bcubed.recall","bcubed.f1"
"majority-vote",0.931738065172038,0.532422239604644,0.677628079064003
