"","bcubed.precision","bcubed.recall","bcubed.f1"
"majority-vote",0.953145821750839,0.162020213223663,0.27696124958979
