"","bcubed.precision","bcubed.recall","bcubed.f1"
"majority-vote",0.921411088569447,0.756209985282959,0.830676577192256
