"","bcubed.precision","bcubed.recall","bcubed.f1"
"majority-vote",0.918010269836857,0.556248769463638,0.692744042043009
