"","bcubed.precision","bcubed.recall","bcubed.f1"
"majority-vote",0.921325338725643,0.786894115468041,0.848820080692755
