"","bcubed.precision","bcubed.recall","bcubed.f1"
"majority-vote",0.98897051283314,0.915011862661362,0.950554755875393
