"","bcubed.precision","bcubed.recall","bcubed.f1"
"majority-vote",0.917232364773193,0.863166895741419,0.889378725922404
