"","bcubed.precision","bcubed.recall","bcubed.f1"
"majority-vote",0.884073120570423,0.78643751955607,0.832402087537678
