"","bcubed.precision","bcubed.recall","bcubed.f1"
"majority-vote",0.697879598602672,0.80373565022934,0.7470764743512
