"","bcubed.precision","bcubed.recall","bcubed.f1"
"majority-vote",0.964620847849266,0.886546624693453,0.923937320047059
