"","bcubed.precision","bcubed.recall","bcubed.f1"
"majority-vote",0.160744447133979,0.983184040467832,0.276313382748739
