"","bcubed.precision","bcubed.recall","bcubed.f1"
"majority-vote",0.625004997528371,0.87729030560281,0.729964107778442
