"","bcubed.precision","bcubed.recall","bcubed.f1"
"majority-vote",0.934332754511409,0.766372392684771,0.842058754063456
