"","bcubed.precision","bcubed.recall","bcubed.f1"
"majority-vote",0.969282984250703,0.673846366754718,0.795004747368002
