"","bcubed.precision","bcubed.recall","bcubed.f1"
"majority-vote",0.934213300179978,0.740643427404771,0.826242542632542
