"","bcubed.precision","bcubed.recall","bcubed.f1"
"majority-vote",0.982992664758822,0.870717645789037,0.923455033956985
