"","bcubed.precision","bcubed.recall","bcubed.f1"
"majority-vote",0.998759546065439,0.328775797957864,0.494703162825825
