"","bcubed.precision","bcubed.recall","bcubed.f1"
"majority-vote",0.246461054593281,0.886967663538869,0.385737509997414
