"","bcubed.precision","bcubed.recall","bcubed.f1"
"majority-vote",0.781088519036867,0.308930393383162,0.442748250885664
