"","bcubed.precision","bcubed.recall","bcubed.f1"
"majority-vote",0.53234287881344,0.718885168570685,0.61170847468338
