"","bcubed.precision","bcubed.recall","bcubed.f1"
"majority-vote",0.377401665986653,0.929785962715661,0.536882026168266
