"","bcubed.precision","bcubed.recall","bcubed.f1"
"majority-vote",0.99277567759826,0.612044073629578,0.757246998552598
