"","bcubed.precision","bcubed.recall","bcubed.f1"
"majority-vote",0.891772903936859,0.613042468124282,0.726593670141746
