"","bcubed.precision","bcubed.recall","bcubed.f1"
"majority-vote",0.928402216699472,0.575985841884591,0.710915683412791
