"","bcubed.precision","bcubed.recall","bcubed.f1"
"majority-vote",0.977293695190019,0.719122402341139,0.828562981571197
