"","bcubed.precision","bcubed.recall","bcubed.f1"
"majority-vote",0.79039622065124,0.989651858368974,0.878871866254159
