"","bcubed.precision","bcubed.recall","bcubed.f1"
"majority-vote",0.962409152008209,0.608884039254975,0.745876804085969
