"","bcubed.precision","bcubed.recall","bcubed.f1"
"majority-vote",0.938418716368801,0.611919343229219,0.740788837685239
