"","bcubed.precision","bcubed.recall","bcubed.f1"
"majority-vote",0.677180033922279,0.634465506907726,0.655127258265843
