"","bcubed.precision","bcubed.recall","bcubed.f1"
"majority-vote",0.894114765508357,0.860873634641604,0.877179390934018
