"","bcubed.precision","bcubed.recall","bcubed.f1"
"majority-vote",0.777596271108604,0.228152879146823,0.352793393903848
