"","bcubed.precision","bcubed.recall","bcubed.f1"
"majority-vote",0.946443837049242,0.540412500030785,0.68798856670035
