"","bcubed.precision","bcubed.recall","bcubed.f1"
"majority-vote",0.750709783281539,0.381410978856127,0.505827581039389
