"","bcubed.precision","bcubed.recall","bcubed.f1"
"majority-vote",0.999514250177171,0.643607005877515,0.783015095834204
