"","bcubed.precision","bcubed.recall","bcubed.f1"
"majority-vote",0.972978735852882,0.453901863460576,0.619024270879612
