"","bcubed.precision","bcubed.recall","bcubed.f1"
"majority-vote",0.904799102690763,0.69574076516904,0.786616606897883
