"","bcubed.precision","bcubed.recall","bcubed.f1"
"majority-vote",0.838537697702649,0.669847231289883,0.744759702039019
