"","bcubed.precision","bcubed.recall","bcubed.f1"
"majority-vote",0.909367563860576,0.369449217231162,0.525431226132147
