"","bcubed.precision","bcubed.recall","bcubed.f1"
"majority-vote",0.972374542063947,0.775743148378065,0.86300012040109
