"","bcubed.precision","bcubed.recall","bcubed.f1"
"majority-vote",0.978308647015321,0.356527496757933,0.522601870804993
