"","bcubed.precision","bcubed.recall","bcubed.f1"
"majority-vote",0.668238021456811,0.873377779869926,0.75715913018321
