"","bcubed.precision","bcubed.recall","bcubed.f1"
"majority-vote",0.96479291179309,0.763514351436543,0.852433187073174
