"","bcubed.precision","bcubed.recall","bcubed.f1"
"majority-vote",0.86285963421281,0.614536745095766,0.717828957089804
