"","bcubed.precision","bcubed.recall","bcubed.f1"
"majority-vote",0.959800398824927,0.905482700569843,0.931850674482602
