"","bcubed.precision","bcubed.recall","bcubed.f1"
"majority-vote",0.877559501187116,0.432911637835905,0.579800210236755
