"","bcubed.precision","bcubed.recall","bcubed.f1"
"majority-vote",0.943172317089495,0.464599591782363,0.62254044243767
