"","bcubed.precision","bcubed.recall","bcubed.f1"
"majority-vote",0.921545028553371,0.727521500847728,0.813119192365635
