"","bcubed.precision","bcubed.recall","bcubed.f1"
"majority-vote",0.999483671932965,0.545937554029106,0.706157857780716
