"","bcubed.precision","bcubed.recall","bcubed.f1"
"majority-vote",0.455064078846734,0.404604909122117,0.428353617132445
