"","bcubed.precision","bcubed.recall","bcubed.f1"
"majority-vote",0.996588582600728,0.53425291157984,0.69560480810806
