"","bcubed.precision","bcubed.recall","bcubed.f1"
"majority-vote",0.668034547130186,0.538572886602533,0.596358491319916
