"","bcubed.precision","bcubed.recall","bcubed.f1"
"majority-vote",0.900432434524508,0.502562909110433,0.645082602454842
