"","bcubed.precision","bcubed.recall","bcubed.f1"
"majority-vote",0.654133026379569,0.883409651806567,0.75167660354101
