"","bcubed.precision","bcubed.recall","bcubed.f1"
"majority-vote",0.952119937506853,0.449122432636763,0.610341838937133
