"","bcubed.precision","bcubed.recall","bcubed.f1"
"majority-vote",0.98436074605905,0.565920162857996,0.718669230223443
