"","bcubed.precision","bcubed.recall","bcubed.f1"
"majority-vote",0.973680413255003,0.714987951215541,0.82451922290872
