"","bcubed.precision","bcubed.recall","bcubed.f1"
"majority-vote",0.247843630618034,0.948343600175942,0.392983497717114
