"","bcubed.precision","bcubed.recall","bcubed.f1"
"majority-vote",0.972859840313643,0.671433029305765,0.794518107741848
