"","bcubed.precision","bcubed.recall","bcubed.f1"
"majority-vote",0.861618056565535,0.961244881548167,0.908708964789363
