"","bcubed.precision","bcubed.recall","bcubed.f1"
"majority-vote",0.852199800686216,0.57415550439047,0.686077591835572
