"","bcubed.precision","bcubed.recall","bcubed.f1"
"majority-vote",0.982095100285822,0.565081444692413,0.717389001140344
