"","bcubed.precision","bcubed.recall","bcubed.f1"
"majority-vote",0.973511855814718,0.720311421636201,0.827986860467402
