"","bcubed.precision","bcubed.recall","bcubed.f1"
"majority-vote",0.923792855226793,0.540857695236142,0.68226577922721
