"","bcubed.precision","bcubed.recall","bcubed.f1"
"majority-vote",0.881575927768958,0.61575065411128,0.725066876847729
