"","bcubed.precision","bcubed.recall","bcubed.f1"
"majority-vote",0.882287231142388,0.701695561744144,0.781696666221919
