"","bcubed.precision","bcubed.recall","bcubed.f1"
"majority-vote",0.609658815785497,0.91407708336677,0.731458978543574
