"","bcubed.precision","bcubed.recall","bcubed.f1"
"majority-vote",0.705182751020689,0.754935009272783,0.729211247418577
