"","bcubed.precision","bcubed.recall","bcubed.f1"
"majority-vote",0.950138781994054,0.67922861024275,0.792161973421605
