"","bcubed.precision","bcubed.recall","bcubed.f1"
"majority-vote",0.989905442511907,0.871994346472728,0.927216335186008
