"","bcubed.precision","bcubed.recall","bcubed.f1"
"majority-vote",0.507462557668696,0.463756930042789,0.484626350343595
