"","bcubed.precision","bcubed.recall","bcubed.f1"
"majority-vote",0.95533333730773,0.800873876524034,0.871311206555125
