"","bcubed.precision","bcubed.recall","bcubed.f1"
"majority-vote",0.946818091101681,0.754339191090043,0.839689545967057
