"","bcubed.precision","bcubed.recall","bcubed.f1"
"majority-vote",0.964690331919589,0.749131995929093,0.843355092370145
