"","bcubed.precision","bcubed.recall","bcubed.f1"
"majority-vote",0.953713744507484,0.331172742921654,0.491629416015699
