"","bcubed.precision","bcubed.recall","bcubed.f1"
"majority-vote",0.909864708191464,0.966702072389629,0.937422646616934
