"","bcubed.precision","bcubed.recall","bcubed.f1"
"majority-vote",0.524550517942944,0.756290250319213,0.619456301439251
