"","bcubed.precision","bcubed.recall","bcubed.f1"
"majority-vote",0.800582910814156,0.420404475739357,0.551305677050027
