"","bcubed.precision","bcubed.recall","bcubed.f1"
"majority-vote",0.701281207286298,0.58834222042808,0.639866388548092
