"","bcubed.precision","bcubed.recall","bcubed.f1"
"majority-vote",0.808863808447042,0.950941601700239,0.874167383651367
