"","bcubed.precision","bcubed.recall","bcubed.f1"
"majority-vote",0.967656955868336,0.174914578896481,0.296274331719283
