"","bcubed.precision","bcubed.recall","bcubed.f1"
"majority-vote",0.748270737554678,0.757786256437179,0.752998436679498
