"","bcubed.precision","bcubed.recall","bcubed.f1"
"majority-vote",0.914481476578782,0.888426548017841,0.901265744429664
