"","bcubed.precision","bcubed.recall","bcubed.f1"
"majority-vote",0.928176711998599,0.419297832566308,0.577647251518507
