"","bcubed.precision","bcubed.recall","bcubed.f1"
"majority-vote",0.954676415748917,0.650549934532573,0.773803245450513
