"","bcubed.precision","bcubed.recall","bcubed.f1"
"majority-vote",0.999597329367156,0.480216565866112,0.648761575092474
