"","bcubed.precision","bcubed.recall","bcubed.f1"
"majority-vote",0.571096331532415,0.384485147332627,0.459569512442119
