"","bcubed.precision","bcubed.recall","bcubed.f1"
"majority-vote",0.994261083728724,0.864324401815096,0.924750702215249
