"","bcubed.precision","bcubed.recall","bcubed.f1"
"majority-vote",0.850957207898994,0.537405402295193,0.658774584231983
