"","bcubed.precision","bcubed.recall","bcubed.f1"
"majority-vote",0.99987563037425,0.611644607140026,0.758995789059989
