"","bcubed.precision","bcubed.recall","bcubed.f1"
"majority-vote",0.366125895789821,0.861444577666682,0.513855903984764
