"","bcubed.precision","bcubed.recall","bcubed.f1"
"majority-vote",0.85222298680596,0.432979257995139,0.574220715792093
