"","bcubed.precision","bcubed.recall","bcubed.f1"
"majority-vote",0.884441217854239,0.72982256799674,0.799726991975192
