"","bcubed.precision","bcubed.recall","bcubed.f1"
"majority-vote",0.84539153201112,0.852736642928827,0.849048202139528
