"","bcubed.precision","bcubed.recall","bcubed.f1"
"majority-vote",0.962074268328267,0.856724881573713,0.906348525226737
