"","bcubed.precision","bcubed.recall","bcubed.f1"
"majority-vote",0.88621539702637,0.744781426204811,0.809366097984616
