"","bcubed.precision","bcubed.recall","bcubed.f1"
"majority-vote",0.937905537311414,0.302546600947593,0.45751081169767
