"","bcubed.precision","bcubed.recall","bcubed.f1"
"majority-vote",0.546380909847829,0.650653382049792,0.593975610032628
