"","bcubed.precision","bcubed.recall","bcubed.f1"
"majority-vote",0.914968329622405,0.681291990918989,0.781026236002469
