"","bcubed.precision","bcubed.recall","bcubed.f1"
"majority-vote",0.594526594872189,0.946047934282266,0.730182988632696
