"","bcubed.precision","bcubed.recall","bcubed.f1"
"majority-vote",0.629753573658478,0.887459997944907,0.736720413849353
