"","bcubed.precision","bcubed.recall","bcubed.f1"
"majority-vote",0.959044632101685,0.420095574245121,0.584263156994997
