"","bcubed.precision","bcubed.recall","bcubed.f1"
"majority-vote",0.952855093694544,0.718236779666484,0.819075940579505
