"","bcubed.precision","bcubed.recall","bcubed.f1"
"majority-vote",0.883124591294423,0.413762149211008,0.563508774517451
