"","bcubed.precision","bcubed.recall","bcubed.f1"
"majority-vote",0.905880111415062,0.843983474192894,0.873837080698725
