"","bcubed.precision","bcubed.recall","bcubed.f1"
"majority-vote",0.840921646930917,0.933757270301861,0.884911286150096
