"","bcubed.precision","bcubed.recall","bcubed.f1"
"majority-vote",0.914865917475077,0.773289365571267,0.838141007538648
