"","bcubed.precision","bcubed.recall","bcubed.f1"
"majority-vote",0.943024834808524,0.215591012254576,0.350949245572509
