"","bcubed.precision","bcubed.recall","bcubed.f1"
"majority-vote",0.927385317740545,0.847224555701003,0.885494469004199
