"","bcubed.precision","bcubed.recall","bcubed.f1"
"majority-vote",0.620515395866667,0.318574930500625,0.42100454783191
