"","bcubed.precision","bcubed.recall","bcubed.f1"
"majority-vote",0.41165451562084,0.699016025148736,0.518161043588004
