"","bcubed.precision","bcubed.recall","bcubed.f1"
"majority-vote",0.754895596463708,0.891923799638201,0.8177087910451
