"","bcubed.precision","bcubed.recall","bcubed.f1"
"majority-vote",0.980714112327011,0.702619563965056,0.818695582084968
