"","bcubed.precision","bcubed.recall","bcubed.f1"
"majority-vote",0.819396825740007,0.537376334186136,0.649076021645196
