"","bcubed.precision","bcubed.recall","bcubed.f1"
"majority-vote",0.831940292841784,0.626009975689648,0.7144316699111
