"","bcubed.precision","bcubed.recall","bcubed.f1"
"majority-vote",0.928182419206231,0.458959992848973,0.614210325888991
