"","bcubed.precision","bcubed.recall","bcubed.f1"
"majority-vote",0.943540263709228,0.981837442452813,0.962307973554104
