"","bcubed.precision","bcubed.recall","bcubed.f1"
"majority-vote",0.676196736506883,0.91617389896437,0.778102518034882
