"","bcubed.precision","bcubed.recall","bcubed.f1"
"majority-vote",0.888415182833879,0.818314088817152,0.851924992331973
