"","bcubed.precision","bcubed.recall","bcubed.f1"
"majority-vote",0.929270264275433,0.857726388090652,0.892066167311126
