"","bcubed.precision","bcubed.recall","bcubed.f1"
"majority-vote",0.848399256834538,0.861084978491083,0.854695048631514
