"","bcubed.precision","bcubed.recall","bcubed.f1"
"majority-vote",0.971327865676122,0.766702920530994,0.856969758323111
