"","bcubed.precision","bcubed.recall","bcubed.f1"
"majority-vote",0.963826105516298,0.0702491563922063,0.130953661334752
