"","bcubed.precision","bcubed.recall","bcubed.f1"
"majority-vote",0.786916334536025,0.951412338549431,0.861381304554782
