"","bcubed.precision","bcubed.recall","bcubed.f1"
"majority-vote",0.58903920845505,0.803970950704109,0.679923845938721
