"","bcubed.precision","bcubed.recall","bcubed.f1"
"majority-vote",0.865770108668816,0.543136572712333,0.667512498582515
