"","bcubed.precision","bcubed.recall","bcubed.f1"
"majority-vote",0.947129235719625,0.757925808437429,0.842029932274021
