"","bcubed.precision","bcubed.recall","bcubed.f1"
"majority-vote",0.795006032098752,0.890930128355869,0.840239201026967
