"","bcubed.precision","bcubed.recall","bcubed.f1"
"majority-vote",0.893140958867916,0.813307540011376,0.85135681108141
