"","bcubed.precision","bcubed.recall","bcubed.f1"
"majority-vote",0.753292793631583,0.62319001732185,0.682092860696933
