"","bcubed.precision","bcubed.recall","bcubed.f1"
"majority-vote",0.984487682269817,0.574307040937687,0.725429973846166
