"","bcubed.precision","bcubed.recall","bcubed.f1"
"majority-vote",0.790099769536813,0.510611438983803,0.620328290586217
