"","bcubed.precision","bcubed.recall","bcubed.f1"
"majority-vote",0.980212445937188,0.606807347972318,0.749581217639836
