"","bcubed.precision","bcubed.recall","bcubed.f1"
"majority-vote",0.976185349274744,0.281129288336358,0.436540360410363
