"","bcubed.precision","bcubed.recall","bcubed.f1"
"majority-vote",0.732857289159144,0.535471804619197,0.618805351196905
