"","bcubed.precision","bcubed.recall","bcubed.f1"
"majority-vote",0.908103823604814,0.823468009779216,0.863717500919762
