"","bcubed.precision","bcubed.recall","bcubed.f1"
"majority-vote",0.936073399026695,0.545244791297466,0.689101299673813
