"","bcubed.precision","bcubed.recall","bcubed.f1"
"majority-vote",0.984230451779986,0.815469608922573,0.89193753906903
