"","bcubed.precision","bcubed.recall","bcubed.f1"
"majority-vote",0.818984882345348,0.781679253734939,0.799897339137731
