"","bcubed.precision","bcubed.recall","bcubed.f1"
"majority-vote",0.985007831478027,0.459536077836011,0.626698340696494
