"","bcubed.precision","bcubed.recall","bcubed.f1"
"majority-vote",0.963768496715877,0.929133700988444,0.946134239091383
