"","bcubed.precision","bcubed.recall","bcubed.f1"
"majority-vote",0.882859388016228,0.468385179068345,0.612055378606038
