"","bcubed.precision","bcubed.recall","bcubed.f1"
"majority-vote",0.775331140037479,0.828019518321133,0.800809621733561
