"","bcubed.precision","bcubed.recall","bcubed.f1"
"majority-vote",0.968509011490203,0.810645994822136,0.882573972844554
