"","bcubed.precision","bcubed.recall","bcubed.f1"
"majority-vote",0.962413272942952,0.628311584745461,0.760276556665588
