"","bcubed.precision","bcubed.recall","bcubed.f1"
"majority-vote",0.983316302118745,0.97275438056478,0.978006826475736
