"","bcubed.precision","bcubed.recall","bcubed.f1"
"majority-vote",0.843929090151842,0.632338583798701,0.722970413983365
