"","bcubed.precision","bcubed.recall","bcubed.f1"
"majority-vote",0.974776357698213,0.356403961719955,0.521964080458219
