"","bcubed.precision","bcubed.recall","bcubed.f1"
"majority-vote",0.791392561374247,0.654428283296826,0.71642303022938
