"","bcubed.precision","bcubed.recall","bcubed.f1"
"majority-vote",0.97442969537293,0.659414279401734,0.786553508563278
