"","bcubed.precision","bcubed.recall","bcubed.f1"
"majority-vote",0.877870802702883,0.861898234249004,0.869811197552995
