"","bcubed.precision","bcubed.recall","bcubed.f1"
"majority-vote",0.614145256991285,0.773165524490556,0.684541554889184
