"","bcubed.precision","bcubed.recall","bcubed.f1"
"majority-vote",0.960321690410866,0.583907003346298,0.726237716943289
