"","bcubed.precision","bcubed.recall","bcubed.f1"
"majority-vote",0.98610291967045,0.684638891872821,0.808173238415714
