"","bcubed.precision","bcubed.recall","bcubed.f1"
"majority-vote",0.562535985654351,0.624937317191597,0.592097066697874
