"","bcubed.precision","bcubed.recall","bcubed.f1"
"majority-vote",0.927324822154105,0.257669540765424,0.403281852710472
