"","bcubed.precision","bcubed.recall","bcubed.f1"
"majority-vote",0.905700141456279,0.828551335817143,0.865409742343918
