"","bcubed.precision","bcubed.recall","bcubed.f1"
"majority-vote",0.646287370726524,0.979680229675097,0.778803906834409
