"","bcubed.precision","bcubed.recall","bcubed.f1"
"majority-vote",0.949361164997578,0.9967924956502,0.972498836105609
