"","bcubed.precision","bcubed.recall","bcubed.f1"
"majority-vote",0.898936412227493,0.427364525610595,0.579315783327286
