"","bcubed.precision","bcubed.recall","bcubed.f1"
"majority-vote",0.86303951636957,0.589037394978791,0.700186807617559
