"","bcubed.precision","bcubed.recall","bcubed.f1"
"majority-vote",0.866305893338304,0.254712291921225,0.393675611151623
