"","bcubed.precision","bcubed.recall","bcubed.f1"
"majority-vote",0.923244062955406,0.791852808869511,0.852515582685954
