"","bcubed.precision","bcubed.recall","bcubed.f1"
"majority-vote",0.918505076049087,0.674739878616733,0.777974537697132
