"","bcubed.precision","bcubed.recall","bcubed.f1"
"majority-vote",0.92488212355498,0.718675532736953,0.808843121894953
