"","bcubed.precision","bcubed.recall","bcubed.f1"
"majority-vote",0.935283046357741,0.467490804980025,0.623388044778531
