"","bcubed.precision","bcubed.recall","bcubed.f1"
"majority-vote",0.947848343403627,0.656891594893701,0.775993162700732
