"","bcubed.precision","bcubed.recall","bcubed.f1"
"majority-vote",0.953745964907637,0.8008034140223,0.87060875456675
