"","bcubed.precision","bcubed.recall","bcubed.f1"
"majority-vote",0.981453648222686,0.652627935959904,0.783956045866946
