"","bcubed.precision","bcubed.recall","bcubed.f1"
"majority-vote",0.746123785486084,0.738413792356603,0.742248767874068
