"","bcubed.precision","bcubed.recall","bcubed.f1"
"majority-vote",0.0753739026562389,0.999301505257238,0.140174891556756
