"","bcubed.precision","bcubed.recall","bcubed.f1"
"majority-vote",0.515148396971807,0.54535370788464,0.529820897314357
