"","bcubed.precision","bcubed.recall","bcubed.f1"
"majority-vote",0.80233448535817,0.653994368940695,0.720609543486379
