"","bcubed.precision","bcubed.recall","bcubed.f1"
"majority-vote",0.829621304388225,0.602664032921545,0.698161055030204
