"","bcubed.precision","bcubed.recall","bcubed.f1"
"majority-vote",0.139185682685612,0.763224901458067,0.235436021737056
