"","bcubed.precision","bcubed.recall","bcubed.f1"
"majority-vote",0.9182977799823,0.54425763755484,0.683448400398585
