"","bcubed.precision","bcubed.recall","bcubed.f1"
"majority-vote",0.881910883147749,0.431077964400669,0.579094558190615
