"","bcubed.precision","bcubed.recall","bcubed.f1"
"majority-vote",0.974203835276689,0.267791422632818,0.420103747291603
