"","bcubed.precision","bcubed.recall","bcubed.f1"
"majority-vote",0.974488836702158,0.328317682622804,0.491157991400933
