"","bcubed.precision","bcubed.recall","bcubed.f1"
"majority-vote",0.953374152115804,0.897042532874149,0.924350900127501
