"","bcubed.precision","bcubed.recall","bcubed.f1"
"majority-vote",0.876505988209392,0.659835897737415,0.752892466048912
