"","bcubed.precision","bcubed.recall","bcubed.f1"
"majority-vote",0.900023786133399,0.743332663963995,0.814208114785871
