"","bcubed.precision","bcubed.recall","bcubed.f1"
"majority-vote",0.902722427661503,0.510625150598961,0.652285089193773
