"","bcubed.precision","bcubed.recall","bcubed.f1"
"majority-vote",0.726645479582116,0.627415392898816,0.673394480758961
