"","bcubed.precision","bcubed.recall","bcubed.f1"
"majority-vote",0.8419300164232,0.76034335232477,0.799059515805705
