"","bcubed.precision","bcubed.recall","bcubed.f1"
"majority-vote",0.911168430084608,0.849484649583815,0.879246006473946
