"","bcubed.precision","bcubed.recall","bcubed.f1"
"majority-vote",0.70861436117274,0.87520059830879,0.783146679043367
