"","bcubed.precision","bcubed.recall","bcubed.f1"
"majority-vote",0.779223547020994,0.655164824612913,0.711829332437672
