"","bcubed.precision","bcubed.recall","bcubed.f1"
"majority-vote",0.993953050866729,0.876355443697949,0.931457210870429
