"","bcubed.precision","bcubed.recall","bcubed.f1"
"majority-vote",0.979861401997494,0.942593020498042,0.960865971926998
