"","bcubed.precision","bcubed.recall","bcubed.f1"
"majority-vote",0.779885293467159,0.740748247570486,0.759813129003565
