"","bcubed.precision","bcubed.recall","bcubed.f1"
"majority-vote",0.988632704447158,0.95793940148804,0.973044068906575
