"","bcubed.precision","bcubed.recall","bcubed.f1"
"majority-vote",0.869582921550773,0.367237948658677,0.516394663108888
