"","bcubed.precision","bcubed.recall","bcubed.f1"
"majority-vote",0.543391489185212,0.894548768733191,0.676092327082354
