"","bcubed.precision","bcubed.recall","bcubed.f1"
"majority-vote",0.797388963125731,0.882212594780961,0.837658887487089
