"","bcubed.precision","bcubed.recall","bcubed.f1"
"majority-vote",0.726520332797707,0.937621651250476,0.818681579618279
