"","bcubed.precision","bcubed.recall","bcubed.f1"
"majority-vote",0.988661316883064,0.0651772532789519,0.122292409638571
