"","bcubed.precision","bcubed.recall","bcubed.f1"
"majority-vote",0.938944412158919,0.521108621570006,0.670238706468571
