"","bcubed.precision","bcubed.recall","bcubed.f1"
"majority-vote",0.286917674165879,0.963895482749359,0.442206173672643
