"","bcubed.precision","bcubed.recall","bcubed.f1"
"majority-vote",0.921131143352966,0.529033233925977,0.672074139005301
