"","bcubed.precision","bcubed.recall","bcubed.f1"
"majority-vote",0.839846210021543,0.801746211409286,0.820354076031036
