"","bcubed.precision","bcubed.recall","bcubed.f1"
"majority-vote",0.493037340603932,0.813630090980312,0.614004767541962
