"","bcubed.precision","bcubed.recall","bcubed.f1"
"majority-vote",0.960924645145075,0.65663553238161,0.78015924811927
