"","bcubed.precision","bcubed.recall","bcubed.f1"
"majority-vote",0.951905196839301,0.655723316741735,0.776530681836152
