"","bcubed.precision","bcubed.recall","bcubed.f1"
"majority-vote",0.900439029976367,0.699588200139484,0.787407249651493
