"","bcubed.precision","bcubed.recall","bcubed.f1"
"majority-vote",0.286033469898629,0.947595210836309,0.439425493987959
