"","bcubed.precision","bcubed.recall","bcubed.f1"
"majority-vote",0.947518701387914,0.680800417984247,0.792315364081097
