"","bcubed.precision","bcubed.recall","bcubed.f1"
"majority-vote",0.72558010292687,0.763271209544475,0.743948570476282
