"","bcubed.precision","bcubed.recall","bcubed.f1"
"majority-vote",0.969771801038948,0.833597923148066,0.896543563342859
