"","bcubed.precision","bcubed.recall","bcubed.f1"
"majority-vote",0.90245067787918,0.971931928986907,0.935903507590879
