"","bcubed.precision","bcubed.recall","bcubed.f1"
"majority-vote",0.914042480072318,0.512217530758101,0.656526269537709
