"","bcubed.precision","bcubed.recall","bcubed.f1"
"majority-vote",0.895129337470657,0.726512955614645,0.802054883985413
