"","bcubed.precision","bcubed.recall","bcubed.f1"
"majority-vote",0.975424127971562,0.274736955527468,0.428720840544626
