"","bcubed.precision","bcubed.recall","bcubed.f1"
"majority-vote",0.967756597683456,0.649798566073655,0.777527547218112
