"","bcubed.precision","bcubed.recall","bcubed.f1"
"majority-vote",0.968028910030702,0.527172402051892,0.682607915914363
