"","bcubed.precision","bcubed.recall","bcubed.f1"
"majority-vote",0.715459157843392,0.638250608685402,0.674653096658998
