"","bcubed.precision","bcubed.recall","bcubed.f1"
"majority-vote",0.768798871032495,0.51109608671893,0.614003660345621
