"","bcubed.precision","bcubed.recall","bcubed.f1"
"majority-vote",0.88835060942868,0.736215569525807,0.805159627636758
