"","bcubed.precision","bcubed.recall","bcubed.f1"
"majority-vote",0.985863704202372,0.293636929957654,0.452498394654894
