"","bcubed.precision","bcubed.recall","bcubed.f1"
"majority-vote",0.920366757026627,0.717337725288358,0.806267312626824
