"","bcubed.precision","bcubed.recall","bcubed.f1"
"majority-vote",0.778702639250595,0.738254932164134,0.757939542870458
