"","bcubed.precision","bcubed.recall","bcubed.f1"
"majority-vote",0.493879618432347,0.744002047116353,0.593671361922685
