"","bcubed.precision","bcubed.recall","bcubed.f1"
"majority-vote",0.92971093537909,0.761481389582985,0.837228935507192
