"","bcubed.precision","bcubed.recall","bcubed.f1"
"majority-vote",0.990804751714236,0.573297478760906,0.726328311582987
