"","bcubed.precision","bcubed.recall","bcubed.f1"
"majority-vote",0.996417676902547,0.646687318335909,0.784332927336868
