"","bcubed.precision","bcubed.recall","bcubed.f1"
"majority-vote",0.968158108353982,0.481370397671607,0.643026545100755
