"","bcubed.precision","bcubed.recall","bcubed.f1"
"majority-vote",0.944031750705724,0.939129592108105,0.941574290870534
