"","bcubed.precision","bcubed.recall","bcubed.f1"
"majority-vote",0.931103073906022,0.898753414139604,0.914642292503161
