"","bcubed.precision","bcubed.recall","bcubed.f1"
"majority-vote",0.939627864184697,0.7345531570291,0.824530448408707
