"","bcubed.precision","bcubed.recall","bcubed.f1"
"majority-vote",0.975629689731978,0.701102623387056,0.815892351538202
