"","bcubed.precision","bcubed.recall","bcubed.f1"
"majority-vote",0.750020354131354,0.766424714826576,0.758133806223874
