"","bcubed.precision","bcubed.recall","bcubed.f1"
"majority-vote",0.895244955006356,0.828574404968097,0.860620402715601
