"","bcubed.precision","bcubed.recall","bcubed.f1"
"majority-vote",0.859064555235156,0.814518377245732,0.836198617826734
