"","bcubed.precision","bcubed.recall","bcubed.f1"
"majority-vote",0.992269199090115,0.311695161155256,0.474377241202498
