"","bcubed.precision","bcubed.recall","bcubed.f1"
"majority-vote",0.928361357327495,0.61085173918014,0.736858529852462
