"","bcubed.precision","bcubed.recall","bcubed.f1"
"majority-vote",0.923039346961303,0.762178681447548,0.83493162372043
