"","bcubed.precision","bcubed.recall","bcubed.f1"
"majority-vote",0.958073550457734,0.545358956677983,0.695068105044285
