"","bcubed.precision","bcubed.recall","bcubed.f1"
"majority-vote",0.86214798791792,0.747216997854869,0.800578659202412
