"","bcubed.precision","bcubed.recall","bcubed.f1"
"majority-vote",0.968808968670593,0.912700555275598,0.939918158699597
