"","bcubed.precision","bcubed.recall","bcubed.f1"
"majority-vote",0.985259329911866,0.301529322367922,0.461745722700704
