"","bcubed.precision","bcubed.recall","bcubed.f1"
"majority-vote",0.482280026896878,0.910154965997546,0.630477636258177
