"","bcubed.precision","bcubed.recall","bcubed.f1"
"majority-vote",0.947653105159397,0.561555154368129,0.705216768323042
