"","bcubed.precision","bcubed.recall","bcubed.f1"
"majority-vote",0.932862772414108,0.782769946003675,0.851250893215492
