"","bcubed.precision","bcubed.recall","bcubed.f1"
"majority-vote",0.951576866385219,0.593498794605907,0.73104474742967
