"","bcubed.precision","bcubed.recall","bcubed.f1"
"majority-vote",0.976899942396566,0.776897738774572,0.865494765337008
