"","bcubed.precision","bcubed.recall","bcubed.f1"
"majority-vote",0.981439195217342,0.435132087332735,0.602942740497049
