"","bcubed.precision","bcubed.recall","bcubed.f1"
"majority-vote",0.935862901759775,0.269522493282679,0.418515279329684
