"","bcubed.precision","bcubed.recall","bcubed.f1"
"majority-vote",0.986017185657988,0.487204140247361,0.652164948688079
