"","bcubed.precision","bcubed.recall","bcubed.f1"
"majority-vote",0.637246360815772,0.658530534133157,0.647713642677601
