"","bcubed.precision","bcubed.recall","bcubed.f1"
"majority-vote",0.998934366617363,0.0658215659582879,0.123505156982318
