"","bcubed.precision","bcubed.recall","bcubed.f1"
"majority-vote",0.882164905260576,0.643335217302208,0.744054677712865
