"","bcubed.precision","bcubed.recall","bcubed.f1"
"majority-vote",0.952103323729846,0.589219601904735,0.727943420616164
