"","bcubed.precision","bcubed.recall","bcubed.f1"
"majority-vote",0.915628082947093,0.766481179142096,0.834442456848791
