"","bcubed.precision","bcubed.recall","bcubed.f1"
"majority-vote",0.996657651143919,0.686107462223325,0.812726917500078
