"","bcubed.precision","bcubed.recall","bcubed.f1"
"majority-vote",0.953604237156545,0.377013377883193,0.540382977875094
