"","bcubed.precision","bcubed.recall","bcubed.f1"
"majority-vote",0.987662474111661,0.311619054061542,0.473760981344037
