"","bcubed.precision","bcubed.recall","bcubed.f1"
"majority-vote",0.897550101187878,0.750297954589427,0.817344782125722
