"","bcubed.precision","bcubed.recall","bcubed.f1"
"majority-vote",0.818083638306814,0.833724772157926,0.825830151526565
