"","bcubed.precision","bcubed.recall","bcubed.f1"
"majority-vote",0.863576535919807,0.695380429779893,0.770405131005294
