"","bcubed.precision","bcubed.recall","bcubed.f1"
"majority-vote",0.897873800478161,0.690231721287048,0.780478337628007
