"","bcubed.precision","bcubed.recall","bcubed.f1"
"majority-vote",0.992228758027225,0.564185088727142,0.719346812613599
