"","bcubed.precision","bcubed.recall","bcubed.f1"
"majority-vote",0.981280217582672,0.882871149133527,0.929478162328976
