"","bcubed.precision","bcubed.recall","bcubed.f1"
"majority-vote",0.993712850495282,0.534530506260534,0.695137761541354
