"","bcubed.precision","bcubed.recall","bcubed.f1"
"majority-vote",0.966324028877043,0.531149440518992,0.685504588612324
