"","bcubed.precision","bcubed.recall","bcubed.f1"
"majority-vote",0.896067890878014,0.740948006315331,0.811158545750923
