"","bcubed.precision","bcubed.recall","bcubed.f1"
"majority-vote",0.959007418996611,0.79174611404213,0.867386965668728
