"","bcubed.precision","bcubed.recall","bcubed.f1"
"majority-vote",0.997501479095692,0.725982541072785,0.840354363653411
