"","bcubed.precision","bcubed.recall","bcubed.f1"
"majority-vote",0.822556992416277,0.19419884359612,0.31421430998739
