"","bcubed.precision","bcubed.recall","bcubed.f1"
"majority-vote",0.983942362874995,0.929447170733885,0.95591872880634
