"","bcubed.precision","bcubed.recall","bcubed.f1"
"majority-vote",0.973722338986125,0.372181272686889,0.538524774321738
