"","bcubed.precision","bcubed.recall","bcubed.f1"
"majority-vote",0.965806056703329,0.435377791586762,0.600193198889285
