"","bcubed.precision","bcubed.recall","bcubed.f1"
"majority-vote",0.995160524407964,0.666249122961166,0.798147317420831
