"","bcubed.precision","bcubed.recall","bcubed.f1"
"majority-vote",0.801455213452683,0.898692608049461,0.847293237568308
