"","bcubed.precision","bcubed.recall","bcubed.f1"
"majority-vote",0.998679563912797,0.261013856391036,0.413861341298305
