"","bcubed.precision","bcubed.recall","bcubed.f1"
"majority-vote",0.754256576290239,0.904670747501306,0.822644670317105
