"","bcubed.precision","bcubed.recall","bcubed.f1"
"majority-vote",0.974047702111716,0.225914992863327,0.366764701257125
