"","bcubed.precision","bcubed.recall","bcubed.f1"
"majority-vote",0.974700531792569,0.268292220645374,0.420766041677964
