"","bcubed.precision","bcubed.recall","bcubed.f1"
"majority-vote",0.900229935417896,0.672438140355398,0.769836881653511
