"","bcubed.precision","bcubed.recall","bcubed.f1"
"majority-vote",0.577093365567432,0.706458344077411,0.635256718297132
