"","bcubed.precision","bcubed.recall","bcubed.f1"
"majority-vote",0.989251219950224,0.419450940679913,0.589112967060776
