"","bcubed.precision","bcubed.recall","bcubed.f1"
"majority-vote",0.770881395533176,0.9302089448909,0.843083700535475
