"","bcubed.precision","bcubed.recall","bcubed.f1"
"majority-vote",0.978411788923938,0.217693473281383,0.356145679415532
