"","bcubed.precision","bcubed.recall","bcubed.f1"
"majority-vote",0.962185759140846,0.576957698617067,0.721362883281455
