"","bcubed.precision","bcubed.recall","bcubed.f1"
"majority-vote",0.869709418577091,0.54564400388144,0.670577004775933
