"","bcubed.precision","bcubed.recall","bcubed.f1"
"majority-vote",0.975700156364693,0.712829998441219,0.82380328116851
