"","bcubed.precision","bcubed.recall","bcubed.f1"
"majority-vote",0.950651401528315,0.440769267796534,0.602287908206369
