"","bcubed.precision","bcubed.recall","bcubed.f1"
"majority-vote",0.966056521586173,0.683681846921703,0.80070309270453
