"","bcubed.precision","bcubed.recall","bcubed.f1"
"majority-vote",0.976903855961097,0.639152183040689,0.772733391775298
