"","bcubed.precision","bcubed.recall","bcubed.f1"
"majority-vote",0.963612867712532,0.387269345097865,0.552494837326406
