"","bcubed.precision","bcubed.recall","bcubed.f1"
"majority-vote",0.978759578999791,0.868096820474356,0.920112769764298
