"","bcubed.precision","bcubed.recall","bcubed.f1"
"majority-vote",0.962933268433743,0.464474107435721,0.626671233366004
