"","bcubed.precision","bcubed.recall","bcubed.f1"
"majority-vote",0.906905428346863,0.641762025485493,0.751636464212381
