"","bcubed.precision","bcubed.recall","bcubed.f1"
"majority-vote",0.967871658266733,0.932578712253623,0.949897475561044
