"","bcubed.precision","bcubed.recall","bcubed.f1"
"majority-vote",0.73971576923784,0.746445211914707,0.743065254878622
