"","bcubed.precision","bcubed.recall","bcubed.f1"
"majority-vote",0.830287348870663,0.514948939801245,0.63565872201298
