"","bcubed.precision","bcubed.recall","bcubed.f1"
"majority-vote",0.689461249527711,0.797953003470356,0.739750441046468
