"","bcubed.precision","bcubed.recall","bcubed.f1"
"majority-vote",0.953806941144547,0.711051827139912,0.814731172588787
