"","bcubed.precision","bcubed.recall","bcubed.f1"
"majority-vote",0.764194494967745,0.941455267602477,0.84361391013365
