"","bcubed.precision","bcubed.recall","bcubed.f1"
"majority-vote",0.976420826853095,0.563515130057092,0.714611418436625
