"","bcubed.precision","bcubed.recall","bcubed.f1"
"majority-vote",0.986305904394496,0.417105571464952,0.58627664796568
