"","bcubed.precision","bcubed.recall","bcubed.f1"
"majority-vote",0.872423997427152,0.5504813442362,0.675031740742796
