"","bcubed.precision","bcubed.recall","bcubed.f1"
"majority-vote",0.584446975037274,0.784121894354489,0.669718096714638
