"","bcubed.precision","bcubed.recall","bcubed.f1"
"majority-vote",0.994359306335354,0.656144176554157,0.790598838497634
