"","bcubed.precision","bcubed.recall","bcubed.f1"
"majority-vote",0.868722521708001,0.895352978015688,0.881836743384722
