"","bcubed.precision","bcubed.recall","bcubed.f1"
"majority-vote",0.759826309891444,0.959527578180753,0.848079390782802
