"","bcubed.precision","bcubed.recall","bcubed.f1"
"majority-vote",0.871201879670389,0.571437774487708,0.690176041970627
