"","bcubed.precision","bcubed.recall","bcubed.f1"
"majority-vote",0.897329528215223,0.449951952497428,0.599362759800524
