"","bcubed.precision","bcubed.recall","bcubed.f1"
"majority-vote",0.956277227542472,0.877926531642283,0.915428447314937
