"","bcubed.precision","bcubed.recall","bcubed.f1"
"majority-vote",0.814789588345154,0.836718494519395,0.825608454216872
