"","bcubed.precision","bcubed.recall","bcubed.f1"
"majority-vote",0.87939188831447,0.843199152325496,0.860915304091213
