"","bcubed.precision","bcubed.recall","bcubed.f1"
"majority-vote",0.958710203367433,0.953961525792364,0.956329969700404
