"","bcubed.precision","bcubed.recall","bcubed.f1"
"majority-vote",0.878536214275297,0.965896161784323,0.920147323774379
