"","bcubed.precision","bcubed.recall","bcubed.f1"
"majority-vote",0.815628011353581,0.762205271072954,0.788012239838649
