"","bcubed.precision","bcubed.recall","bcubed.f1"
"majority-vote",0.682973786552037,0.977501239778448,0.804116547981039
