"","bcubed.precision","bcubed.recall","bcubed.f1"
"majority-vote",0.973079735631305,0.757851763838438,0.852084781205423
