"","bcubed.precision","bcubed.recall","bcubed.f1"
"majority-vote",0.712174286687129,0.980901884552592,0.825211661244735
