"","bcubed.precision","bcubed.recall","bcubed.f1"
"majority-vote",0.993894887204683,0.0847576112926999,0.156195172463508
