"","bcubed.precision","bcubed.recall","bcubed.f1"
"majority-vote",0.965746341417578,0.639124388537423,0.769198451214908
