"","bcubed.precision","bcubed.recall","bcubed.f1"
"majority-vote",0.44058218025371,0.648393244614364,0.524659239961419
