"","bcubed.precision","bcubed.recall","bcubed.f1"
"majority-vote",0.988201195697114,0.795844597511736,0.881652910305222
