"","bcubed.precision","bcubed.recall","bcubed.f1"
"majority-vote",0.894267916626418,0.482438085699575,0.626755314600041
