"","bcubed.precision","bcubed.recall","bcubed.f1"
"majority-vote",0.988250575812507,0.929321612899419,0.957880620577595
