"","bcubed.precision","bcubed.recall","bcubed.f1"
"majority-vote",0.918618312364803,0.821504090131551,0.86735128493814
