"","bcubed.precision","bcubed.recall","bcubed.f1"
"majority-vote",0.525656011997675,0.775417041155293,0.626563786715835
