"","bcubed.precision","bcubed.recall","bcubed.f1"
"majority-vote",0.870885683722207,0.56645571209051,0.68643145123272
