"","bcubed.precision","bcubed.recall","bcubed.f1"
"majority-vote",0.990132333015991,0.228318718612587,0.371070705267879
