"","bcubed.precision","bcubed.recall","bcubed.f1"
"majority-vote",0.922670800532316,0.732398947546287,0.816597758524754
