"","bcubed.precision","bcubed.recall","bcubed.f1"
"majority-vote",0.908162355796647,0.875088656521315,0.891318799594342
