"","bcubed.precision","bcubed.recall","bcubed.f1"
"majority-vote",0.986340964023191,0.281753552289921,0.438303402163723
