"","bcubed.precision","bcubed.recall","bcubed.f1"
"majority-vote",0.772296716883483,0.797877276740935,0.784878623394589
