"","bcubed.precision","bcubed.recall","bcubed.f1"
"majority-vote",0.855647686446327,0.842229895018549,0.848885772443969
