"","bcubed.precision","bcubed.recall","bcubed.f1"
"majority-vote",0.985468355061928,0.559038145197791,0.713385668849304
