"","bcubed.precision","bcubed.recall","bcubed.f1"
"majority-vote",0.954471845493483,0.812979831806808,0.87806232032197
