"","bcubed.precision","bcubed.recall","bcubed.f1"
"majority-vote",0.992191182784991,0.399162594060036,0.56929533367424
