"","bcubed.precision","bcubed.recall","bcubed.f1"
"majority-vote",0.803746840531041,0.49688410697086,0.61411583640229
