"","bcubed.precision","bcubed.recall","bcubed.f1"
"majority-vote",0.974722765990015,0.882723708531967,0.926444887201039
