"","bcubed.precision","bcubed.recall","bcubed.f1"
"majority-vote",0.908272567756201,0.964454893822185,0.935520988364857
