"","bcubed.precision","bcubed.recall","bcubed.f1"
"majority-vote",0.821710501376296,0.494558036752131,0.617478152166575
