"","bcubed.precision","bcubed.recall","bcubed.f1"
"majority-vote",0.964572602510396,0.284900389908015,0.439876831619864
