"","bcubed.precision","bcubed.recall","bcubed.f1"
"majority-vote",0.995243561213867,0.723088268040964,0.837613469883914
