"","bcubed.precision","bcubed.recall","bcubed.f1"
"majority-vote",0.837122877796053,0.512204751556705,0.63554366829298
