"","bcubed.precision","bcubed.recall","bcubed.f1"
"majority-vote",0.979066795309386,0.6659195375271,0.792687081376954
