"","bcubed.precision","bcubed.recall","bcubed.f1"
"majority-vote",0.999104411340149,0.474606699784763,0.643520488957425
