"","bcubed.precision","bcubed.recall","bcubed.f1"
"majority-vote",0.941494912273639,0.960634383656819,0.950968356045008
