"","bcubed.precision","bcubed.recall","bcubed.f1"
"majority-vote",0.989893149272882,0.46863714750053,0.636120761881751
