"","bcubed.precision","bcubed.recall","bcubed.f1"
"majority-vote",0.843084073873383,0.610529052784983,0.708204007793051
