"","bcubed.precision","bcubed.recall","bcubed.f1"
"majority-vote",0.964957982031763,0.111247089509881,0.199495003023144
