"","bcubed.precision","bcubed.recall","bcubed.f1"
"majority-vote",0.933047796052762,0.557445343824571,0.697920890153438
