"","bcubed.precision","bcubed.recall","bcubed.f1"
"majority-vote",0.880141613244278,0.790804486509192,0.833084845309736
