"","bcubed.precision","bcubed.recall","bcubed.f1"
"majority-vote",0.985144805460651,0.479348698353767,0.644902662876379
