"","bcubed.precision","bcubed.recall","bcubed.f1"
"majority-vote",0.823704749749048,0.549946949768986,0.659546979476172
