"","bcubed.precision","bcubed.recall","bcubed.f1"
"majority-vote",0.914325875963378,0.419306377909475,0.57494510974187
