"","bcubed.precision","bcubed.recall","bcubed.f1"
"majority-vote",0.931352583261166,0.669237782890794,0.778833049470123
