"","bcubed.precision","bcubed.recall","bcubed.f1"
"majority-vote",0.844152529364086,0.965993379742893,0.900972403115525
