"","bcubed.precision","bcubed.recall","bcubed.f1"
"majority-vote",0.936971642372389,0.905818199412802,0.921131587281179
