"","bcubed.precision","bcubed.recall","bcubed.f1"
"majority-vote",0.926023722665833,0.87047235557031,0.897389157647757
