"","bcubed.precision","bcubed.recall","bcubed.f1"
"majority-vote",0.978133510274618,0.333745985247793,0.4976800585796
