"","bcubed.precision","bcubed.recall","bcubed.f1"
"majority-vote",0.972735970576062,0.850902867920421,0.907749725022235
