"","bcubed.precision","bcubed.recall","bcubed.f1"
"majority-vote",0.938494529292317,0.885577420500996,0.91126840089741
