"","bcubed.precision","bcubed.recall","bcubed.f1"
"majority-vote",0.940124379397173,0.506350941700335,0.658197008797929
