"","bcubed.precision","bcubed.recall","bcubed.f1"
"majority-vote",0.985278143530504,0.677654828615567,0.803013113187799
