"","bcubed.precision","bcubed.recall","bcubed.f1"
"majority-vote",0.609358305895185,0.753987498931202,0.674001479871606
