"","bcubed.precision","bcubed.recall","bcubed.f1"
"majority-vote",0.937963151845669,0.997977218240917,0.967039968332865
