"","bcubed.precision","bcubed.recall","bcubed.f1"
"majority-vote",0.9726189115288,0.691516429600476,0.80832603026853
