"","bcubed.precision","bcubed.recall","bcubed.f1"
"majority-vote",0.994371136963485,0.804753144921235,0.88956978430859
