"","bcubed.precision","bcubed.recall","bcubed.f1"
"majority-vote",0.82170542600939,0.806825566322821,0.814197517655001
