"","bcubed.precision","bcubed.recall","bcubed.f1"
"majority-vote",0.926434962485255,0.970863018820036,0.948128816117824
