"","bcubed.precision","bcubed.recall","bcubed.f1"
"majority-vote",0.996215018911103,0.566045715914805,0.721906697152515
