"","bcubed.precision","bcubed.recall","bcubed.f1"
"majority-vote",0.81932493544174,0.520191909443576,0.636358108148559
