"","bcubed.precision","bcubed.recall","bcubed.f1"
"majority-vote",0.963689921733675,0.438190848494973,0.602447959139433
