"","bcubed.precision","bcubed.recall","bcubed.f1"
"majority-vote",0.989709682109088,0.683713917126169,0.808735198764661
