"","bcubed.precision","bcubed.recall","bcubed.f1"
"majority-vote",0.87323142033857,0.892830211950178,0.882922067778628
