"","bcubed.precision","bcubed.recall","bcubed.f1"
"majority-vote",0.997270241479175,0.711644058202878,0.830587516182931
