"","bcubed.precision","bcubed.recall","bcubed.f1"
"majority-vote",0.851492593078902,0.573178642885769,0.685150870751984
