"","bcubed.precision","bcubed.recall","bcubed.f1"
"majority-vote",0.841224158207645,0.929205083620018,0.883028528678813
