"","bcubed.precision","bcubed.recall","bcubed.f1"
"majority-vote",0.666831782849569,0.94486304039005,0.781866016676144
