"","bcubed.precision","bcubed.recall","bcubed.f1"
"majority-vote",0.94438959335786,0.519656157502895,0.670413294094855
