"","bcubed.precision","bcubed.recall","bcubed.f1"
"majority-vote",0.972473313780379,0.523032154073733,0.680217923663775
