"","bcubed.precision","bcubed.recall","bcubed.f1"
"majority-vote",0.943347043398579,0.42025458741738,0.581468830126945
