"","bcubed.precision","bcubed.recall","bcubed.f1"
"majority-vote",0.937161556310865,0.695229264576222,0.798267340451037
