"","bcubed.precision","bcubed.recall","bcubed.f1"
"majority-vote",0.985014628049937,0.482159114403734,0.647413141324369
