"","bcubed.precision","bcubed.recall","bcubed.f1"
"majority-vote",0.813737207282716,0.880115226032916,0.845625618894238
