"","bcubed.precision","bcubed.recall","bcubed.f1"
"majority-vote",0.927585216250803,0.847915859310712,0.885963096893615
