"","bcubed.precision","bcubed.recall","bcubed.f1"
"majority-vote",0.990587484464213,0.423345825697065,0.5931836721321
