"","bcubed.precision","bcubed.recall","bcubed.f1"
"majority-vote",0.998396044374,0.538521751572398,0.699657441663186
