"","bcubed.precision","bcubed.recall","bcubed.f1"
"majority-vote",0.949244901549337,0.256850831332108,0.404303465228623
