"","bcubed.precision","bcubed.recall","bcubed.f1"
"majority-vote",0.965155884754142,0.500044096324694,0.658777652793837
