"","bcubed.precision","bcubed.recall","bcubed.f1"
"majority-vote",0.780200587664778,0.643721027553443,0.705420184119337
