"","bcubed.precision","bcubed.recall","bcubed.f1"
"majority-vote",0.882264812106409,0.514588964283912,0.650037596718521
