"","bcubed.precision","bcubed.recall","bcubed.f1"
"majority-vote",0.96517967770149,0.707842178377103,0.816719617986196
