"","bcubed.precision","bcubed.recall","bcubed.f1"
"majority-vote",0.983310169749465,0.489126424190675,0.653288554738859
