"","bcubed.precision","bcubed.recall","bcubed.f1"
"majority-vote",0.811163607429856,0.807613204882098,0.809384512673517
