"","bcubed.precision","bcubed.recall","bcubed.f1"
"majority-vote",0.888538763066456,0.827319229893594,0.85683688068219
