"","bcubed.precision","bcubed.recall","bcubed.f1"
"majority-vote",0.957771720961621,0.438261569348448,0.601353191818188
