"","bcubed.precision","bcubed.recall","bcubed.f1"
"majority-vote",0.965260459525157,0.847801711461328,0.902726318696631
