"","bcubed.precision","bcubed.recall","bcubed.f1"
"majority-vote",0.918927316818854,0.662471512274743,0.769904666734173
