"","bcubed.precision","bcubed.recall","bcubed.f1"
"majority-vote",0.246045579503681,0.867680348269975,0.383377828943621
