"","bcubed.precision","bcubed.recall","bcubed.f1"
"majority-vote",0.385920319104814,0.877161772214501,0.53601353920865
