"","bcubed.precision","bcubed.recall","bcubed.f1"
"majority-vote",0.992249450720424,0.678343338361699,0.805804753005153
