"","bcubed.precision","bcubed.recall","bcubed.f1"
"majority-vote",0.843364096128481,0.718180410289755,0.77575447909645
