"","bcubed.precision","bcubed.recall","bcubed.f1"
"majority-vote",0.670405189301953,0.563096500989618,0.612083176395128
