"","bcubed.precision","bcubed.recall","bcubed.f1"
"majority-vote",0.891741699878515,0.738302856088126,0.807800549381623
