"","bcubed.precision","bcubed.recall","bcubed.f1"
"majority-vote",0.0942343924228962,0.872309443740693,0.170093786458633
