"","bcubed.precision","bcubed.recall","bcubed.f1"
"majority-vote",0.697864771023464,0.490085386483309,0.57580416797608
