"","bcubed.precision","bcubed.recall","bcubed.f1"
"majority-vote",0.898395303506337,0.651832486202843,0.755506059386733
