"","bcubed.precision","bcubed.recall","bcubed.f1"
"majority-vote",0.941471316393406,0.169302867972318,0.286995856084095
