"","bcubed.precision","bcubed.recall","bcubed.f1"
"majority-vote",0.99667918651511,0.549554705222368,0.708469448863401
