"","bcubed.precision","bcubed.recall","bcubed.f1"
"majority-vote",0.855138713160764,0.689815525798672,0.763631628917496
