"","bcubed.precision","bcubed.recall","bcubed.f1"
"majority-vote",0.990051953150609,0.459816062625469,0.627976872293012
