"","bcubed.precision","bcubed.recall","bcubed.f1"
"majority-vote",0.980386654459249,0.349379584515192,0.515168864962882
