"","bcubed.precision","bcubed.recall","bcubed.f1"
"majority-vote",0.967609733514657,0.264773923342123,0.415776083983684
