"","bcubed.precision","bcubed.recall","bcubed.f1"
"majority-vote",0.880527110904143,0.79334274246739,0.834664405448884
