"","bcubed.precision","bcubed.recall","bcubed.f1"
"majority-vote",0.855243903970668,0.794691463590631,0.823856549942299
