"","bcubed.precision","bcubed.recall","bcubed.f1"
"majority-vote",0.98593371421396,0.910230261567165,0.946570775565087
