"","bcubed.precision","bcubed.recall","bcubed.f1"
"majority-vote",0.977525647787363,0.805392884473905,0.883149944176269
