"","bcubed.precision","bcubed.recall","bcubed.f1"
"majority-vote",0.841071509005196,0.9201081822496,0.878816376472445
