"","bcubed.precision","bcubed.recall","bcubed.f1"
"majority-vote",0.974227072781682,0.335966247323667,0.499632243060536
