"","bcubed.precision","bcubed.recall","bcubed.f1"
"majority-vote",0.987335019422227,0.967310178551766,0.977220024296637
