"","bcubed.precision","bcubed.recall","bcubed.f1"
"majority-vote",0.885628392825249,0.94446247597801,0.914099730174743
