"","bcubed.precision","bcubed.recall","bcubed.f1"
"majority-vote",0.942343364625805,0.778753119918739,0.852773614759045
