"","bcubed.precision","bcubed.recall","bcubed.f1"
"majority-vote",0.692592114876828,0.676280614997984,0.684339180947072
