"","bcubed.precision","bcubed.recall","bcubed.f1"
"majority-vote",0.910587246763201,0.92723465180429,0.918835551309976
