"","bcubed.precision","bcubed.recall","bcubed.f1"
"majority-vote",0.90652555493663,0.936858769467234,0.921442593001527
