"","bcubed.precision","bcubed.recall","bcubed.f1"
"majority-vote",0.993399173262065,0.633016883986428,0.773281161865667
