"","bcubed.precision","bcubed.recall","bcubed.f1"
"majority-vote",0.854900841145088,0.925601160899008,0.888847313969866
