"","bcubed.precision","bcubed.recall","bcubed.f1"
"majority-vote",0.898205716245725,0.598420679705421,0.718288647968771
