"","bcubed.precision","bcubed.recall","bcubed.f1"
"majority-vote",0.94014463700543,0.34573163326795,0.50555057025959
