"","bcubed.precision","bcubed.recall","bcubed.f1"
"majority-vote",0.963416862434751,0.690810669885481,0.804651881454336
