"","bcubed.precision","bcubed.recall","bcubed.f1"
"majority-vote",0.999571187323799,0.91759145348439,0.956828553941478
