"","bcubed.precision","bcubed.recall","bcubed.f1"
"majority-vote",0.983113054358029,0.812361563294053,0.889617987223295
