"","bcubed.precision","bcubed.recall","bcubed.f1"
"majority-vote",0.921110461665718,0.443201451584031,0.598451849191984
