"","bcubed.precision","bcubed.recall","bcubed.f1"
"majority-vote",0.977115286608254,0.535818069772182,0.692107189794387
