"","bcubed.precision","bcubed.recall","bcubed.f1"
"majority-vote",0.807337587969905,0.655709662777155,0.723666385053192
