"","bcubed.precision","bcubed.recall","bcubed.f1"
"majority-vote",0.952960516633061,0.560462828597132,0.705815657432339
