"","bcubed.precision","bcubed.recall","bcubed.f1"
"majority-vote",0.878181227639574,0.993400227027845,0.932244149708961
