"","bcubed.precision","bcubed.recall","bcubed.f1"
"majority-vote",0.87134231538558,0.80646012186453,0.837646690993363
