"","bcubed.precision","bcubed.recall","bcubed.f1"
"majority-vote",0.987893549722282,0.465322982794258,0.63265117476187
