"","bcubed.precision","bcubed.recall","bcubed.f1"
"majority-vote",0.987740413316394,0.581287812124836,0.731868878448641
