"","bcubed.precision","bcubed.recall","bcubed.f1"
"majority-vote",0.727737628573106,0.964828884216343,0.829677627287173
