"","bcubed.precision","bcubed.recall","bcubed.f1"
"majority-vote",0.966685153625496,0.521806176146136,0.67776314643089
