"","bcubed.precision","bcubed.recall","bcubed.f1"
"majority-vote",0.989709566722521,0.777642068615214,0.870952649609304
