"","bcubed.precision","bcubed.recall","bcubed.f1"
"majority-vote",0.933587660678031,0.989822590586422,0.960883052613815
