"","bcubed.precision","bcubed.recall","bcubed.f1"
"majority-vote",0.97026233743463,0.340762952282153,0.504383036979907
