"","bcubed.precision","bcubed.recall","bcubed.f1"
"majority-vote",0.864890007923074,0.581939133257762,0.695746757164804
