"","bcubed.precision","bcubed.recall","bcubed.f1"
"majority-vote",0.964615762808331,0.709880316277179,0.817872016950076
