"","bcubed.precision","bcubed.recall","bcubed.f1"
"majority-vote",0.943002873489348,0.516636858466885,0.667548342811746
