"","bcubed.precision","bcubed.recall","bcubed.f1"
"majority-vote",0.643055908588254,0.947741230207815,0.766220384780267
