"","bcubed.precision","bcubed.recall","bcubed.f1"
"majority-vote",0.864144976073371,0.61138879628824,0.716118555381395
