"","bcubed.precision","bcubed.recall","bcubed.f1"
"majority-vote",0.677008304722175,0.838849491404584,0.749289377333369
