"","bcubed.precision","bcubed.recall","bcubed.f1"
"majority-vote",0.891893675908091,0.800481949098823,0.843719062754648
