"","bcubed.precision","bcubed.recall","bcubed.f1"
"majority-vote",0.932983994033526,0.323598816689725,0.480529438861146
