"","bcubed.precision","bcubed.recall","bcubed.f1"
"majority-vote",0.995572329967938,0.613153093793326,0.758909190093661
