"","bcubed.precision","bcubed.recall","bcubed.f1"
"majority-vote",0.874917786446776,0.963894128004415,0.917253265779896
