"","bcubed.precision","bcubed.recall","bcubed.f1"
"majority-vote",0.92310544726062,0.96383957977245,0.94303284263908
