"","bcubed.precision","bcubed.recall","bcubed.f1"
"majority-vote",0.979381149531146,0.43483638160422,0.602270224908902
