"","bcubed.precision","bcubed.recall","bcubed.f1"
"majority-vote",0.98469529880217,0.685714074708658,0.808447840865422
