"","bcubed.precision","bcubed.recall","bcubed.f1"
"majority-vote",0.694790870188893,0.730042672874413,0.711980689156056
