{
      "avg_bcuded_f1": 0.673475010675738,
      "avg_bcuded_recall": 0.5767717748143257,
      "avg_bcuded_precision": 0.9090397763921001,
      "avg_bcuded_f1star": 0.7057536802439982
}