{
      "avg_bcuded_f1": 0.7784781942136433,
      "avg_bcuded_recall": 0.7565343699386774,
      "avg_bcuded_precision": 0.8652519511883348,
      "avg_bcuded_f1star": 0.8072491809840747
}