"","bcubed.precision","bcubed.recall","bcubed.f1"
"majority-vote",0.997165763619154,0.509792517245192,0.674667177188953
