"","bcubed.precision","bcubed.recall","bcubed.f1"
"majority-vote",0.970108863015273,0.409501674489926,0.575903406131784
