"","bcubed.precision","bcubed.recall","bcubed.f1"
"majority-vote",0.978746956148363,0.838708954647802,0.903332874904581
