"","bcubed.precision","bcubed.recall","bcubed.f1"
"majority-vote",0.975907499484395,0.0901384283905426,0.165033730645022
