"","bcubed.precision","bcubed.recall","bcubed.f1"
"majority-vote",0.973432213665066,0.217442484298095,0.35547907634137
