"","bcubed.precision","bcubed.recall","bcubed.f1"
"majority-vote",0.879830290532298,0.545952016814492,0.673798684547367
