"","bcubed.precision","bcubed.recall","bcubed.f1"
"majority-vote",0.920659552555261,0.33593803675653,0.492257131857062
