"","bcubed.precision","bcubed.recall","bcubed.f1"
"majority-vote",0.793043060556084,0.950059487049957,0.864479355337074
