"","bcubed.precision","bcubed.recall","bcubed.f1"
"majority-vote",0.942702656988369,0.0754527184290282,0.139722246441768
