"","bcubed.precision","bcubed.recall","bcubed.f1"
"majority-vote",0.838742542277691,0.377277997945804,0.520450266546224
