"","bcubed.precision","bcubed.recall","bcubed.f1"
"majority-vote",0.984220421950948,0.275265300501938,0.430210085559118
