"","bcubed.precision","bcubed.recall","bcubed.f1"
"majority-vote",0.965476715146173,0.401068149388582,0.566716789870304
