"","bcubed.precision","bcubed.recall","bcubed.f1"
"majority-vote",0.946124144006774,0.157473013410474,0.270006168493277
