"","bcubed.precision","bcubed.recall","bcubed.f1"
"majority-vote",0.956761204470229,0.540071722468826,0.690417296934067
