"","bcubed.precision","bcubed.recall","bcubed.f1"
"majority-vote",0.969099818358467,0.268770569231313,0.420828404061449
