"","bcubed.precision","bcubed.recall","bcubed.f1"
"majority-vote",0.978976371502932,0.739825432158052,0.842763389678794
