"","bcubed.precision","bcubed.recall","bcubed.f1"
"majority-vote",0.878964765855042,0.657480173283405,0.752258531162771
