"","bcubed.precision","bcubed.recall","bcubed.f1"
"majority-vote",0.977428728152244,0.558408874474779,0.710758578945091
