"","bcubed.precision","bcubed.recall","bcubed.f1"
"majority-vote",0.919227419708088,0.126703682375781,0.222709696242426
