"","bcubed.precision","bcubed.recall","bcubed.f1"
"majority-vote",0.828957542150901,0.505504897605095,0.628031310556157
