"","bcubed.precision","bcubed.recall","bcubed.f1"
"majority-vote",0.954767620094282,0.294483297610103,0.450130735518494
