"","bcubed.precision","bcubed.recall","bcubed.f1"
"majority-vote",0.951119490335095,0.217519042352873,0.354064314865583
