"","bcubed.precision","bcubed.recall","bcubed.f1"
"majority-vote",0.938784492042797,0.393584032026102,0.55463721771721
