"","bcubed.precision","bcubed.recall","bcubed.f1"
"majority-vote",0.91704683608421,0.91894028664881,0.91799258501025
