"","bcubed.precision","bcubed.recall","bcubed.f1"
"majority-vote",0.981565378577015,0.694511318406882,0.813457124491747
