"","bcubed.precision","bcubed.recall","bcubed.f1"
"majority-vote",0.99734245100395,0.453239761314432,0.623246653106712
