"","bcubed.precision","bcubed.recall","bcubed.f1"
"majority-vote",0.998080348915781,0.0804756483465926,0.148942036175896
