"","bcubed.precision","bcubed.recall","bcubed.f1"
"majority-vote",0.950287824842778,0.178275929052475,0.300228399603246
