"","bcubed.precision","bcubed.recall","bcubed.f1"
"majority-vote",0.979983116346222,0.350296233702176,0.516108732703869
