"","bcubed.precision","bcubed.recall","bcubed.f1"
"majority-vote",0.94679451386587,0.844352805433011,0.892644167610017
