"","bcubed.precision","bcubed.recall","bcubed.f1"
"majority-vote",0.959919899437561,0.421311758194983,0.585601319407322
