"","bcubed.precision","bcubed.recall","bcubed.f1"
"majority-vote",0.804740421059505,0.588107665977323,0.679577356858444
