"","bcubed.precision","bcubed.recall","bcubed.f1"
"majority-vote",0.952774035936812,0.554273977758185,0.700837465036858
