"","bcubed.precision","bcubed.recall","bcubed.f1"
"majority-vote",0.803629739488975,0.879121852366156,0.83968242088212
