"","bcubed.precision","bcubed.recall","bcubed.f1"
"majority-vote",0.972535749559684,0.0171530586703913,0.0337115316097869
