"","bcubed.precision","bcubed.recall","bcubed.f1"
"majority-vote",0.984546369191164,0.390177805311641,0.558873043310652
