"","bcubed.precision","bcubed.recall","bcubed.f1"
"majority-vote",0.979246912375551,0.795557031793454,0.877896141218191
