"","bcubed.precision","bcubed.recall","bcubed.f1"
"majority-vote",0.904575121370929,0.225791677960193,0.361379217111201
