"","bcubed.precision","bcubed.recall","bcubed.f1"
"majority-vote",0.907674468699507,0.167067430075819,0.282193968624204
