"","bcubed.precision","bcubed.recall","bcubed.f1"
"majority-vote",0.928389181833645,0.0746117242220671,0.138122941240643
