"","bcubed.precision","bcubed.recall","bcubed.f1"
"majority-vote",0.954955539015873,0.429045314048581,0.592079402599062
