"","bcubed.precision","bcubed.recall","bcubed.f1"
"majority-vote",0.67718918334489,0.747749660562916,0.710722406295469
