"","bcubed.precision","bcubed.recall","bcubed.f1"
"majority-vote",0.769512538743308,0.289096345775313,0.420293587617365
