"","bcubed.precision","bcubed.recall","bcubed.f1"
"majority-vote",0.950967714191256,0.211054320918947,0.345442408268006
