"","bcubed.precision","bcubed.recall","bcubed.f1"
"majority-vote",0.701186308829249,0.253036907901182,0.371875285233014
