"","bcubed.precision","bcubed.recall","bcubed.f1"
"majority-vote",0.82056371462529,0.690663123747023,0.750030483824613
