"","bcubed.precision","bcubed.recall","bcubed.f1"
"majority-vote",0.963262359149157,0.0825608748186915,0.152086472107801
