"","bcubed.precision","bcubed.recall","bcubed.f1"
"majority-vote",0.992518296692189,0.101709964148428,0.184511776904152
