"","bcubed.precision","bcubed.recall","bcubed.f1"
"majority-vote",0.784679898529673,0.599107253939097,0.679450475299786
