"","bcubed.precision","bcubed.recall","bcubed.f1"
"majority-vote",0.925723113710178,0.434149770257558,0.591088302263582
