"","bcubed.precision","bcubed.recall","bcubed.f1"
"majority-vote",0.823834664089413,0.98233269668912,0.896129278797393
