"","bcubed.precision","bcubed.recall","bcubed.f1"
"majority-vote",0.93798288774405,0.410676076945443,0.571244684781185
