"","bcubed.precision","bcubed.recall","bcubed.f1"
"majority-vote",0.829940183007998,0.434679775578011,0.570540121629046
