"","bcubed.precision","bcubed.recall","bcubed.f1"
"majority-vote",0.961305852646457,0.227935563046687,0.368496737317771
