"","bcubed.precision","bcubed.recall","bcubed.f1"
"majority-vote",0.757966356070998,0.953998372184291,0.844758841029536
