"","bcubed.precision","bcubed.recall","bcubed.f1"
"majority-vote",0.659698975262699,0.774374307579904,0.712451648450791
