"","bcubed.precision","bcubed.recall","bcubed.f1"
"majority-vote",0.969724154791385,0.972041321957978,0.970881355802032
