"","bcubed.precision","bcubed.recall","bcubed.f1"
"majority-vote",0.724660659979729,0.678795238603439,0.700978500420355
