"","bcubed.precision","bcubed.recall","bcubed.f1"
"majority-vote",0.989520127991887,0.673093054105635,0.801195530290209
