"","bcubed.precision","bcubed.recall","bcubed.f1"
"majority-vote",0.924419161619182,0.621311575879961,0.74314667120937
