"","bcubed.precision","bcubed.recall","bcubed.f1"
"majority-vote",0.973548093440734,0.245219681120563,0.391761511933646
