"","bcubed.precision","bcubed.recall","bcubed.f1"
"majority-vote",0.996668721230189,0.223197803670309,0.364719032819789
