"","bcubed.precision","bcubed.recall","bcubed.f1"
"majority-vote",0.87571759492396,0.888536756860613,0.882080603550665
