"","bcubed.precision","bcubed.recall","bcubed.f1"
"majority-vote",0.97879963296819,0.112676627480809,0.202089308982204
