"","bcubed.precision","bcubed.recall","bcubed.f1"
"majority-vote",0.995298238875082,0.0636085574732444,0.119575179701989
