"","bcubed.precision","bcubed.recall","bcubed.f1"
"majority-vote",0.959833144364512,0.710959995583583,0.816861108371046
