"","bcubed.precision","bcubed.recall","bcubed.f1"
"majority-vote",0.844814818659874,0.451227433642989,0.588258016820244
