"","bcubed.precision","bcubed.recall","bcubed.f1"
"majority-vote",0.968616070903207,0.992747698105158,0.980533432839934
