"","bcubed.precision","bcubed.recall","bcubed.f1"
"majority-vote",0.951149721034986,0.290807799497487,0.445428692679028
