"","bcubed.precision","bcubed.recall","bcubed.f1"
"majority-vote",0.977491465321703,0.311557485322546,0.472510811490398
