"","bcubed.precision","bcubed.recall","bcubed.f1"
"majority-vote",0.953954522288053,0.438552942856735,0.600872273323744
