"","bcubed.precision","bcubed.recall","bcubed.f1"
"majority-vote",0.985608910922375,0.171272483472186,0.291832311806406
