"","bcubed.precision","bcubed.recall","bcubed.f1"
"majority-vote",0.996303677760865,0.4225456458108,0.593415768608042
