"","bcubed.precision","bcubed.recall","bcubed.f1"
"majority-vote",0.968578983237345,0.304954019160578,0.463862425640389
