"","bcubed.precision","bcubed.recall","bcubed.f1"
"majority-vote",0.993503480278422,0.203251665290561,0.337464580931551
