"","bcubed.precision","bcubed.recall","bcubed.f1"
"majority-vote",0.997084706684676,0.144805821874779,0.252885310490129
