"","bcubed.precision","bcubed.recall","bcubed.f1"
"majority-vote",0.808592639828088,0.890351886948767,0.847504990653978
