"","bcubed.precision","bcubed.recall","bcubed.f1"
"majority-vote",0.841524725398937,0.8745228678117,0.857706533434122
