"","bcubed.precision","bcubed.recall","bcubed.f1"
"majority-vote",0.976230404973388,0.263692741897544,0.41522714187701
