"","bcubed.precision","bcubed.recall","bcubed.f1"
"majority-vote",0.897796335949752,0.567851720257163,0.695685695690194
