"","bcubed.precision","bcubed.recall","bcubed.f1"
"majority-vote",0.918125970342751,0.543601626875691,0.682883421103743
