"","bcubed.precision","bcubed.recall","bcubed.f1"
"majority-vote",0.929055558561771,0.288890581841722,0.440734433112584
