"","bcubed.precision","bcubed.recall","bcubed.f1"
"majority-vote",0.571045249687646,0.951676315879181,0.713788064360602
