"","bcubed.precision","bcubed.recall","bcubed.f1"
"majority-vote",0.981670052001221,0.518081023569405,0.678225385042271
