"","bcubed.precision","bcubed.recall","bcubed.f1"
"majority-vote",0.96248613248163,0.0925519306587843,0.168865850258192
