"","bcubed.precision","bcubed.recall","bcubed.f1"
"majority-vote",0.908506575770429,0.718359055886998,0.802320626040493
