"","bcubed.precision","bcubed.recall","bcubed.f1"
"majority-vote",0.893295841349711,0.238661795079808,0.376684748921032
