"","bcubed.precision","bcubed.recall","bcubed.f1"
"majority-vote",0.980716648000757,0.0532997157449176,0.10110462541501
