"","bcubed.precision","bcubed.recall","bcubed.f1"
"majority-vote",0.984406936750413,0.676785462335674,0.802113354457442
