"","bcubed.precision","bcubed.recall","bcubed.f1"
"majority-vote",0.999029971195534,0.287232725274046,0.446182730859802
