"","bcubed.precision","bcubed.recall","bcubed.f1"
"majority-vote",0.959285059822468,0.867200898273753,0.910921720357196
