"","bcubed.precision","bcubed.recall","bcubed.f1"
"majority-vote",0.646273909424193,0.957016077808164,0.771531696589152
