"","bcubed.precision","bcubed.recall","bcubed.f1"
"majority-vote",0.918092485493583,0.263230017891311,0.409150762285299
