"","bcubed.precision","bcubed.recall","bcubed.f1"
"majority-vote",0.946910597361257,0.721155501390792,0.818756267660132
