"","bcubed.precision","bcubed.recall","bcubed.f1"
"majority-vote",0.906407577835054,0.187956420595547,0.311350015488216
