"","bcubed.precision","bcubed.recall","bcubed.f1"
"majority-vote",0.871242332380438,0.198723949337721,0.323630230371043
