"","bcubed.precision","bcubed.recall","bcubed.f1"
"majority-vote",0.951326277865346,0.550591708748413,0.697497953384387
