"","bcubed.precision","bcubed.recall","bcubed.f1"
"majority-vote",0.953184864530362,0.0433799895446767,0.0829833588619767
