"","bcubed.precision","bcubed.recall","bcubed.f1"
"majority-vote",0.940375103366264,0.426921077938553,0.587240655367856
