"","bcubed.precision","bcubed.recall","bcubed.f1"
"majority-vote",0.979085055891363,0.67095999273719,0.796253293249138
