"","bcubed.precision","bcubed.recall","bcubed.f1"
"majority-vote",0.968833219735003,0.903297726238277,0.934918410886872
