"","bcubed.precision","bcubed.recall","bcubed.f1"
"majority-vote",0.934941946719528,0.519627945841913,0.66799397641841
