"","bcubed.precision","bcubed.recall","bcubed.f1"
"majority-vote",0.877895258644527,0.246533834992678,0.384961374728276
