"","bcubed.precision","bcubed.recall","bcubed.f1"
"majority-vote",0.873206242401162,0.869847678673161,0.871523724851169
