"","bcubed.precision","bcubed.recall","bcubed.f1"
"majority-vote",0.943996880417545,0.885003896784168,0.913549002422855
