"","bcubed.precision","bcubed.recall","bcubed.f1"
"majority-vote",0.807578462631731,0.618300621889916,0.700376730524265
