"","bcubed.precision","bcubed.recall","bcubed.f1"
"majority-vote",0.914548219041413,0.375385143411863,0.532287673696571
