"","bcubed.precision","bcubed.recall","bcubed.f1"
"majority-vote",0.752333446040331,0.0818177309662498,0.147585275143846
