"","bcubed.precision","bcubed.recall","bcubed.f1"
"majority-vote",0.944875756798396,0.199658482605455,0.329658044920197
