"","bcubed.precision","bcubed.recall","bcubed.f1"
"majority-vote",0.619628589937379,0.306750387876984,0.410353246036306
