"","bcubed.precision","bcubed.recall","bcubed.f1"
"majority-vote",0.97941380743027,0.180738517698107,0.305163030636375
