"","bcubed.precision","bcubed.recall","bcubed.f1"
"majority-vote",0.999566076093761,0.192725038611984,0.323144923642147
