"","bcubed.precision","bcubed.recall","bcubed.f1"
"majority-vote",0.850370243756951,0.671248890539398,0.750266699207268
