"","bcubed.precision","bcubed.recall","bcubed.f1"
"majority-vote",0.982510037223062,0.300600086710803,0.460354254673014
