"","bcubed.precision","bcubed.recall","bcubed.f1"
"majority-vote",0.929367263812181,0.205689974558657,0.336831522476439
