"","bcubed.precision","bcubed.recall","bcubed.f1"
"majority-vote",0.936062065450098,0.162747280379525,0.277284782836323
