"","bcubed.precision","bcubed.recall","bcubed.f1"
"majority-vote",0.963168409775207,0.922348890190569,0.94231679957421
