"","bcubed.precision","bcubed.recall","bcubed.f1"
"majority-vote",0.943348251852018,0.258672000318238,0.406012758708014
