"","bcubed.precision","bcubed.recall","bcubed.f1"
"majority-vote",0.925919470316647,0.711610695949027,0.804741448113127
