"","bcubed.precision","bcubed.recall","bcubed.f1"
"majority-vote",0.981915640354796,0.57646153119494,0.726443641342985
