"","bcubed.precision","bcubed.recall","bcubed.f1"
"majority-vote",0.913131875469442,0.344636477580368,0.500407809379317
