"","bcubed.precision","bcubed.recall","bcubed.f1"
"majority-vote",0.540309760641993,0.87099411376059,0.666910407690592
