"","bcubed.precision","bcubed.recall","bcubed.f1"
"majority-vote",0.854405508898117,0.768037065384609,0.808922435966848
