"","bcubed.precision","bcubed.recall","bcubed.f1"
"majority-vote",0.972325699993029,0.623206633052846,0.759570725297216
