"","bcubed.precision","bcubed.recall","bcubed.f1"
"majority-vote",0.999516189937358,0.503279990340311,0.669467363596456
