"","bcubed.precision","bcubed.recall","bcubed.f1"
"majority-vote",0.903668863035887,0.555114055613951,0.687750426850606
