"","bcubed.precision","bcubed.recall","bcubed.f1"
"majority-vote",0.998473096926464,0.171708830842222,0.29302562966012
