"","bcubed.precision","bcubed.recall","bcubed.f1"
"majority-vote",0.904613526029813,0.208467528085095,0.338847822351505
