"","bcubed.precision","bcubed.recall","bcubed.f1"
"majority-vote",0.995136474363814,0.12161184469948,0.216737075506197
