"","bcubed.precision","bcubed.recall","bcubed.f1"
"majority-vote",0.938378091563332,0.129925648420635,0.228248535406071
