"","bcubed.precision","bcubed.recall","bcubed.f1"
"majority-vote",0.964162249366213,0.530529632205182,0.684444265536001
