"","bcubed.precision","bcubed.recall","bcubed.f1"
"majority-vote",0.987927641513063,0.408911600751358,0.578413121702874
