"","bcubed.precision","bcubed.recall","bcubed.f1"
"majority-vote",0.920113912501961,0.189605381836698,0.314419242060961
