"","bcubed.precision","bcubed.recall","bcubed.f1"
"majority-vote",0.657580946848367,0.824990043913671,0.731833736930716
