"","bcubed.precision","bcubed.recall","bcubed.f1"
"majority-vote",0.861930514477949,0.96894269544879,0.912309242889893
