"","bcubed.precision","bcubed.recall","bcubed.f1"
"majority-vote",0.819327275119975,0.806243335046031,0.812732649884026
