"","bcubed.precision","bcubed.recall","bcubed.f1"
"majority-vote",0.982429506039004,0.0709456622348628,0.132334829990762
