"","bcubed.precision","bcubed.recall","bcubed.f1"
"majority-vote",0.995737929401786,0.823395425011096,0.90140291649379
