"","bcubed.precision","bcubed.recall","bcubed.f1"
"majority-vote",0.988608527531592,0.376431468812135,0.545249019949172
