"","bcubed.precision","bcubed.recall","bcubed.f1"
"majority-vote",0.978329627565218,0.632762356495362,0.768485184821229
