"","bcubed.precision","bcubed.recall","bcubed.f1"
"majority-vote",0.944935064935065,0.300386887991757,0.45585979247057
