"","bcubed.precision","bcubed.recall","bcubed.f1"
"majority-vote",0.929251792720877,0.246806892170648,0.390024324384113
