"","bcubed.precision","bcubed.recall","bcubed.f1"
"majority-vote",0.977315546693251,0.724699917622873,0.832260941253826
