"","bcubed.precision","bcubed.recall","bcubed.f1"
"majority-vote",0.986483315821151,0.325059058062342,0.488989671733663
