"","bcubed.precision","bcubed.recall","bcubed.f1"
"majority-vote",0.965390499092704,0.692800640282933,0.806690061251105
