"","bcubed.precision","bcubed.recall","bcubed.f1"
"majority-vote",0.503513100235813,0.1866082156125,0.272299026315469
