"","bcubed.precision","bcubed.recall","bcubed.f1"
"majority-vote",0.917296297336538,0.749617117102088,0.825023063563753
