"","bcubed.precision","bcubed.recall","bcubed.f1"
"majority-vote",0.941331998074805,0.70119554497776,0.803709875291806
