"","bcubed.precision","bcubed.recall","bcubed.f1"
"majority-vote",0.893199688570267,0.489891445376879,0.632743390083199
