"","bcubed.precision","bcubed.recall","bcubed.f1"
"majority-vote",0.995987007645514,0.70836043407681,0.827903714699956
