"","bcubed.precision","bcubed.recall","bcubed.f1"
"majority-vote",0.987775087956193,0.529459797057815,0.689395165868761
