"","bcubed.precision","bcubed.recall","bcubed.f1"
"majority-vote",0.999130744004109,0.652922397459344,0.789750431602484
