"","bcubed.precision","bcubed.recall","bcubed.f1"
"majority-vote",0.988966175623736,0.195382251185559,0.326299986331391
