"","bcubed.precision","bcubed.recall","bcubed.f1"
"majority-vote",0.982935934167684,0.50040059126671,0.663182917970369
