"","bcubed.precision","bcubed.recall","bcubed.f1"
"majority-vote",0.877426884343003,0.852275053526756,0.864668100840799
