"","bcubed.precision","bcubed.recall","bcubed.f1"
"majority-vote",0.964751323575359,0.871708259528741,0.915872807535949
