"","bcubed.precision","bcubed.recall","bcubed.f1"
"majority-vote",0.889479174139768,0.216432066319554,0.348150572241808
