"","bcubed.precision","bcubed.recall","bcubed.f1"
"majority-vote",0.98528679097851,0.809655096319242,0.888878327813462
