"","bcubed.precision","bcubed.recall","bcubed.f1"
"majority-vote",0.895188443454088,0.123139768265065,0.216498563453139
