"","bcubed.precision","bcubed.recall","bcubed.f1"
"majority-vote",0.990159503410248,0.597261365697529,0.745087870235174
