"","bcubed.precision","bcubed.recall","bcubed.f1"
"majority-vote",0.947856347756345,0.31760343970649,0.475783488938225
