"","bcubed.precision","bcubed.recall","bcubed.f1"
"majority-vote",0.873548858742655,0.653529505298322,0.74768913888257
