"","bcubed.precision","bcubed.recall","bcubed.f1"
"majority-vote",0.999218639011223,0.497848997684496,0.664579188950183
