"","bcubed.precision","bcubed.recall","bcubed.f1"
"majority-vote",0.904952492575012,0.823598864714104,0.862361239499252
