"","bcubed.precision","bcubed.recall","bcubed.f1"
"majority-vote",0.993178986826444,0.29339917037953,0.452981249745575
