"","bcubed.precision","bcubed.recall","bcubed.f1"
"majority-vote",0.939458109707983,0.481946949319253,0.637072405380145
