"","bcubed.precision","bcubed.recall","bcubed.f1"
"majority-vote",0.970295555730234,0.776423212952438,0.86260021521576
