"","bcubed.precision","bcubed.recall","bcubed.f1"
"majority-vote",0.975943630645115,0.111223999220294,0.199690186926117
