"","bcubed.precision","bcubed.recall","bcubed.f1"
"majority-vote",0.999014769477051,0.10606201923048,0.191764997282648
