"","bcubed.precision","bcubed.recall","bcubed.f1"
"majority-vote",0.980838067422934,0.0538416620103322,0.102079803461462
