"","bcubed.precision","bcubed.recall","bcubed.f1"
"majority-vote",0.993546262759302,0.202442310391395,0.336350706736034
