"","bcubed.precision","bcubed.recall","bcubed.f1"
"majority-vote",0.840684643675136,0.869054884901159,0.854634386157804
