"","bcubed.precision","bcubed.recall","bcubed.f1"
"majority-vote",0.837689768117277,0.753377938878694,0.793299981074361
