"","bcubed.precision","bcubed.recall","bcubed.f1"
"majority-vote",0.99253070828746,0.381795543598162,0.551461198952658
