"","bcubed.precision","bcubed.recall","bcubed.f1"
"majority-vote",0.956204619293406,0.686832163567876,0.799436865118966
