"","bcubed.precision","bcubed.recall","bcubed.f1"
"majority-vote",0.963797171555432,0.706914264600393,0.815606997126583
