"","bcubed.precision","bcubed.recall","bcubed.f1"
"majority-vote",0.859487922946342,0.302587406231036,0.447596149339708
