"","bcubed.precision","bcubed.recall","bcubed.f1"
"majority-vote",0.946417355832508,0.948111315396673,0.947263578302482
