"","bcubed.precision","bcubed.recall","bcubed.f1"
"majority-vote",0.999358151736685,0.559879858103244,0.71768453136426
