"","bcubed.precision","bcubed.recall","bcubed.f1"
"majority-vote",0.960756664352366,0.111864402228205,0.200395970754447
