"","bcubed.precision","bcubed.recall","bcubed.f1"
"majority-vote",0.893271343774212,0.94524513334157,0.918523604184031
