"","bcubed.precision","bcubed.recall","bcubed.f1"
"majority-vote",0.855477471788784,0.831089448349761,0.843107132738243
