"","bcubed.precision","bcubed.recall","bcubed.f1"
"majority-vote",0.995155802126586,0.350646203393954,0.51857197770512
