"","bcubed.precision","bcubed.recall","bcubed.f1"
"majority-vote",0.853932987697132,0.804604683730701,0.828535273367361
