"","bcubed.precision","bcubed.recall","bcubed.f1"
"majority-vote",0.409722393442524,0.900909093952003,0.563274473104485
