"","bcubed.precision","bcubed.recall","bcubed.f1"
"majority-vote",0.963497016591855,0.162340510218552,0.277863534555843
