"","bcubed.precision","bcubed.recall","bcubed.f1"
"majority-vote",0.941416742915263,0.693366234469833,0.798572766088018
