"","bcubed.precision","bcubed.recall","bcubed.f1"
"majority-vote",0.783688841382966,0.312955397481582,0.447291189184243
