"","bcubed.precision","bcubed.recall","bcubed.f1"
"majority-vote",0.982974008048969,0.416877717790782,0.585461950803812
