"","bcubed.precision","bcubed.recall","bcubed.f1"
"majority-vote",0.969334100919829,0.526954338942138,0.682749123439597
