"","bcubed.precision","bcubed.recall","bcubed.f1"
"majority-vote",0.451513941967857,0.922520490446112,0.60628882852035
