"","bcubed.precision","bcubed.recall","bcubed.f1"
"majority-vote",0.956013376309889,0.066387594049187,0.124153692674535
