"","bcubed.precision","bcubed.recall","bcubed.f1"
"majority-vote",0.891991415033675,0.58480523447474,0.706449664267404
