"","bcubed.precision","bcubed.recall","bcubed.f1"
"majority-vote",0.598014605203104,0.858233533003629,0.704874634955062
