"","bcubed.precision","bcubed.recall","bcubed.f1"
"majority-vote",0.999610577369452,0.486453658140412,0.654432305761512
