"","bcubed.precision","bcubed.recall","bcubed.f1"
"majority-vote",0.924593194439118,0.609966973680768,0.735026653779017
