"","bcubed.precision","bcubed.recall","bcubed.f1"
"majority-vote",0.993332519829164,0.201171960150197,0.334583341367494
