"","bcubed.precision","bcubed.recall","bcubed.f1"
"majority-vote",0.996058400267879,0.468610941505744,0.637364149616205
