"","bcubed.precision","bcubed.recall","bcubed.f1"
"majority-vote",0.825902871109142,0.957654622163745,0.88691248245056
