"","bcubed.precision","bcubed.recall","bcubed.f1"
"majority-vote",0.955229424068524,0.376285338983134,0.539894618695029
