"","bcubed.precision","bcubed.recall","bcubed.f1"
"majority-vote",0.985437868523454,0.649526075996091,0.782974565311387
