"","bcubed.precision","bcubed.recall","bcubed.f1"
"majority-vote",0.933025473342486,0.800803517473767,0.861872866243327
