"","bcubed.precision","bcubed.recall","bcubed.f1"
"majority-vote",0.896753227293812,0.517382117856954,0.656180591940251
