"","bcubed.precision","bcubed.recall","bcubed.f1"
"majority-vote",0.902707839605379,0.565934879054051,0.695708827664413
