"","bcubed.precision","bcubed.recall","bcubed.f1"
"majority-vote",0.943077808664861,0.0964067517319758,0.174931060311621
