"","bcubed.precision","bcubed.recall","bcubed.f1"
"majority-vote",0.916631148498403,0.428312051093243,0.583822673594705
