"","bcubed.precision","bcubed.recall","bcubed.f1"
"majority-vote",0.992119817791284,0.300134820322233,0.460852984340004
