"","bcubed.precision","bcubed.recall","bcubed.f1"
"majority-vote",0.977628016450619,0.200670082125697,0.332989919251443
