"","bcubed.precision","bcubed.recall","bcubed.f1"
"majority-vote",0.904570722543323,0.357968796154328,0.512947258742921
