"","bcubed.precision","bcubed.recall","bcubed.f1"
"majority-vote",0.954690499543068,0.354719933138663,0.517252255998095
