"","bcubed.precision","bcubed.recall","bcubed.f1"
"majority-vote",0.995634837663648,0.85867029520732,0.922094260346122
