"","bcubed.precision","bcubed.recall","bcubed.f1"
"majority-vote",0.953206274381331,0.530461125056174,0.681606771046699
