"","bcubed.precision","bcubed.recall","bcubed.f1"
"majority-vote",0.984046243202866,0.573436696070978,0.724615611836367
