"","bcubed.precision","bcubed.recall","bcubed.f1"
"majority-vote",0.995840890766434,0.881438862735977,0.935154028679531
