"","bcubed.precision","bcubed.recall","bcubed.f1"
"majority-vote",0.924610191031528,0.661313708309063,0.771105592677742
