"","bcubed.precision","bcubed.recall","bcubed.f1"
"majority-vote",0.965504876285979,0.946744659248356,0.956032743756504
