"","bcubed.precision","bcubed.recall","bcubed.f1"
"majority-vote",0.848612934265512,0.270767728743457,0.410543087595845
