"","bcubed.precision","bcubed.recall","bcubed.f1"
"majority-vote",0.959950745607174,0.135076692960143,0.236828717809832
