"","bcubed.precision","bcubed.recall","bcubed.f1"
"majority-vote",0.812368553966184,0.840619959780926,0.826252832954432
