"","bcubed.precision","bcubed.recall","bcubed.f1"
"majority-vote",0.634033808141735,0.610798004402237,0.622199048633074
