"","bcubed.precision","bcubed.recall","bcubed.f1"
"majority-vote",0.888304184185425,0.633469452255075,0.739549630138219
