"","bcubed.precision","bcubed.recall","bcubed.f1"
"majority-vote",0.978960042033539,0.840576463014278,0.904505919262374
