"","bcubed.precision","bcubed.recall","bcubed.f1"
"majority-vote",0.957698859281372,0.181992679359467,0.305862025838992
