"","bcubed.precision","bcubed.recall","bcubed.f1"
"majority-vote",0.757704839379948,0.390504942471489,0.515389242260817
