"","bcubed.precision","bcubed.recall","bcubed.f1"
"majority-vote",0.842636004088831,0.549533381614107,0.665230276649024
