"","bcubed.precision","bcubed.recall","bcubed.f1"
"majority-vote",0.939033294307735,0.122179218563622,0.216225030730768
