"","bcubed.precision","bcubed.recall","bcubed.f1"
"majority-vote",0.937120931211602,0.697953423887138,0.800045282950992
