"","bcubed.precision","bcubed.recall","bcubed.f1"
"majority-vote",0.902485369501325,0.363693278852379,0.518454269588264
