"","bcubed.precision","bcubed.recall","bcubed.f1"
"majority-vote",0.847374347888121,0.861867744404014,0.85455959828461
