"","bcubed.precision","bcubed.recall","bcubed.f1"
"majority-vote",0.784658914969872,0.784030632300809,0.784344647817229
