"","bcubed.precision","bcubed.recall","bcubed.f1"
"majority-vote",0.937195758910615,0.513390830029785,0.663383643880198
