"","bcubed.precision","bcubed.recall","bcubed.f1"
"majority-vote",0.988832087752303,0.452376520477987,0.62076290224724
