"","bcubed.precision","bcubed.recall","bcubed.f1"
"majority-vote",0.993515254736547,0.209173210587146,0.345587043681537
