"","bcubed.precision","bcubed.recall","bcubed.f1"
"majority-vote",0.967643492215736,0.584959608621212,0.729139801648282
