"","bcubed.precision","bcubed.recall","bcubed.f1"
"majority-vote",0.99970004392214,0.161622739274335,0.278259002388028
