"","bcubed.precision","bcubed.recall","bcubed.f1"
"majority-vote",0.979068836959572,0.101116544029734,0.18330197557366
