"","bcubed.precision","bcubed.recall","bcubed.f1"
"majority-vote",0.999631883692776,0.263187061309438,0.416671255846354
