"","bcubed.precision","bcubed.recall","bcubed.f1"
"majority-vote",0.882383088036096,0.784962631343977,0.830826795651911
