"","bcubed.precision","bcubed.recall","bcubed.f1"
"majority-vote",0.693586292634676,0.815154249907064,0.749472554327941
