"","bcubed.precision","bcubed.recall","bcubed.f1"
"majority-vote",0.977154742267117,0.91491836638979,0.945012976945365
