"","bcubed.precision","bcubed.recall","bcubed.f1"
"majority-vote",0.929824561403509,0.0573019580599299,0.107951244283454
