"","bcubed.precision","bcubed.recall","bcubed.f1"
"majority-vote",0.891175711936749,0.405920961331793,0.557779399423402
