"","bcubed.precision","bcubed.recall","bcubed.f1"
"majority-vote",0.992373201812651,0.116439055812376,0.208423018122237
