"","bcubed.precision","bcubed.recall","bcubed.f1"
"majority-vote",0.951982441966563,0.466985740242097,0.626599286627079
