"","bcubed.precision","bcubed.recall","bcubed.f1"
"majority-vote",0.855163014728087,0.864447839559442,0.859780361015595
