"","bcubed.precision","bcubed.recall","bcubed.f1"
"majority-vote",0.956531795838766,0.314039749892511,0.472840757277547
