"","bcubed.precision","bcubed.recall","bcubed.f1"
"majority-vote",0.995771077904267,0.584212777476936,0.736390039901132
