"","bcubed.precision","bcubed.recall","bcubed.f1"
"majority-vote",0.999246188110331,0.0948809403515051,0.173306036390582
