"","bcubed.precision","bcubed.recall","bcubed.f1"
"majority-vote",0.58758986046075,0.891168125883153,0.708217787589985
