"","bcubed.precision","bcubed.recall","bcubed.f1"
"majority-vote",0.956631275751932,0.236307524456117,0.378995416279211
