"","bcubed.precision","bcubed.recall","bcubed.f1"
"majority-vote",0.972519773310589,0.446274645666435,0.611802402705692
