"","bcubed.precision","bcubed.recall","bcubed.f1"
"majority-vote",0.930309291351441,0.462744944426342,0.618060532417639
