"","bcubed.precision","bcubed.recall","bcubed.f1"
"majority-vote",0.916410843181202,0.828366548948151,0.870167267193015
