"","bcubed.precision","bcubed.recall","bcubed.f1"
"majority-vote",0.902343494053125,0.447793608709187,0.598552026561764
