"","bcubed.precision","bcubed.recall","bcubed.f1"
"majority-vote",0.928479745812318,0.172287491062289,0.29064354488301
