"","bcubed.precision","bcubed.recall","bcubed.f1"
"majority-vote",0.991950451033669,0.460786138313684,0.629263448146047
