"","bcubed.precision","bcubed.recall","bcubed.f1"
"majority-vote",0.947107199695496,0.380768975572006,0.543166667046008
