"","bcubed.precision","bcubed.recall","bcubed.f1"
"majority-vote",0.984045933303858,0.0888004286382346,0.162900679495077
