"","bcubed.precision","bcubed.recall","bcubed.f1"
"majority-vote",0.954989518079734,0.563910932860583,0.70910378580641
