"","bcubed.precision","bcubed.recall","bcubed.f1"
"majority-vote",0.997790560524798,0.507263239950437,0.672590537778719
