"","bcubed.precision","bcubed.recall","bcubed.f1"
"majority-vote",0.870380987437136,0.569394397437667,0.688426907543032
