"","bcubed.precision","bcubed.recall","bcubed.f1"
"majority-vote",0.97250265182339,0.59969155425353,0.741895148237323
