"","bcubed.precision","bcubed.recall","bcubed.f1"
"majority-vote",0.833365385181636,0.200010847216009,0.32259715581795
