"","bcubed.precision","bcubed.recall","bcubed.f1"
"majority-vote",0.969010709954701,0.708710721510373,0.818667827117843
