"","bcubed.precision","bcubed.recall","bcubed.f1"
"majority-vote",0.976076626553024,0.697170823046032,0.813378971834711
