"","bcubed.precision","bcubed.recall","bcubed.f1"
"majority-vote",0.58287375452785,0.876046227860111,0.700003235457771
