"","bcubed.precision","bcubed.recall","bcubed.f1"
"majority-vote",0.992073112564155,0.567123778811172,0.721689807831858
