"","bcubed.precision","bcubed.recall","bcubed.f1"
"majority-vote",0.831941321978265,0.393551021235862,0.534334398229123
