"","bcubed.precision","bcubed.recall","bcubed.f1"
"majority-vote",0.337848333546073,0.741910169246201,0.464276250055027
