"","bcubed.precision","bcubed.recall","bcubed.f1"
"majority-vote",0.823404317853476,0.509031603217549,0.629131672878196
