"","bcubed.precision","bcubed.recall","bcubed.f1"
"majority-vote",0.850269108708636,0.832835308067237,0.841461917672229
