"","bcubed.precision","bcubed.recall","bcubed.f1"
"majority-vote",0.985817700272851,0.437493330584635,0.606035728932448
