"","bcubed.precision","bcubed.recall","bcubed.f1"
"majority-vote",0.987529816721519,0.104632802291219,0.189217265397912
