"","bcubed.precision","bcubed.recall","bcubed.f1"
"majority-vote",0.970414750899782,0.92363463973756,0.946446996867097
