"","bcubed.precision","bcubed.recall","bcubed.f1"
"majority-vote",0.878677103285643,0.728804753366602,0.79675431097262
