"","bcubed.precision","bcubed.recall","bcubed.f1"
"majority-vote",0.975001312278006,0.709850429807477,0.821562020319628
