"","bcubed.precision","bcubed.recall","bcubed.f1"
"majority-vote",0.866778834990485,0.897696804793042,0.881966940307155
