"","bcubed.precision","bcubed.recall","bcubed.f1"
"majority-vote",0.900207736080091,0.35287159513463,0.507003398540109
