"","bcubed.precision","bcubed.recall","bcubed.f1"
"majority-vote",0.989468530707719,0.308461068542647,0.470306741517729
