"","bcubed.precision","bcubed.recall","bcubed.f1"
"majority-vote",0.687428219803348,0.291377900708678,0.40927694949317
