"","bcubed.precision","bcubed.recall","bcubed.f1"
"majority-vote",0.984375473743254,0.0812443220315369,0.150100285872778
