"","bcubed.precision","bcubed.recall","bcubed.f1"
"majority-vote",0.883950191876466,0.0834008252985682,0.152420732942664
