"","bcubed.precision","bcubed.recall","bcubed.f1"
"majority-vote",0.938176550589889,0.412840100759828,0.573371025870174
