"","bcubed.precision","bcubed.recall","bcubed.f1"
"majority-vote",0.778604654499998,0.806070655690088,0.792099631186763
