"","bcubed.precision","bcubed.recall","bcubed.f1"
"majority-vote",0.785195608676298,0.799562435992919,0.792313900176737
