"","bcubed.precision","bcubed.recall","bcubed.f1"
"majority-vote",0.998380180440365,0.0366597339132805,0.0707225900212606
