"","bcubed.precision","bcubed.recall","bcubed.f1"
"majority-vote",0.948550825581339,0.856752690939432,0.900317830074178
