"","bcubed.precision","bcubed.recall","bcubed.f1"
"majority-vote",0.908879194205397,0.268154550226509,0.414125920663407
