"","bcubed.precision","bcubed.recall","bcubed.f1"
"majority-vote",0.882074211209812,0.640256172653343,0.741959123265029
