"","bcubed.precision","bcubed.recall","bcubed.f1"
"majority-vote",0.940962450956948,0.177529810515064,0.298703694919318
