"","bcubed.precision","bcubed.recall","bcubed.f1"
"majority-vote",0.980332333346439,0.852584420185608,0.912006584483177
