"","bcubed.precision","bcubed.recall","bcubed.f1"
"majority-vote",0.910086677338572,0.369391633203902,0.525492931500612
