"","bcubed.precision","bcubed.recall","bcubed.f1"
"majority-vote",0.959558519597144,0.121077244210409,0.215022869134159
