"","bcubed.precision","bcubed.recall","bcubed.f1"
"majority-vote",0.979153023830692,0.47542631927247,0.640068374862545
