"","bcubed.precision","bcubed.recall","bcubed.f1"
"majority-vote",0.482877008483605,0.774077955324996,0.594745966502833
