"","bcubed.precision","bcubed.recall","bcubed.f1"
"majority-vote",0.972291049221654,0.633196941789201,0.76693406907209
