"","bcubed.precision","bcubed.recall","bcubed.f1"
"majority-vote",0.93609279676678,0.325467607701725,0.483001657425761
