"","bcubed.precision","bcubed.recall","bcubed.f1"
"majority-vote",0.879159395682373,0.470442728711838,0.61291270605122
