"","bcubed.precision","bcubed.recall","bcubed.f1"
"majority-vote",0.984533008981518,0.199493292349607,0.331762446776359
