"","bcubed.precision","bcubed.recall","bcubed.f1"
"majority-vote",0.979950556626517,0.201341040568033,0.334048367473338
