"","bcubed.precision","bcubed.recall","bcubed.f1"
"majority-vote",0.27082044717343,0.879322358889885,0.414102445694112
