"","bcubed.precision","bcubed.recall","bcubed.f1"
"majority-vote",0.743194806190159,0.806429956252318,0.773522170745678
