"","bcubed.precision","bcubed.recall","bcubed.f1"
"majority-vote",0.889876208329105,0.209926485941495,0.33971290725263
