"","bcubed.precision","bcubed.recall","bcubed.f1"
"majority-vote",0.878290888075611,0.837155983298094,0.857230246297169
