"","bcubed.precision","bcubed.recall","bcubed.f1"
"majority-vote",0.922173144674857,0.648944645923123,0.761800710846851
