"","bcubed.precision","bcubed.recall","bcubed.f1"
"majority-vote",0.880539219741108,0.407516362693419,0.557171825395256
