"","bcubed.precision","bcubed.recall","bcubed.f1"
"majority-vote",0.980034578437212,0.939471637538482,0.959324520635366
