"","bcubed.precision","bcubed.recall","bcubed.f1"
"majority-vote",0.98383548860152,0.336303085094199,0.501260877660123
