"","bcubed.precision","bcubed.recall","bcubed.f1"
"majority-vote",0.829408970723333,0.320307595078389,0.462141715012305
