"","bcubed.precision","bcubed.recall","bcubed.f1"
"majority-vote",0.840800416713551,0.333558471316994,0.477632697363924
