"","bcubed.precision","bcubed.recall","bcubed.f1"
"majority-vote",0.885576383452642,0.452092561581597,0.598597279480124
