"","bcubed.precision","bcubed.recall","bcubed.f1"
"majority-vote",0.848112498890341,0.929412355356399,0.88690319386269
