"","bcubed.precision","bcubed.recall","bcubed.f1"
"majority-vote",0.964357113793444,0.0683086013408352,0.127580270499731
