"","bcubed.precision","bcubed.recall","bcubed.f1"
"majority-vote",0.965970783874709,0.152259185635616,0.263054879426933
