"","bcubed.precision","bcubed.recall","bcubed.f1"
"majority-vote",0.91039384549787,0.342242718413109,0.497471770322517
