"","bcubed.precision","bcubed.recall","bcubed.f1"
"majority-vote",0.751446241265381,0.68154546491473,0.714790986790637
