"","bcubed.precision","bcubed.recall","bcubed.f1"
"majority-vote",0.905485286865841,0.560502720925188,0.692402617686862
