"","bcubed.precision","bcubed.recall","bcubed.f1"
"majority-vote",0.989671835220124,0.208757850463177,0.344787462214278
