"","bcubed.precision","bcubed.recall","bcubed.f1"
"majority-vote",0.932730546196006,0.170199726819997,0.287870390437498
