"","bcubed.precision","bcubed.recall","bcubed.f1"
"majority-vote",0.822469558762783,0.31201840571614,0.452407867708126
