"","bcubed.precision","bcubed.recall","bcubed.f1"
"majority-vote",0.984777963511764,0.221893375504066,0.362179326516313
