"","bcubed.precision","bcubed.recall","bcubed.f1"
"majority-vote",0.999680626271419,0.851636288203784,0.919739123313054
