"","bcubed.precision","bcubed.recall","bcubed.f1"
"majority-vote",0.867163467638055,0.23953556972886,0.375380276399154
