"","bcubed.precision","bcubed.recall","bcubed.f1"
"majority-vote",0.953177257525084,0.174948245513748,0.295634995252615
