"","bcubed.precision","bcubed.recall","bcubed.f1"
"majority-vote",0.985421517678764,0.595807708513406,0.742614323897696
