"","bcubed.precision","bcubed.recall","bcubed.f1"
"majority-vote",0.978432000143185,0.716946117476084,0.827523979962737
