"","bcubed.precision","bcubed.recall","bcubed.f1"
"majority-vote",0.99446149932853,0.731135745033814,0.842706896518819
