"","bcubed.precision","bcubed.recall","bcubed.f1"
"majority-vote",0.980811265505782,0.072294011309715,0.134662283595401
