"","bcubed.precision","bcubed.recall","bcubed.f1"
"majority-vote",0.993845800772589,0.134837480458146,0.237458401251341
