"","bcubed.precision","bcubed.recall","bcubed.f1"
"majority-vote",0.958155775478063,0.305243136638544,0.462989909980652
