"","bcubed.precision","bcubed.recall","bcubed.f1"
"majority-vote",0.99687236565748,0.651043745244328,0.787670578829471
