"","bcubed.precision","bcubed.recall","bcubed.f1"
"majority-vote",0.984466779235595,0.989001140006872,0.986728750408709
