"","bcubed.precision","bcubed.recall","bcubed.f1"
"majority-vote",0.960015263473782,0.227124013406957,0.367341092689678
