"","bcubed.precision","bcubed.recall","bcubed.f1"
"majority-vote",0.985876472703427,0.156302649463901,0.269826512736934
