"","bcubed.precision","bcubed.recall","bcubed.f1"
"majority-vote",0.994427377560938,0.680638624776037,0.808142105156947
