"","bcubed.precision","bcubed.recall","bcubed.f1"
"majority-vote",0.991549369771044,0.967816002463837,0.979538947555016
