"","bcubed.precision","bcubed.recall","bcubed.f1"
"majority-vote",0.970726772927037,0.217376798625487,0.355210578086543
