"","bcubed.precision","bcubed.recall","bcubed.f1"
"majority-vote",0.891084533911504,0.844686204167662,0.867265239619323
