"","bcubed.precision","bcubed.recall","bcubed.f1"
"majority-vote",0.865009893038486,0.111625822921618,0.197734814665954
