"","bcubed.precision","bcubed.recall","bcubed.f1"
"majority-vote",0.999931256791711,0.282574766257722,0.440630041627207
