"","bcubed.precision","bcubed.recall","bcubed.f1"
"majority-vote",0.971166689289123,0.134592683420592,0.236420208566353
