"","bcubed.precision","bcubed.recall","bcubed.f1"
"majority-vote",0.95538509452427,0.0544884404874559,0.103096956323316
