"","bcubed.precision","bcubed.recall","bcubed.f1"
"majority-vote",0.873476040580026,0.491622272098512,0.629141903854491
