"","bcubed.precision","bcubed.recall","bcubed.f1"
"majority-vote",0.577942825362741,0.901849255105857,0.704446676565685
