"","bcubed.precision","bcubed.recall","bcubed.f1"
"majority-vote",0.992154088246155,0.891339545584418,0.939048753107281
