"","bcubed.precision","bcubed.recall","bcubed.f1"
"majority-vote",0.973513302034429,0.105549440637032,0.190450064521834
