"","bcubed.precision","bcubed.recall","bcubed.f1"
"majority-vote",0.994948505720323,0.171705087051728,0.292867944426883
