"","bcubed.precision","bcubed.recall","bcubed.f1"
"majority-vote",0.998509031392448,0.235182446541082,0.380697769412482
