"","bcubed.precision","bcubed.recall","bcubed.f1"
"majority-vote",0.823254931760021,0.204570606134394,0.327708845877261
