"","bcubed.precision","bcubed.recall","bcubed.f1"
"majority-vote",0.948968430051805,0.377609948518825,0.540246887491048
