"","bcubed.precision","bcubed.recall","bcubed.f1"
"majority-vote",0.968875357971713,0.900422656615952,0.933395656494138
