"","bcubed.precision","bcubed.recall","bcubed.f1"
"majority-vote",0.972837562848929,0.92228824374882,0.946888743923125
