"","bcubed.precision","bcubed.recall","bcubed.f1"
"majority-vote",0.830811115896664,0.255063202211414,0.390301787452993
