"","bcubed.precision","bcubed.recall","bcubed.f1"
"majority-vote",0.78502085681567,0.692213943102474,0.735702114171922
