"","bcubed.precision","bcubed.recall","bcubed.f1"
"majority-vote",0.943106965899155,0.281266297603279,0.433306104354981
