"","bcubed.precision","bcubed.recall","bcubed.f1"
"majority-vote",0.898387260501565,0.411280902695771,0.564249072936792
