"","bcubed.precision","bcubed.recall","bcubed.f1"
"majority-vote",0.888390843993307,0.759648107344657,0.818990865081129
