"","bcubed.precision","bcubed.recall","bcubed.f1"
"majority-vote",0.973645854146793,0.795984578333156,0.875897103072273
