"","bcubed.precision","bcubed.recall","bcubed.f1"
"majority-vote",0.792899603255425,0.149927722811839,0.25217264847501
