"","bcubed.precision","bcubed.recall","bcubed.f1"
"majority-vote",0.685092138133125,0.884687879693833,0.772200823296147
