"","bcubed.precision","bcubed.recall","bcubed.f1"
"majority-vote",0.909146699722266,0.29050848647485,0.44031790927718
