"","bcubed.precision","bcubed.recall","bcubed.f1"
"majority-vote",0.851160772676537,0.958267314527653,0.90154403331309
