"","bcubed.precision","bcubed.recall","bcubed.f1"
"majority-vote",0.94367593598036,0.164765277771853,0.280547178847819
