"","bcubed.precision","bcubed.recall","bcubed.f1"
"majority-vote",0.94389396895809,0.656932604319912,0.774693191105359
