"","bcubed.precision","bcubed.recall","bcubed.f1"
"majority-vote",0.887917669995795,0.753310766032431,0.815094261682364
