"","bcubed.precision","bcubed.recall","bcubed.f1"
"majority-vote",0.878305426824642,0.225147959036137,0.358417812286057
