"","bcubed.precision","bcubed.recall","bcubed.f1"
"majority-vote",0.957174721189591,0.457559210958133,0.619146964986839
