"","bcubed.precision","bcubed.recall","bcubed.f1"
"majority-vote",0.983293128317368,0.0943457586355133,0.172171842117731
