"","bcubed.precision","bcubed.recall","bcubed.f1"
"majority-vote",0.883482513548332,0.167373464750229,0.281430628730388
