"","bcubed.precision","bcubed.recall","bcubed.f1"
"majority-vote",0.983248361039743,0.834332292339577,0.902689910877057
