"","bcubed.precision","bcubed.recall","bcubed.f1"
"majority-vote",0.971321674574281,0.788531179554673,0.870433484233739
