"","bcubed.precision","bcubed.recall","bcubed.f1"
"majority-vote",0.958997286656343,0.463579628691394,0.625022944303197
