"","bcubed.precision","bcubed.recall","bcubed.f1"
"majority-vote",0.999694493240663,0.274645858617169,0.430908355135518
