"","bcubed.precision","bcubed.recall","bcubed.f1"
"majority-vote",0.951431086475999,0.721523389239038,0.820679572704015
