"","bcubed.precision","bcubed.recall","bcubed.f1"
"majority-vote",0.951313134064563,0.346427074290885,0.507899229208768
