"","bcubed.precision","bcubed.recall","bcubed.f1"
"majority-vote",0.89450603372998,0.221891659101119,0.355578355589338
