"","bcubed.precision","bcubed.recall","bcubed.f1"
"majority-vote",0.991552104850773,0.110699539377693,0.199163887576314
