"","bcubed.precision","bcubed.recall","bcubed.f1"
"majority-vote",0.901517591546922,0.187888002909918,0.310966532071762
