"","bcubed.precision","bcubed.recall","bcubed.f1"
"majority-vote",0.718975525003047,0.689551153869687,0.703955999281018
