"","bcubed.precision","bcubed.recall","bcubed.f1"
"majority-vote",0.85530145165301,0.849901762967944,0.852593057995754
