"","bcubed.precision","bcubed.recall","bcubed.f1"
"majority-vote",0.785699433430792,0.583163032042495,0.669447625938302
