"","bcubed.precision","bcubed.recall","bcubed.f1"
"majority-vote",0.904538517246414,0.832736324194698,0.867153615509067
