"","bcubed.precision","bcubed.recall","bcubed.f1"
"majority-vote",0.882802738164268,0.806026775770632,0.842669599048065
