"","bcubed.precision","bcubed.recall","bcubed.f1"
"majority-vote",0.962301643625628,0.373975220124366,0.538626356204373
