"","bcubed.precision","bcubed.recall","bcubed.f1"
"majority-vote",0.898162194985436,0.912153030909897,0.905103549575977
