"","bcubed.precision","bcubed.recall","bcubed.f1"
"majority-vote",0.924938541965567,0.950541207384293,0.93756512032827
