"","bcubed.precision","bcubed.recall","bcubed.f1"
"majority-vote",0.891571400922668,0.539893054950119,0.672532531807515
