"","bcubed.precision","bcubed.recall","bcubed.f1"
"majority-vote",0.955101328683209,0.622735642557758,0.753912667108461
