"","bcubed.precision","bcubed.recall","bcubed.f1"
"majority-vote",0.945073890179373,0.749477367702264,0.835987094755973
