"","bcubed.precision","bcubed.recall","bcubed.f1"
"majority-vote",0.918732646879209,0.961061775593477,0.93942062850041
