"","bcubed.precision","bcubed.recall","bcubed.f1"
"majority-vote",0.936293337843757,0.222204373422603,0.359169418207845
