"","bcubed.precision","bcubed.recall","bcubed.f1"
"majority-vote",0.991922824230367,0.604755367842299,0.751398316100139
