"","bcubed.precision","bcubed.recall","bcubed.f1"
"majority-vote",0.973766958733748,0.261546134917466,0.412340783362661
