"","bcubed.precision","bcubed.recall","bcubed.f1"
"majority-vote",0.987146615761163,0.959431287468628,0.973091646533736
