"","bcubed.precision","bcubed.recall","bcubed.f1"
"majority-vote",0.945773468628879,0.0739760175862751,0.137219102718255
