"","bcubed.precision","bcubed.recall","bcubed.f1"
"majority-vote",0.93638776137695,0.671412546352077,0.782065394833819
