"","bcubed.precision","bcubed.recall","bcubed.f1"
"majority-vote",0.991421437291892,0.220471921695773,0.360725781470931
