"","bcubed.precision","bcubed.recall","bcubed.f1"
"majority-vote",0.984544628565908,0.0433804949991283,0.0830995027882881
