"","bcubed.precision","bcubed.recall","bcubed.f1"
"majority-vote",0.988005488588369,0.0647258703428924,0.121492562390008
