"","bcubed.precision","bcubed.recall","bcubed.f1"
"majority-vote",0.982280419920843,0.506394736034286,0.668274246356075
