"","bcubed.precision","bcubed.recall","bcubed.f1"
"majority-vote",0.901317249507935,0.100884005888929,0.181457554992076
