"","bcubed.precision","bcubed.recall","bcubed.f1"
"majority-vote",0.95494689591924,0.608733556501575,0.743512805730998
