"","bcubed.precision","bcubed.recall","bcubed.f1"
"majority-vote",0.892703804718715,0.253191989806213,0.394495649088258
