"","bcubed.precision","bcubed.recall","bcubed.f1"
"majority-vote",0.837910554478529,0.708314330402784,0.767681414438549
