"","bcubed.precision","bcubed.recall","bcubed.f1"
"majority-vote",0.995930355950859,0.440964485498715,0.611276349995631
