"","bcubed.precision","bcubed.recall","bcubed.f1"
"majority-vote",0.938010325519506,0.270453555320399,0.419852395236963
