"","bcubed.precision","bcubed.recall","bcubed.f1"
"majority-vote",0.708498497553015,0.944876144144814,0.809790245497952
