"","bcubed.precision","bcubed.recall","bcubed.f1"
"majority-vote",0.965074455963969,0.121758917599057,0.216236313714666
