"","bcubed.precision","bcubed.recall","bcubed.f1"
"majority-vote",0.948593264575824,0.798744030158273,0.867243215619212
