"","bcubed.precision","bcubed.recall","bcubed.f1"
"majority-vote",0.92747798061161,0.638517743027004,0.75633814058107
