"","bcubed.precision","bcubed.recall","bcubed.f1"
"majority-vote",0.948155744147171,0.406962372027084,0.569490889515375
