"","bcubed.precision","bcubed.recall","bcubed.f1"
"majority-vote",0.883773313499237,0.160584972977749,0.27178548876264
