"","bcubed.precision","bcubed.recall","bcubed.f1"
"majority-vote",0.835656213676799,0.553695289522675,0.66606457488644
