"","bcubed.precision","bcubed.recall","bcubed.f1"
"majority-vote",0.974373960347075,0.294739933557027,0.452578634134935
