"","bcubed.precision","bcubed.recall","bcubed.f1"
"majority-vote",0.985998140447456,0.976067204839733,0.981007540075435
