"","bcubed.precision","bcubed.recall","bcubed.f1"
"majority-vote",0.961424332344214,0.0857992007754063,0.1575393155565
