"","bcubed.precision","bcubed.recall","bcubed.f1"
"majority-vote",0.961270153812668,0.792648296612294,0.868853565933164
