"","bcubed.precision","bcubed.recall","bcubed.f1"
"majority-vote",0.973711606995131,0.377261094630337,0.543820768942652
