"","bcubed.precision","bcubed.recall","bcubed.f1"
"majority-vote",0.965733638704192,0.66881204316358,0.790304358230594
