"","bcubed.precision","bcubed.recall","bcubed.f1"
"majority-vote",0.993658834108428,0.424548018735352,0.594914470302706
