"","bcubed.precision","bcubed.recall","bcubed.f1"
"majority-vote",0.743162957941438,0.693927259871778,0.717701684487474
