"","bcubed.precision","bcubed.recall","bcubed.f1"
"majority-vote",0.87501252203647,0.958057549940225,0.91465390859312
