"","bcubed.precision","bcubed.recall","bcubed.f1"
"majority-vote",0.964161334099374,0.316624332936044,0.476702616384758
