"","bcubed.precision","bcubed.recall","bcubed.f1"
"majority-vote",0.930348873108984,0.0853811381974487,0.156408188834729
