"","bcubed.precision","bcubed.recall","bcubed.f1"
"majority-vote",0.831314217647302,0.496325625000604,0.621557948762327
