"","bcubed.precision","bcubed.recall","bcubed.f1"
"majority-vote",0.9911927716697,0.364813751062175,0.533331878566541
