"","bcubed.precision","bcubed.recall","bcubed.f1"
"majority-vote",0.864170370313969,0.692628848605583,0.768948649659562
