"","bcubed.precision","bcubed.recall","bcubed.f1"
"majority-vote",0.955229860936232,0.698890957344717,0.807198004663034
