"","bcubed.precision","bcubed.recall","bcubed.f1"
"majority-vote",0.994549937281024,0.911285193836406,0.951098673308358
