"","bcubed.precision","bcubed.recall","bcubed.f1"
"majority-vote",0.958675049456158,0.538321517227505,0.689481083172646
