"","bcubed.precision","bcubed.recall","bcubed.f1"
"majority-vote",0.964969616289184,0.123348147372099,0.218736141987077
