"","bcubed.precision","bcubed.recall","bcubed.f1"
"majority-vote",0.967917778160526,0.675593644258333,0.795758508483604
