"","bcubed.precision","bcubed.recall","bcubed.f1"
"majority-vote",0.775690853056873,0.429560931430676,0.55292427628811
