"","bcubed.precision","bcubed.recall","bcubed.f1"
"majority-vote",0.882452991244743,0.391155791739368,0.542044940447646
