"","bcubed.precision","bcubed.recall","bcubed.f1"
"majority-vote",0.976008715134324,0.15212013758722,0.263215641855773
