"","bcubed.precision","bcubed.recall","bcubed.f1"
"majority-vote",0.987751789739421,0.118374491836356,0.211412780110939
