"","bcubed.precision","bcubed.recall","bcubed.f1"
"majority-vote",0.996862118261867,0.726836070372238,0.840698620579921
