"","bcubed.precision","bcubed.recall","bcubed.f1"
"majority-vote",0.875803250932851,0.221652348408496,0.353770753786427
