"","bcubed.precision","bcubed.recall","bcubed.f1"
"majority-vote",0.99866298375011,0.473724675581862,0.642617852702295
