"","bcubed.precision","bcubed.recall","bcubed.f1"
"majority-vote",0.811006295386738,0.433793019492737,0.56524592438018
