"","bcubed.precision","bcubed.recall","bcubed.f1"
"majority-vote",0.907543826141543,0.942350329519572,0.924619628642803
