"","bcubed.precision","bcubed.recall","bcubed.f1"
"majority-vote",0.992778075413862,0.182414296092484,0.30819960747455
