"","bcubed.precision","bcubed.recall","bcubed.f1"
"majority-vote",0.998763003776377,0.932253315569715,0.964362768362515
