"","bcubed.precision","bcubed.recall","bcubed.f1"
"majority-vote",0.596191562654541,0.931828626316565,0.727147938043916
