"","bcubed.precision","bcubed.recall","bcubed.f1"
"majority-vote",0.908810894620372,0.693732722682869,0.786838934705318
