"","bcubed.precision","bcubed.recall","bcubed.f1"
"majority-vote",0.896397708682732,0.541900058614918,0.675462316527291
