"","bcubed.precision","bcubed.recall","bcubed.f1"
"majority-vote",0.984970697873659,0.197752653908472,0.329376382453428
