"","bcubed.precision","bcubed.recall","bcubed.f1"
"majority-vote",0.884077368675436,0.37984395975498,0.531380301754167
