"","bcubed.precision","bcubed.recall","bcubed.f1"
"majority-vote",0.846540570930615,0.759044226843445,0.800408342237006
