"","bcubed.precision","bcubed.recall","bcubed.f1"
"majority-vote",0.901429013878703,0.771207412948997,0.831249070748801
