"","bcubed.precision","bcubed.recall","bcubed.f1"
"majority-vote",0.930651149084776,0.711264743092224,0.806301167576383
