"","bcubed.precision","bcubed.recall","bcubed.f1"
"majority-vote",0.865386677763528,0.85412041867231,0.859716639793937
