"","bcubed.precision","bcubed.recall","bcubed.f1"
"majority-vote",0.864053135351404,0.586633065149085,0.698817068871264
