"","bcubed.precision","bcubed.recall","bcubed.f1"
"majority-vote",0.888013766740369,0.38724608749647,0.539309468059748
