"","bcubed.precision","bcubed.recall","bcubed.f1"
"majority-vote",0.972622897266477,0.219558548775619,0.358246930513336
