"","bcubed.precision","bcubed.recall","bcubed.f1"
"majority-vote",0.739730666033424,0.754348077615126,0.746967866650181
