"","bcubed.precision","bcubed.recall","bcubed.f1"
"majority-vote",0.991971847553325,0.295957450245762,0.455896855858709
