"","bcubed.precision","bcubed.recall","bcubed.f1"
"majority-vote",0.979866900985982,0.720635062115944,0.830491772875497
