"","bcubed.precision","bcubed.recall","bcubed.f1"
"majority-vote",0.87334811266636,0.703869457253452,0.779503188120141
