"","bcubed.precision","bcubed.recall","bcubed.f1"
"majority-vote",0.936553163404612,0.264960625052811,0.413061779156881
