"","bcubed.precision","bcubed.recall","bcubed.f1"
"majority-vote",0.842517844243343,0.38003122919792,0.523795893227778
