"","bcubed.precision","bcubed.recall","bcubed.f1"
"majority-vote",0.939885556184368,0.218110831305317,0.354058479293933
