"","bcubed.precision","bcubed.recall","bcubed.f1"
"majority-vote",0.874575648319985,0.768815973582668,0.818292754536936
