"","bcubed.precision","bcubed.recall","bcubed.f1"
"majority-vote",0.91074196136977,0.121814349731548,0.214886953098304
