"","bcubed.precision","bcubed.recall","bcubed.f1"
"majority-vote",0.915773098913793,0.238719134691657,0.378716383502861
