"","bcubed.precision","bcubed.recall","bcubed.f1"
"majority-vote",0.906940760866348,0.0523346505963719,0.098958916833224
