"","bcubed.precision","bcubed.recall","bcubed.f1"
"majority-vote",0.895087428465261,0.993481775799189,0.941721432202998
