"","bcubed.precision","bcubed.recall","bcubed.f1"
"majority-vote",0.956852329648386,0.181878990646781,0.30565829324754
