"","bcubed.precision","bcubed.recall","bcubed.f1"
"majority-vote",0.998648688782632,0.542362596152189,0.702953574431528
