"","bcubed.precision","bcubed.recall","bcubed.f1"
"majority-vote",0.995273378893233,0.123098197350589,0.219097769319696
