"","bcubed.precision","bcubed.recall","bcubed.f1"
"majority-vote",0.914088601152351,0.194202973958771,0.320346610570961
