"","bcubed.precision","bcubed.recall","bcubed.f1"
"majority-vote",0.857698744421648,0.470386646005509,0.607566408876574
