"","bcubed.precision","bcubed.recall","bcubed.f1"
"majority-vote",0.9876383060662,0.503545628490718,0.667014900073188
