"","bcubed.precision","bcubed.recall","bcubed.f1"
"majority-vote",0.985499819309243,0.340100559014136,0.505686396799805
