"","bcubed.precision","bcubed.recall","bcubed.f1"
"majority-vote",0.973226040463204,0.379470913977325,0.546036529273995
