"","bcubed.precision","bcubed.recall","bcubed.f1"
"majority-vote",0.91378429152133,0.415731011594501,0.571469116606671
