"","bcubed.precision","bcubed.recall","bcubed.f1"
"majority-vote",0.997036769977106,0.364020482183311,0.53332334872094
