"","bcubed.precision","bcubed.recall","bcubed.f1"
"majority-vote",0.959618901822196,0.60902496756015,0.74514283574447
