"","bcubed.precision","bcubed.recall","bcubed.f1"
"majority-vote",0.996361036410979,0.15609344326876,0.269902937867775
