"","bcubed.precision","bcubed.recall","bcubed.f1"
"majority-vote",0.92107958325286,0.350000177443631,0.507250650268492
