"","bcubed.precision","bcubed.recall","bcubed.f1"
"majority-vote",0.792350740104776,0.462737347748968,0.584262225912771
