"","bcubed.precision","bcubed.recall","bcubed.f1"
"majority-vote",0.991790889962363,0.213577439017952,0.351467934284767
