"","bcubed.precision","bcubed.recall","bcubed.f1"
"majority-vote",0.94284956977018,0.995506541765723,0.968462821688094
