"","bcubed.precision","bcubed.recall","bcubed.f1"
"majority-vote",0.950691791482209,0.434994670610579,0.596882302022942
