"","bcubed.precision","bcubed.recall","bcubed.f1"
"majority-vote",0.854694036082174,0.602230027500013,0.706587839023401
