"","bcubed.precision","bcubed.recall","bcubed.f1"
"majority-vote",0.961965973222003,0.203336303490208,0.335711358309874
