"","bcubed.precision","bcubed.recall","bcubed.f1"
"majority-vote",0.952202194607813,0.310413043891184,0.468196442772952
