"","bcubed.precision","bcubed.recall","bcubed.f1"
"majority-vote",0.954426329353586,0.0996594156291229,0.180474066169992
