"","bcubed.precision","bcubed.recall","bcubed.f1"
"majority-vote",0.718109046729605,0.11772681441093,0.20229017299111
