"","bcubed.precision","bcubed.recall","bcubed.f1"
"majority-vote",0.99727624153736,0.434084254893936,0.60488174056849
