"","bcubed.precision","bcubed.recall","bcubed.f1"
"majority-vote",0.941067261644848,0.401531476223255,0.562890633121917
