"","bcubed.precision","bcubed.recall","bcubed.f1"
"majority-vote",0.957536338479244,0.0956536706940946,0.173932272051107
