"","bcubed.precision","bcubed.recall","bcubed.f1"
"majority-vote",0.940683842244073,0.192957538222868,0.320228321889028
