"","bcubed.precision","bcubed.recall","bcubed.f1"
"majority-vote",0.708531025576355,0.883155579187367,0.786264238691628
