"","bcubed.precision","bcubed.recall","bcubed.f1"
"majority-vote",0.998433420839973,0.611630301922592,0.758568901347782
