"","bcubed.precision","bcubed.recall","bcubed.f1"
"majority-vote",0.97796160441395,0.264950549981211,0.416942523304996
