"","bcubed.precision","bcubed.recall","bcubed.f1"
"majority-vote",0.98769632928714,0.195607453444984,0.326544656694557
