"","bcubed.precision","bcubed.recall","bcubed.f1"
"majority-vote",0.739680515883804,0.546808446782897,0.628786667811905
