"","bcubed.precision","bcubed.recall","bcubed.f1"
"majority-vote",0.432554268676617,0.888911293140293,0.581933249617228
