"","bcubed.precision","bcubed.recall","bcubed.f1"
"majority-vote",0.716707731621658,0.482496929285622,0.576731046794106
