"","bcubed.precision","bcubed.recall","bcubed.f1"
"majority-vote",0.794647367779208,0.385619358376234,0.519257895368347
