"","bcubed.precision","bcubed.recall","bcubed.f1"
"majority-vote",0.943271123629502,0.692884281565684,0.798918895775324
