"","bcubed.precision","bcubed.recall","bcubed.f1"
"majority-vote",0.820893062186019,0.858814021767125,0.839425491398799
