"","bcubed.precision","bcubed.recall","bcubed.f1"
"majority-vote",0.998722518373655,0.831348709698855,0.907381815812288
