"","bcubed.precision","bcubed.recall","bcubed.f1"
"majority-vote",0.99849159648744,0.39339042749934,0.564411392959297
