"","bcubed.precision","bcubed.recall","bcubed.f1"
"majority-vote",0.998851503679442,0.0623936033964593,0.11745061373098
