"","bcubed.precision","bcubed.recall","bcubed.f1"
"majority-vote",0.912386687514962,0.0789681134291161,0.145355538425362
