"","bcubed.precision","bcubed.recall","bcubed.f1"
"majority-vote",0.88549804582108,0.523707527474186,0.658160882909048
