"","bcubed.precision","bcubed.recall","bcubed.f1"
"majority-vote",0.937456452808682,0.703083510059825,0.803528336141836
