"","bcubed.precision","bcubed.recall","bcubed.f1"
"majority-vote",0.753265171740502,0.710086819167247,0.731038975057372
