"","bcubed.precision","bcubed.recall","bcubed.f1"
"majority-vote",0.663688982568838,0.188276308758567,0.293338034010988
