"","bcubed.precision","bcubed.recall","bcubed.f1"
"majority-vote",0.869477498527071,0.450542929584084,0.593531631861747
