"","bcubed.precision","bcubed.recall","bcubed.f1"
"majority-vote",0.983187783527114,0.316999792917355,0.479423629980024
