"","bcubed.precision","bcubed.recall","bcubed.f1"
"majority-vote",0.967043708730403,0.973541223259463,0.970281588425403
