"","bcubed.precision","bcubed.recall","bcubed.f1"
"majority-vote",0.898072258134475,0.545299872878002,0.678575784683425
