"","bcubed.precision","bcubed.recall","bcubed.f1"
"majority-vote",0.782913522797244,0.616035819565131,0.689521427345711
