"","bcubed.precision","bcubed.recall","bcubed.f1"
"majority-vote",0.968814388736264,0.476210948182989,0.638549383026077
