"","bcubed.precision","bcubed.recall","bcubed.f1"
"majority-vote",0.200275523321213,0.77509480437915,0.318304777502469
