"","bcubed.precision","bcubed.recall","bcubed.f1"
"majority-vote",0.746917080085046,0.322811845495156,0.45079398207977
