"","bcubed.precision","bcubed.recall","bcubed.f1"
"majority-vote",0.978389163378763,0.469985790670896,0.634958514366355
