"","bcubed.precision","bcubed.recall","bcubed.f1"
"majority-vote",0.97943443179975,0.121783787831357,0.216631423110641
