"","bcubed.precision","bcubed.recall","bcubed.f1"
"majority-vote",0.882515449135123,0.749085484068372,0.81034461179822
