"","bcubed.precision","bcubed.recall","bcubed.f1"
"majority-vote",0.96868128748953,0.648417715498988,0.776835687017042
