"","bcubed.precision","bcubed.recall","bcubed.f1"
"majority-vote",0.982451552921352,0.29633717926101,0.455332322887241
