"","bcubed.precision","bcubed.recall","bcubed.f1"
"majority-vote",0.850416243640382,0.903215184624525,0.876020869752924
