"","bcubed.precision","bcubed.recall","bcubed.f1"
"majority-vote",0.906785315594198,0.394241600813569,0.549554340353169
