"","bcubed.precision","bcubed.recall","bcubed.f1"
"majority-vote",0.73112555717405,0.813190485870804,0.769977557053274
