"","bcubed.precision","bcubed.recall","bcubed.f1"
"majority-vote",0.997208591360952,0.962721275793024,0.979661510746658
