"","bcubed.precision","bcubed.recall","bcubed.f1"
"majority-vote",0.959672638707298,0.643675919286778,0.770535096507157
