"","bcubed.precision","bcubed.recall","bcubed.f1"
"majority-vote",0.995357769385188,0.152602105194904,0.2646324046576
