"","bcubed.precision","bcubed.recall","bcubed.f1"
"majority-vote",0.968731193658723,0.156418496863973,0.269346342897623
