"","bcubed.precision","bcubed.recall","bcubed.f1"
"majority-vote",0.90378423079979,0.418065835236192,0.571685577708067
