"","bcubed.precision","bcubed.recall","bcubed.f1"
"majority-vote",0.956991051168327,0.0907833282870861,0.165835001255086
