"","bcubed.precision","bcubed.recall","bcubed.f1"
"majority-vote",0.798204032807001,0.348922597666283,0.485580958886488
