"","bcubed.precision","bcubed.recall","bcubed.f1"
"majority-vote",0.831421570201527,0.78887475764117,0.809589552750065
