"","bcubed.precision","bcubed.recall","bcubed.f1"
"majority-vote",0.95614693822353,0.142462548014395,0.247977340086405
