"","bcubed.precision","bcubed.recall","bcubed.f1"
"majority-vote",0.981171636593289,0.307460765816315,0.468204558910867
