"","bcubed.precision","bcubed.recall","bcubed.f1"
"majority-vote",0.858768427579961,0.169545827309328,0.283183088883371
