"","bcubed.precision","bcubed.recall","bcubed.f1"
"majority-vote",0.864079613316196,0.55044022635296,0.672488521690851
