"","bcubed.precision","bcubed.recall","bcubed.f1"
"majority-vote",0.87595912213101,0.668899501224175,0.75855306243319
