"","bcubed.precision","bcubed.recall","bcubed.f1"
"majority-vote",0.947057786467913,0.411868935726907,0.574076109055274
