"","bcubed.precision","bcubed.recall","bcubed.f1"
"majority-vote",0.756073369223491,0.812939779678356,0.78347605770851
