"","bcubed.precision","bcubed.recall","bcubed.f1"
"majority-vote",0.945327281731437,0.419286613211109,0.580916075678573
