"","bcubed.precision","bcubed.recall","bcubed.f1"
"majority-vote",0.987856538558303,0.0921047181418264,0.168499096581456
