"","bcubed.precision","bcubed.recall","bcubed.f1"
"majority-vote",0.99985842576339,0.619944710363531,0.765348489998048
