"","bcubed.precision","bcubed.recall","bcubed.f1"
"majority-vote",0.95854608650683,0.731217784551507,0.829590403453292
