"","bcubed.precision","bcubed.recall","bcubed.f1"
"majority-vote",0.921142922680457,0.876239907727797,0.898130521687808
