"","bcubed.precision","bcubed.recall","bcubed.f1"
"majority-vote",0.959185480301018,0.161970636322511,0.277142282492381
