"","bcubed.precision","bcubed.recall","bcubed.f1"
"majority-vote",0.962328698163153,0.240693177296075,0.38507354968199
