"","bcubed.precision","bcubed.recall","bcubed.f1"
"majority-vote",0.950790933441545,0.741130557838051,0.832970345871026
