"","bcubed.precision","bcubed.recall","bcubed.f1"
"majority-vote",0.927914314225405,0.423475441541629,0.58154788025068
