"","bcubed.precision","bcubed.recall","bcubed.f1"
"majority-vote",0.94639023139769,0.343932363168064,0.504516049140905
