"","bcubed.precision","bcubed.recall","bcubed.f1"
"majority-vote",0.969919584422153,0.29215303227091,0.449046978596775
