"","bcubed.precision","bcubed.recall","bcubed.f1"
"majority-vote",0.99206763980919,0.528767935589567,0.689849141291397
