"","bcubed.precision","bcubed.recall","bcubed.f1"
"majority-vote",0.876629624284408,0.470450494145455,0.612303357884673
