"","bcubed.precision","bcubed.recall","bcubed.f1"
"majority-vote",0.753485310590018,0.907550685806852,0.82337301762842
