"","bcubed.precision","bcubed.recall","bcubed.f1"
"majority-vote",0.889445668312107,0.211986319924562,0.34237304892549
