"","bcubed.precision","bcubed.recall","bcubed.f1"
"majority-vote",0.891397930214398,0.756841890174489,0.818627588116292
