"","bcubed.precision","bcubed.recall","bcubed.f1"
"majority-vote",0.97972648622189,0.607563128794956,0.750015225578027
