"","bcubed.precision","bcubed.recall","bcubed.f1"
"majority-vote",0.932905024076718,0.401951259106385,0.561831792348649
