"","bcubed.precision","bcubed.recall","bcubed.f1"
"majority-vote",0.810380069539818,0.505562659135965,0.622668287820721
