"","bcubed.precision","bcubed.recall","bcubed.f1"
"majority-vote",0.90126213550697,0.622717043139001,0.736534068155297
