"","bcubed.precision","bcubed.recall","bcubed.f1"
"majority-vote",0.971466093478452,0.240909128584739,0.386076926962
