"","bcubed.precision","bcubed.recall","bcubed.f1"
"majority-vote",0.94645021263497,0.174885435302249,0.295220004345818
