"","bcubed.precision","bcubed.recall","bcubed.f1"
"majority-vote",0.828331862270869,0.987125667301472,0.900784104251468
