"","bcubed.precision","bcubed.recall","bcubed.f1"
"majority-vote",0.975728807031781,0.281399912136318,0.436820822531703
