"","bcubed.precision","bcubed.recall","bcubed.f1"
"majority-vote",0.989010275077946,0.236200944409034,0.381330430685192
