"","bcubed.precision","bcubed.recall","bcubed.f1"
"majority-vote",0.950506712374822,0.210274913683586,0.344367471733617
