"","bcubed.precision","bcubed.recall","bcubed.f1"
"majority-vote",0.918957680795792,0.149082539274299,0.256545665536204
