"","bcubed.precision","bcubed.recall","bcubed.f1"
"majority-vote",0.882935372131334,0.828055315338687,0.854615204335182
