"","bcubed.precision","bcubed.recall","bcubed.f1"
"majority-vote",0.944456149844212,0.81358650614138,0.874150324554797
