"","bcubed.precision","bcubed.recall","bcubed.f1"
"majority-vote",0.947045366129244,0.335932907429031,0.495945582038008
