"","bcubed.precision","bcubed.recall","bcubed.f1"
"majority-vote",0.830259569269581,0.949608674490516,0.885932643409107
