"","bcubed.precision","bcubed.recall","bcubed.f1"
"majority-vote",0.997699600044025,0.68648960244257,0.813341399861854
