"","bcubed.precision","bcubed.recall","bcubed.f1"
"majority-vote",0.941998344514323,0.210107537965119,0.34358118631801
