"","bcubed.precision","bcubed.recall","bcubed.f1"
"majority-vote",0.986083414693811,0.218355622642303,0.357538823166902
