"","bcubed.precision","bcubed.recall","bcubed.f1"
"majority-vote",0.854714354348488,0.134984973496157,0.233148778063282
