"","bcubed.precision","bcubed.recall","bcubed.f1"
"majority-vote",0.815873086984868,0.774154996227821,0.794466755959384
