"","bcubed.precision","bcubed.recall","bcubed.f1"
"majority-vote",0.906412295046156,0.578852079070033,0.706512120839523
