"","bcubed.precision","bcubed.recall","bcubed.f1"
"majority-vote",0.949605724392153,0.556053477268858,0.701395859700729
