"","bcubed.precision","bcubed.recall","bcubed.f1"
"majority-vote",0.948353451525178,0.734507486886501,0.827843459266858
