"","bcubed.precision","bcubed.recall","bcubed.f1"
"majority-vote",0.824310568047738,0.636609980899418,0.718402291429526
