"","bcubed.precision","bcubed.recall","bcubed.f1"
"majority-vote",0.928581493995436,0.251307149955397,0.395561343782273
