"","bcubed.precision","bcubed.recall","bcubed.f1"
"majority-vote",0.996285106641896,0.147252535881869,0.256581861337912
