"","bcubed.precision","bcubed.recall","bcubed.f1"
"majority-vote",0.259190649384597,0.978875794991443,0.409857571252669
