"","bcubed.precision","bcubed.recall","bcubed.f1"
"majority-vote",0.874487585488238,0.344827315047575,0.494617438061054
