"","bcubed.precision","bcubed.recall","bcubed.f1"
"majority-vote",0.993789015021625,0.822753497848862,0.900219380983034
