"","bcubed.precision","bcubed.recall","bcubed.f1"
"majority-vote",0.725568417894328,0.289937356264503,0.414314510515815
