"","bcubed.precision","bcubed.recall","bcubed.f1"
"majority-vote",0.720833728876023,0.978785913183881,0.830235050374633
