"","bcubed.precision","bcubed.recall","bcubed.f1"
"majority-vote",0.803675496973213,0.176530679442422,0.289476612054623
