"","bcubed.precision","bcubed.recall","bcubed.f1"
"majority-vote",0.980115742450613,0.629187596294219,0.766389596337505
