"","bcubed.precision","bcubed.recall","bcubed.f1"
"majority-vote",0.690546510117715,0.934326161310789,0.79414920485754
