"","bcubed.precision","bcubed.recall","bcubed.f1"
"majority-vote",0.986372780018229,0.169360142403441,0.289084495640621
