"","bcubed.precision","bcubed.recall","bcubed.f1"
"majority-vote",0.963551549652119,0.459908572399464,0.622631587311497
