"","bcubed.precision","bcubed.recall","bcubed.f1"
"majority-vote",0.832976658889433,0.675237696506164,0.745858489384782
