"","bcubed.precision","bcubed.recall","bcubed.f1"
"majority-vote",0.968434762195443,0.805071976833823,0.879229462485186
