"","bcubed.precision","bcubed.recall","bcubed.f1"
"majority-vote",0.927783655676068,0.181004045849255,0.302912081580922
