"","bcubed.precision","bcubed.recall","bcubed.f1"
"majority-vote",0.945978089750177,0.189074788066195,0.315158192768732
