"","bcubed.precision","bcubed.recall","bcubed.f1"
"majority-vote",0.823941116618901,0.609885983001102,0.700935472592645
