"","bcubed.precision","bcubed.recall","bcubed.f1"
"majority-vote",0.942117140283846,0.95901986414021,0.950493362421182
