"","bcubed.precision","bcubed.recall","bcubed.f1"
"majority-vote",0.967691125631436,0.049103774537206,0.0934648410348637
