"","bcubed.precision","bcubed.recall","bcubed.f1"
"majority-vote",0.976003401083165,0.0936384531306204,0.170882334806966
