"","bcubed.precision","bcubed.recall","bcubed.f1"
"majority-vote",0.884417824587141,0.797585550766771,0.838760359304107
