"","bcubed.precision","bcubed.recall","bcubed.f1"
"majority-vote",0.860152397425586,0.747231002880733,0.799725240955085
