"","bcubed.precision","bcubed.recall","bcubed.f1"
"majority-vote",0.976792517094781,0.906825364297379,0.940509472656693
