"","bcubed.precision","bcubed.recall","bcubed.f1"
"majority-vote",0.937364481533997,0.718237031333843,0.813299428953237
