"","bcubed.precision","bcubed.recall","bcubed.f1"
"majority-vote",0.82367151914266,0.512640290886696,0.631959104154149
