"","bcubed.precision","bcubed.recall","bcubed.f1"
"majority-vote",0.835236682768122,0.575200856980696,0.681247970463827
