"","bcubed.precision","bcubed.recall","bcubed.f1"
"majority-vote",0.999227378660452,0.160216790456217,0.276154743469752
