"","bcubed.precision","bcubed.recall","bcubed.f1"
"majority-vote",0.438541548246099,0.319045065886937,0.369369031987058
