"","bcubed.precision","bcubed.recall","bcubed.f1"
"majority-vote",0.998206233339146,0.380570407505896,0.551050462769624
