"","bcubed.precision","bcubed.recall","bcubed.f1"
"majority-vote",0.990971707989118,0.647417143221646,0.78317436269866
