"","bcubed.precision","bcubed.recall","bcubed.f1"
"majority-vote",0.903230001669577,0.435369172045721,0.587537338607943
