"","bcubed.precision","bcubed.recall","bcubed.f1"
"majority-vote",0.821816464403346,0.732413832031574,0.774543833434401
