"","bcubed.precision","bcubed.recall","bcubed.f1"
"majority-vote",0.83875057681107,0.350940193109966,0.494836636274331
