"","bcubed.precision","bcubed.recall","bcubed.f1"
"majority-vote",0.972216881263865,0.409256708692632,0.576031686532632
