"","bcubed.precision","bcubed.recall","bcubed.f1"
"majority-vote",0.714675811588421,0.630313694063412,0.669849019590305
