"","bcubed.precision","bcubed.recall","bcubed.f1"
"majority-vote",0.998314681970284,0.896735921452046,0.944802882433868
