"","bcubed.precision","bcubed.recall","bcubed.f1"
"majority-vote",0.944714370374697,0.617896537967425,0.747128713496471
