"","bcubed.precision","bcubed.recall","bcubed.f1"
"majority-vote",0.963563302954941,0.627173307975776,0.759800434598328
