"","bcubed.precision","bcubed.recall","bcubed.f1"
"majority-vote",0.934780720229563,0.285257513355621,0.437122733443983
