"","bcubed.precision","bcubed.recall","bcubed.f1"
"majority-vote",0.997282766323599,0.0686333424010447,0.128428211210063
