"","bcubed.precision","bcubed.recall","bcubed.f1"
"majority-vote",0.954068037255135,0.310540803706259,0.468567110213185
