"","bcubed.precision","bcubed.recall","bcubed.f1"
"majority-vote",0.934484033613445,0.111308845887734,0.198923403134358
