"","bcubed.precision","bcubed.recall","bcubed.f1"
"majority-vote",0.817668320511371,0.934213508623252,0.872064288688173
