"","bcubed.precision","bcubed.recall","bcubed.f1"
"majority-vote",0.836185358400659,0.844211614300064,0.840179318027397
