"","bcubed.precision","bcubed.recall","bcubed.f1"
"majority-vote",0.92647367921347,0.192329647453383,0.318533833160517
