"","bcubed.precision","bcubed.recall","bcubed.f1"
"majority-vote",0.966740004365266,0.188237719383906,0.31511765104558
