"","bcubed.precision","bcubed.recall","bcubed.f1"
"majority-vote",0.909799447281392,0.583975521316945,0.711352938278994
