"","bcubed.precision","bcubed.recall","bcubed.f1"
"majority-vote",0.960176147244973,0.126157184911055,0.223012801263785
