"","bcubed.precision","bcubed.recall","bcubed.f1"
"majority-vote",0.960912422417823,0.220299242489375,0.358425648927041
