"","bcubed.precision","bcubed.recall","bcubed.f1"
"majority-vote",0.902486649090979,0.321526164287713,0.474134040806513
