"","bcubed.precision","bcubed.recall","bcubed.f1"
"majority-vote",0.921116010222294,0.572945890256656,0.706462874580084
