"","bcubed.precision","bcubed.recall","bcubed.f1"
"majority-vote",0.960804443633836,0.487350462620853,0.64668287635628
