"","bcubed.precision","bcubed.recall","bcubed.f1"
"majority-vote",0.911559101660056,0.467487514946113,0.618024791954179
