"","bcubed.precision","bcubed.recall","bcubed.f1"
"majority-vote",0.420172930483843,0.426888703442273,0.423504194575369
