"","bcubed.precision","bcubed.recall","bcubed.f1"
"majority-vote",0.956820742271674,0.216083744979537,0.352549438614061
