"","bcubed.precision","bcubed.recall","bcubed.f1"
"majority-vote",0.961113897600927,0.582593900865672,0.725446998888954
