"","bcubed.precision","bcubed.recall","bcubed.f1"
"majority-vote",0.934016344143551,0.353199674816557,0.512570173406264
