"","bcubed.precision","bcubed.recall","bcubed.f1"
"majority-vote",0.994077807528745,0.124425155561332,0.221167560432955
