"","bcubed.precision","bcubed.recall","bcubed.f1"
"majority-vote",0.945291704436904,0.710353501329234,0.811153584941535
