"","bcubed.precision","bcubed.recall","bcubed.f1"
"majority-vote",0.829742373328062,0.249315713827756,0.383422939991459
