"","bcubed.precision","bcubed.recall","bcubed.f1"
"majority-vote",0.939017982173722,0.819377595905247,0.87512765197678
