"","bcubed.precision","bcubed.recall","bcubed.f1"
"majority-vote",0.795412895057156,0.403362510743925,0.535279153836073
