"","bcubed.precision","bcubed.recall","bcubed.f1"
"majority-vote",0.7434069055953,0.843695959481213,0.790382799127451
