"","bcubed.precision","bcubed.recall","bcubed.f1"
"majority-vote",0.925683484948608,0.450918323483208,0.606431929047976
