"","bcubed.precision","bcubed.recall","bcubed.f1"
"majority-vote",0.963101304661028,0.710749924438624,0.817903249242484
