"","bcubed.precision","bcubed.recall","bcubed.f1"
"majority-vote",0.996988904672995,0.525695075785054,0.688405689591961
