"","bcubed.precision","bcubed.recall","bcubed.f1"
"majority-vote",0.958139778587158,0.593355734024904,0.732864164930647
