"","bcubed.precision","bcubed.recall","bcubed.f1"
"majority-vote",0.943328990904086,0.858327918455432,0.898823305341978
