"","bcubed.precision","bcubed.recall","bcubed.f1"
"majority-vote",0.992254028994355,0.478172346463515,0.645348104809892
