"","bcubed.precision","bcubed.recall","bcubed.f1"
"majority-vote",0.865709921237379,0.718987253711659,0.785556267305666
