"","bcubed.precision","bcubed.recall","bcubed.f1"
"majority-vote",0.852025370673903,0.739976087689069,0.792057566393706
