"","bcubed.precision","bcubed.recall","bcubed.f1"
"majority-vote",0.418555724288943,0.854158768070835,0.561811850142076
