"","bcubed.precision","bcubed.recall","bcubed.f1"
"majority-vote",0.992709302247978,0.264328631398738,0.417491762525841
