"","bcubed.precision","bcubed.recall","bcubed.f1"
"majority-vote",0.97667638483965,0.0855844474209598,0.157378124406069
