"","bcubed.precision","bcubed.recall","bcubed.f1"
"majority-vote",0.916961229383659,0.645553300728885,0.757685559860235
