"","bcubed.precision","bcubed.recall","bcubed.f1"
"majority-vote",0.842525683053754,0.406548037303662,0.548449874880753
