"","bcubed.precision","bcubed.recall","bcubed.f1"
"majority-vote",0.833080313014521,0.653886804110776,0.732686307815331
