"","bcubed.precision","bcubed.recall","bcubed.f1"
"majority-vote",0.8218983833794,0.404312646188001,0.542001176419037
