"","bcubed.precision","bcubed.recall","bcubed.f1"
"majority-vote",0.905583470057424,0.290746995336437,0.440172144005138
