"","bcubed.precision","bcubed.recall","bcubed.f1"
"majority-vote",0.99613546866016,0.541757278801167,0.701822206664934
