"","bcubed.precision","bcubed.recall","bcubed.f1"
"majority-vote",0.910512575388409,0.228391043009696,0.365180886963716
