"","bcubed.precision","bcubed.recall","bcubed.f1"
"majority-vote",0.964081571053972,0.869008751880274,0.914079696227209
