"","bcubed.precision","bcubed.recall","bcubed.f1"
"majority-vote",0.934986852763412,0.258482252592962,0.40500002348184
