"","bcubed.precision","bcubed.recall","bcubed.f1"
"majority-vote",0.501411761413169,0.419759457382309,0.456966793146475
