"","bcubed.precision","bcubed.recall","bcubed.f1"
"majority-vote",0.999196108054166,0.242193545714561,0.389883784739377
