"","bcubed.precision","bcubed.recall","bcubed.f1"
"majority-vote",0.846325374509869,0.716480842487984,0.776009092813357
