"","bcubed.precision","bcubed.recall","bcubed.f1"
"majority-vote",0.998755110195801,0.41510004407736,0.58645793950215
