"","bcubed.precision","bcubed.recall","bcubed.f1"
"majority-vote",0.478788014915812,0.628781526331296,0.543628273614159
