"","bcubed.precision","bcubed.recall","bcubed.f1"
"majority-vote",0.992092594857714,0.305136264250228,0.466723240174243
