"","bcubed.precision","bcubed.recall","bcubed.f1"
"majority-vote",0.9989995662965,0.39756522465795,0.568777746052767
