"","bcubed.precision","bcubed.recall","bcubed.f1"
"majority-vote",0.961881127941235,0.482057652400477,0.642246284588247
