"","bcubed.precision","bcubed.recall","bcubed.f1"
"majority-vote",0.998500571923065,0.0727472555954469,0.135614139794616
