"","bcubed.precision","bcubed.recall","bcubed.f1"
"majority-vote",0.108975785239179,0.991330621790228,0.196365361959301
