"","bcubed.precision","bcubed.recall","bcubed.f1"
"majority-vote",0.967934628659434,0.291983819830409,0.448634196222563
