"","bcubed.precision","bcubed.recall","bcubed.f1"
"majority-vote",0.936188751128333,0.549657027780859,0.692646213612891
