"","bcubed.precision","bcubed.recall","bcubed.f1"
"majority-vote",0.714002753798482,0.25494844329323,0.375733867989169
