"","bcubed.precision","bcubed.recall","bcubed.f1"
"majority-vote",0.963614188937643,0.203124973870643,0.335523334072745
