"","bcubed.precision","bcubed.recall","bcubed.f1"
"majority-vote",0.741046693883638,0.686728630913996,0.712854428418116
