"","bcubed.precision","bcubed.recall","bcubed.f1"
"majority-vote",0.940220603169819,0.339740454772886,0.499126084071927
