"","bcubed.precision","bcubed.recall","bcubed.f1"
"majority-vote",0.946268341425021,0.746646141955456,0.834687886855051
