"","bcubed.precision","bcubed.recall","bcubed.f1"
"majority-vote",0.580323112217103,0.785191008269841,0.667388909082168
