"","bcubed.precision","bcubed.recall","bcubed.f1"
"majority-vote",0.883996052647917,0.254575463567491,0.395308861480598
