"","bcubed.precision","bcubed.recall","bcubed.f1"
"majority-vote",0.933708292316137,0.630724168796579,0.752876715624655
