"","bcubed.precision","bcubed.recall","bcubed.f1"
"majority-vote",0.624178485307566,0.191927920138132,0.293582497773991
