"","bcubed.precision","bcubed.recall","bcubed.f1"
"majority-vote",0.934757933171925,0.654632929784235,0.7700098681746
