"","bcubed.precision","bcubed.recall","bcubed.f1"
"majority-vote",0.796496033784169,0.501357690280113,0.615368903923603
