"","bcubed.precision","bcubed.recall","bcubed.f1"
"majority-vote",0.919828547445461,0.691520626309062,0.789500405730611
