"","bcubed.precision","bcubed.recall","bcubed.f1"
"majority-vote",0.933836158325243,0.377323845686233,0.537476203395623
