"","bcubed.precision","bcubed.recall","bcubed.f1"
"majority-vote",0.968270180060296,0.266246453817281,0.417650916485973
