"","bcubed.precision","bcubed.recall","bcubed.f1"
"majority-vote",0.984062344864142,0.0643051218164171,0.120721504572822
