"","bcubed.precision","bcubed.recall","bcubed.f1"
"majority-vote",0.835968879643863,0.653984741870622,0.733862966029846
