"","bcubed.precision","bcubed.recall","bcubed.f1"
"majority-vote",0.998967877295838,0.959491595407383,0.978831878531866
