"","bcubed.precision","bcubed.recall","bcubed.f1"
"majority-vote",0.814316445116232,0.517770793874211,0.633035524868776
