"","bcubed.precision","bcubed.recall","bcubed.f1"
"majority-vote",0.652313716167778,0.874912211575208,0.747390711073939
