"","bcubed.precision","bcubed.recall","bcubed.f1"
"majority-vote",0.604690885312669,0.908568433369958,0.726118839723927
