"","bcubed.precision","bcubed.recall","bcubed.f1"
"majority-vote",0.964003666005764,0.27796187652415,0.431503546279213
