"","bcubed.precision","bcubed.recall","bcubed.f1"
"majority-vote",0.824288123274339,0.421304078667832,0.557607775307917
