"","bcubed.precision","bcubed.recall","bcubed.f1"
"majority-vote",0.420049640060958,0.166509935861538,0.238483664733329
