"","bcubed.precision","bcubed.recall","bcubed.f1"
"majority-vote",0.830268302945414,0.546120407588492,0.65886396850272
