"","bcubed.precision","bcubed.recall","bcubed.f1"
"majority-vote",0.932290462958914,0.557608606235942,0.697836781572742
