"","bcubed.precision","bcubed.recall","bcubed.f1"
"majority-vote",0.940357104212582,0.689618766275721,0.795702461376215
