"","bcubed.precision","bcubed.recall","bcubed.f1"
"majority-vote",0.999453383416494,0.248896840134754,0.398543268229153
