"","bcubed.precision","bcubed.recall","bcubed.f1"
"majority-vote",0.863095169978183,0.448107064662322,0.589930420991374
