"","bcubed.precision","bcubed.recall","bcubed.f1"
"majority-vote",0.976532822838924,0.723274620522724,0.831036962010215
