"","bcubed.precision","bcubed.recall","bcubed.f1"
"majority-vote",0.995194135423725,0.273691895514056,0.429316049964375
