"","bcubed.precision","bcubed.recall","bcubed.f1"
"majority-vote",0.812241674345136,0.455951924435266,0.584048294961179
