"","bcubed.precision","bcubed.recall","bcubed.f1"
"majority-vote",0.99456164388499,0.140206203436093,0.245766061316361
