"","bcubed.precision","bcubed.recall","bcubed.f1"
"majority-vote",0.99486234212107,0.73242802914056,0.843708824676273
