"","bcubed.precision","bcubed.recall","bcubed.f1"
"majority-vote",0.966634010737225,0.496209620934802,0.655781774163194
