"","bcubed.precision","bcubed.recall","bcubed.f1"
"majority-vote",0.875763160649309,0.729133272142993,0.79574986385325
