"","bcubed.precision","bcubed.recall","bcubed.f1"
"majority-vote",0.925966931649375,0.352074003079831,0.51016970659773
