"","bcubed.precision","bcubed.recall","bcubed.f1"
"majority-vote",0.992347512941706,0.177972800447293,0.301816287173063
