"","bcubed.precision","bcubed.recall","bcubed.f1"
"majority-vote",0.970241884844481,0.258902901735903,0.408736939886162
