"","bcubed.precision","bcubed.recall","bcubed.f1"
"majority-vote",0.948206706584092,0.956326652846814,0.952249370087616
