"","bcubed.precision","bcubed.recall","bcubed.f1"
"majority-vote",0.958774243179934,0.52194764398766,0.675927007874609
