"","bcubed.precision","bcubed.recall","bcubed.f1"
"majority-vote",0.845927016139465,0.326691554648547,0.471350563442114
