"","bcubed.precision","bcubed.recall","bcubed.f1"
"majority-vote",0.972256964793541,0.461575403938693,0.625972618617307
