"","bcubed.precision","bcubed.recall","bcubed.f1"
"majority-vote",0.866784548364798,0.457065182245811,0.598522669764759
