"","bcubed.precision","bcubed.recall","bcubed.f1"
"majority-vote",0.991801204034328,0.869312736512188,0.926526205592747
