"","bcubed.precision","bcubed.recall","bcubed.f1"
"majority-vote",0.739100774152963,0.824040864048448,0.77926302475401
