"","bcubed.precision","bcubed.recall","bcubed.f1"
"majority-vote",0.903887154471574,0.24700239843835,0.387982138698878
