"","bcubed.precision","bcubed.recall","bcubed.f1"
"majority-vote",0.950248323898796,0.6744936723768,0.788970166494889
