"","bcubed.precision","bcubed.recall","bcubed.f1"
"majority-vote",0.93633931435236,0.0904329951014533,0.164936213897642
