"","bcubed.precision","bcubed.recall","bcubed.f1"
"majority-vote",0.96845964743488,0.056523549725196,0.106813023257945
