"","bcubed.precision","bcubed.recall","bcubed.f1"
"majority-vote",0.981532128628141,0.460593899306863,0.626973928301052
