"","bcubed.precision","bcubed.recall","bcubed.f1"
"majority-vote",0.974207811348563,0.175782299387571,0.297826020522148
