"","bcubed.precision","bcubed.recall","bcubed.f1"
"majority-vote",0.933985218657567,0.41834142665784,0.577855520637784
