"","bcubed.precision","bcubed.recall","bcubed.f1"
"majority-vote",0.960879312111044,0.0549717471802844,0.103994013951184
