"","bcubed.precision","bcubed.recall","bcubed.f1"
"majority-vote",0.793330618845367,0.777897258288245,0.785538141598857
