"","bcubed.precision","bcubed.recall","bcubed.f1"
"majority-vote",0.936195159969954,0.459136475735059,0.616113525056917
