"","bcubed.precision","bcubed.recall","bcubed.f1"
"majority-vote",0.742932484072218,0.413006580176085,0.530886123738578
