"","bcubed.precision","bcubed.recall","bcubed.f1"
"majority-vote",0.727637001066199,0.479087406106208,0.577765264969734
