"","bcubed.precision","bcubed.recall","bcubed.f1"
"majority-vote",0.921692312719969,0.280688658915929,0.430327134732519
