"","bcubed.precision","bcubed.recall","bcubed.f1"
"majority-vote",0.987252364398173,0.194524156980782,0.325009729737653
