"","bcubed.precision","bcubed.recall","bcubed.f1"
"majority-vote",0.978752608136579,0.315739507799907,0.477455000222004
