"","bcubed.precision","bcubed.recall","bcubed.f1"
"majority-vote",0.932377604213131,0.184225650295184,0.307661418258119
