"","bcubed.precision","bcubed.recall","bcubed.f1"
"majority-vote",0.789609794303059,0.444862367306348,0.569097778412407
