"","bcubed.precision","bcubed.recall","bcubed.f1"
"majority-vote",0.993939393939394,0.320684305669466,0.484915591462134
