"","bcubed.precision","bcubed.recall","bcubed.f1"
"majority-vote",0.994962992392685,0.734203638869176,0.84492198305005
