"","bcubed.precision","bcubed.recall","bcubed.f1"
"majority-vote",0.574925913161046,0.952559209944939,0.717062268343362
