"","bcubed.precision","bcubed.recall","bcubed.f1"
"majority-vote",0.954752004422077,0.405276991607239,0.569015838945863
