"","bcubed.precision","bcubed.recall","bcubed.f1"
"majority-vote",0.971612257418709,0.114629174889017,0.205065113643005
