"","bcubed.precision","bcubed.recall","bcubed.f1"
"majority-vote",0.978069266508557,0.531451533212997,0.688690624694096
