"","bcubed.precision","bcubed.recall","bcubed.f1"
"majority-vote",0.983277893508083,0.0374963436033394,0.0722379629346432
