"","bcubed.precision","bcubed.recall","bcubed.f1"
"majority-vote",0.992033361315574,0.572571579298135,0.72607479838597
