"","bcubed.precision","bcubed.recall","bcubed.f1"
"majority-vote",0.957895024198455,0.613819291384393,0.748195062098279
