"","bcubed.precision","bcubed.recall","bcubed.f1"
"majority-vote",0.981886592352448,0.129982390367091,0.229573750733115
