"","bcubed.precision","bcubed.recall","bcubed.f1"
"majority-vote",0.95939012672456,0.226677731849292,0.366711527190393
