"","bcubed.precision","bcubed.recall","bcubed.f1"
"majority-vote",0.996015082110406,0.676643249486778,0.805839266712035
