"","bcubed.precision","bcubed.recall","bcubed.f1"
"majority-vote",0.992097770408862,0.805214449901633,0.888940108925986
