"","bcubed.precision","bcubed.recall","bcubed.f1"
"majority-vote",0.995326159190957,0.554917890172283,0.712564312075113
