"","bcubed.precision","bcubed.recall","bcubed.f1"
"majority-vote",0.986568215340919,0.902881928822003,0.942871783024599
