"","bcubed.precision","bcubed.recall","bcubed.f1"
"majority-vote",0.964268562488416,0.600157686091755,0.739840807144848
