"","bcubed.precision","bcubed.recall","bcubed.f1"
"majority-vote",0.799572596587618,0.208972418316205,0.331345882750143
