"","bcubed.precision","bcubed.recall","bcubed.f1"
"majority-vote",0.96686451617237,0.262542824760483,0.412952375969969
