"","bcubed.precision","bcubed.recall","bcubed.f1"
"majority-vote",0.947934450578515,0.413580087493208,0.575898092962465
