"","bcubed.precision","bcubed.recall","bcubed.f1"
"majority-vote",0.981134798088502,0.190901030589292,0.319614195264679
