"","bcubed.precision","bcubed.recall","bcubed.f1"
"majority-vote",0.983689618998838,0.23961813360365,0.385364794833244
