"","bcubed.precision","bcubed.recall","bcubed.f1"
"majority-vote",0.861965862468144,0.85833408686319,0.860146141091746
