"","bcubed.precision","bcubed.recall","bcubed.f1"
"majority-vote",0.880493780628109,0.591026432430006,0.707289092359736
