"","bcubed.precision","bcubed.recall","bcubed.f1"
"majority-vote",0.987481442311483,0.322628308278377,0.486355386708334
