"","bcubed.precision","bcubed.recall","bcubed.f1"
"majority-vote",0.866528209714056,0.907484706307353,0.886533678303734
