"","bcubed.precision","bcubed.recall","bcubed.f1"
"majority-vote",0.943791975202342,0.156079670307486,0.267861692643511
