"","bcubed.precision","bcubed.recall","bcubed.f1"
"majority-vote",0.937649613147404,0.192957531848482,0.320052028491762
