"","bcubed.precision","bcubed.recall","bcubed.f1"
"majority-vote",0.693305843151291,0.470514680068311,0.560585709688963
