"","bcubed.precision","bcubed.recall","bcubed.f1"
"majority-vote",0.811851089252684,0.723567662013756,0.765171317686936
