"","bcubed.precision","bcubed.recall","bcubed.f1"
"majority-vote",0.962734083996932,0.921548717392712,0.941691299886951
