"","bcubed.precision","bcubed.recall","bcubed.f1"
"majority-vote",0.961873451314581,0.850111077333991,0.902545538361594
