"","bcubed.precision","bcubed.recall","bcubed.f1"
"majority-vote",0.900940098390774,0.332101530635394,0.485309787833658
