"","bcubed.precision","bcubed.recall","bcubed.f1"
"majority-vote",0.930951096889311,0.481449237359672,0.634672315983037
