"","bcubed.precision","bcubed.recall","bcubed.f1"
"majority-vote",0.967043718712179,0.24068777691498,0.385442631378199
