"","bcubed.precision","bcubed.recall","bcubed.f1"
"majority-vote",0.679253995175523,0.290267568563301,0.406727220911243
