"","bcubed.precision","bcubed.recall","bcubed.f1"
"majority-vote",0.963846550332813,0.751267735845894,0.844383166074286
