"","bcubed.precision","bcubed.recall","bcubed.f1"
"majority-vote",0.969625191050055,0.100417805509725,0.181988264331871
