"","bcubed.precision","bcubed.recall","bcubed.f1"
"majority-vote",0.96777426289176,0.360599680507051,0.52542296803686
