"","bcubed.precision","bcubed.recall","bcubed.f1"
"majority-vote",0.982401831376805,0.0626753136663153,0.117833105852417
