"","bcubed.precision","bcubed.recall","bcubed.f1"
"majority-vote",0.996019746762793,0.517191356066234,0.680847242706491
