"","bcubed.precision","bcubed.recall","bcubed.f1"
"majority-vote",0.894815757883755,0.795124884788253,0.842029901439708
