"","bcubed.precision","bcubed.recall","bcubed.f1"
"majority-vote",0.837263348253564,0.427713857484599,0.566190655116244
