"","bcubed.precision","bcubed.recall","bcubed.f1"
"majority-vote",0.979418644692107,0.175886572444422,0.298218316420358
