"","bcubed.precision","bcubed.recall","bcubed.f1"
"majority-vote",0.988288332434949,0.455188181317804,0.623296831465765
