"","bcubed.precision","bcubed.recall","bcubed.f1"
"majority-vote",0.77686781557791,0.238624818774903,0.365103468864604
