"","bcubed.precision","bcubed.recall","bcubed.f1"
"majority-vote",0.827781714218366,0.0753634521357342,0.138149413676588
