"","bcubed.precision","bcubed.recall","bcubed.f1"
"majority-vote",0.973668857585009,0.934188244240874,0.953520051023579
