"","bcubed.precision","bcubed.recall","bcubed.f1"
"majority-vote",0.998425528651677,0.605931230875892,0.754167931691166
