"","bcubed.precision","bcubed.recall","bcubed.f1"
"majority-vote",0.990829469321334,0.108174983647446,0.195054644868282
