"","bcubed.precision","bcubed.recall","bcubed.f1"
"majority-vote",0.985689215034103,0.862200465418791,0.919818654707132
