"","bcubed.precision","bcubed.recall","bcubed.f1"
"majority-vote",0.998620689655172,0.274923290492209,0.431149752554014
