"","bcubed.precision","bcubed.recall","bcubed.f1"
"majority-vote",0.988448913738908,0.52287446026548,0.683949843112439
