"","bcubed.precision","bcubed.recall","bcubed.f1"
"majority-vote",0.614998212700039,0.933205198663228,0.741400677776451
