"","bcubed.precision","bcubed.recall","bcubed.f1"
"majority-vote",0.992020108349067,0.277385462849538,0.433544586779512
