"","bcubed.precision","bcubed.recall","bcubed.f1"
"majority-vote",0.644968054189444,0.916182318898482,0.757016540737099
