"","bcubed.precision","bcubed.recall","bcubed.f1"
"majority-vote",0.786401852533798,0.465441903053737,0.584776451812913
