"","bcubed.precision","bcubed.recall","bcubed.f1"
"majority-vote",0.932346723467457,0.52627224549531,0.672784619122745
