"","bcubed.precision","bcubed.recall","bcubed.f1"
"majority-vote",0.870705719336805,0.2679930831334,0.40984167142489
