"","bcubed.precision","bcubed.recall","bcubed.f1"
"majority-vote",0.934080040196656,0.563842164272259,0.703205693722568
