"","bcubed.precision","bcubed.recall","bcubed.f1"
"majority-vote",0.957435100865707,0.506883552140817,0.662844940033621
