"","bcubed.precision","bcubed.recall","bcubed.f1"
"majority-vote",0.987307213334611,0.185882876692791,0.312862351215214
