"","bcubed.precision","bcubed.recall","bcubed.f1"
"majority-vote",0.987880795460239,0.0489494443967301,0.0932770172186514
