"","bcubed.precision","bcubed.recall","bcubed.f1"
"majority-vote",0.905164160949746,0.844045301814088,0.873536959047738
