"","bcubed.precision","bcubed.recall","bcubed.f1"
"majority-vote",0.627128975881127,0.846137536580644,0.720354887974375
