"","bcubed.precision","bcubed.recall","bcubed.f1"
"majority-vote",0.930760960050746,0.520289107544381,0.667468063379152
