"","bcubed.precision","bcubed.recall","bcubed.f1"
"majority-vote",0.960634976676586,0.107916051483175,0.194034596135486
