"","bcubed.precision","bcubed.recall","bcubed.f1"
"majority-vote",0.951290646053843,0.420708938749763,0.58340612136727
