"","bcubed.precision","bcubed.recall","bcubed.f1"
"majority-vote",0.953798474989306,0.121619794775832,0.215731456396095
