"","bcubed.precision","bcubed.recall","bcubed.f1"
"majority-vote",0.938192226329534,0.433315776445595,0.592827008205009
