"","bcubed.precision","bcubed.recall","bcubed.f1"
"majority-vote",0.949149387633548,0.511552952172987,0.664803715398213
