"","bcubed.precision","bcubed.recall","bcubed.f1"
"majority-vote",0.899268526956136,0.114057049691969,0.202438224059705
