"","bcubed.precision","bcubed.recall","bcubed.f1"
"majority-vote",0.885212866125827,0.569725487195711,0.693264192636199
