"","bcubed.precision","bcubed.recall","bcubed.f1"
"majority-vote",0.956706393673101,0.40110705667907,0.565234768550475
