"","bcubed.precision","bcubed.recall","bcubed.f1"
"majority-vote",0.89324807722868,0.735516284284041,0.806744698290074
