"","bcubed.precision","bcubed.recall","bcubed.f1"
"majority-vote",0.996078081302271,0.261423397262461,0.414151586127633
