"","bcubed.precision","bcubed.recall","bcubed.f1"
"majority-vote",0.768679028067577,0.423874415251667,0.546429806334711
