"","bcubed.precision","bcubed.recall","bcubed.f1"
"majority-vote",0.99009496013823,0.39709908311973,0.566850474572351
