"","bcubed.precision","bcubed.recall","bcubed.f1"
"majority-vote",0.963653051478984,0.681005843952844,0.798041905738601
