"","bcubed.precision","bcubed.recall","bcubed.f1"
"majority-vote",0.844712611510123,0.771027374764154,0.806189798873076
