"","bcubed.precision","bcubed.recall","bcubed.f1"
"majority-vote",0.989402844179177,0.161966082362137,0.278363778725632
