"","bcubed.precision","bcubed.recall","bcubed.f1"
"majority-vote",0.706160345258511,0.613700850176057,0.656692091175659
