"","bcubed.precision","bcubed.recall","bcubed.f1"
"majority-vote",0.992670872345026,0.526041484587065,0.68766946816653
