"","bcubed.precision","bcubed.recall","bcubed.f1"
"majority-vote",0.876058957797047,0.462684573184071,0.605551333159907
