"","bcubed.precision","bcubed.recall","bcubed.f1"
"majority-vote",0.965844081465411,0.676086503711715,0.795397995583546
