"","bcubed.precision","bcubed.recall","bcubed.f1"
"majority-vote",0.942185419974312,0.905763802123517,0.923615690405693
