"","bcubed.precision","bcubed.recall","bcubed.f1"
"majority-vote",0.837846710277888,0.951999527241777,0.891282899463998
