"","bcubed.precision","bcubed.recall","bcubed.f1"
"majority-vote",0.805769590023333,0.464398129581626,0.589210203825634
