"","bcubed.precision","bcubed.recall","bcubed.f1"
"majority-vote",0.961355327819341,0.429515685016586,0.593753393897753
