"","bcubed.precision","bcubed.recall","bcubed.f1"
"majority-vote",0.971632609360833,0.254082994424754,0.402826433969953
