"","bcubed.precision","bcubed.recall","bcubed.f1"
"majority-vote",0.949054826940379,0.590465093582789,0.727998046318382
