"","bcubed.precision","bcubed.recall","bcubed.f1"
"majority-vote",0.874528366760485,0.640245638932675,0.739269317847977
