"","bcubed.precision","bcubed.recall","bcubed.f1"
"majority-vote",0.981058272659166,0.147442947498057,0.256357938838678
