"","bcubed.precision","bcubed.recall","bcubed.f1"
"majority-vote",0.94490604262435,0.120964168446351,0.214472217196442
