"","bcubed.precision","bcubed.recall","bcubed.f1"
"majority-vote",0.872919684871769,0.788514641045089,0.828573168666192
