"","bcubed.precision","bcubed.recall","bcubed.f1"
"majority-vote",0.218967044819145,0.997328508236885,0.359093767322944
