"","bcubed.precision","bcubed.recall","bcubed.f1"
"majority-vote",0.933267224799439,0.265001022216814,0.412790323350605
