"","bcubed.precision","bcubed.recall","bcubed.f1"
"majority-vote",0.991749529311472,0.530091888432194,0.690897717350742
