"","bcubed.precision","bcubed.recall","bcubed.f1"
"majority-vote",0.833068094801291,0.427602073511771,0.565130600639504
