"","bcubed.precision","bcubed.recall","bcubed.f1"
"majority-vote",0.923088151859814,0.210571655859307,0.342918041757704
