"","bcubed.precision","bcubed.recall","bcubed.f1"
"majority-vote",0.956150312920681,0.163828602608051,0.279728068943326
