"","bcubed.precision","bcubed.recall","bcubed.f1"
"majority-vote",0.92988091658153,0.894490735571821,0.911842566820695
