"","bcubed.precision","bcubed.recall","bcubed.f1"
"majority-vote",0.99390220511865,0.442964572022978,0.612810417676853
