"","bcubed.precision","bcubed.recall","bcubed.f1"
"majority-vote",0.970249301521473,0.305339916170108,0.464500383480511
