"","bcubed.precision","bcubed.recall","bcubed.f1"
"majority-vote",0.872661476824024,0.843658090078314,0.857914725229221
