"","bcubed.precision","bcubed.recall","bcubed.f1"
"majority-vote",0.994925019130456,0.600012261668392,0.748577662715281
