"","bcubed.precision","bcubed.recall","bcubed.f1"
"majority-vote",0.869204990033519,0.430466531186761,0.575781881561341
