"","bcubed.precision","bcubed.recall","bcubed.f1"
"majority-vote",0.614617301552598,0.753595202246589,0.677047824634941
