"","bcubed.precision","bcubed.recall","bcubed.f1"
"majority-vote",0.943400626295361,0.544258014985129,0.690283829845925
