"","bcubed.precision","bcubed.recall","bcubed.f1"
"majority-vote",0.904765724056759,0.32662038170807,0.479971188182685
