"","bcubed.precision","bcubed.recall","bcubed.f1"
"majority-vote",0.922146352889225,0.593501866485847,0.722193414826207
