"","bcubed.precision","bcubed.recall","bcubed.f1"
"majority-vote",0.912648116812551,0.160523617553751,0.273025411633446
