"","bcubed.precision","bcubed.recall","bcubed.f1"
"majority-vote",0.972456437040204,0.222420139014226,0.36203554450114
