"","bcubed.precision","bcubed.recall","bcubed.f1"
"majority-vote",0.698082993861617,0.614236977258984,0.653481464065986
