"","bcubed.precision","bcubed.recall","bcubed.f1"
"majority-vote",0.989966876266496,0.116254418944188,0.208074142981374
