"","bcubed.precision","bcubed.recall","bcubed.f1"
"majority-vote",0.929448567340011,0.268260334151411,0.416351891416526
