"","bcubed.precision","bcubed.recall","bcubed.f1"
"majority-vote",0.969569789342217,0.565808924375701,0.714600553874401
