"","bcubed.precision","bcubed.recall","bcubed.f1"
"majority-vote",0.860382635819046,0.605770073113762,0.710968303684116
