"","bcubed.precision","bcubed.recall","bcubed.f1"
"majority-vote",0.929434748922699,0.625070464506825,0.747456110431674
