"","bcubed.precision","bcubed.recall","bcubed.f1"
"majority-vote",0.966315717480362,0.905427540165522,0.934881276614759
