"","bcubed.precision","bcubed.recall","bcubed.f1"
"majority-vote",0.94862247296662,0.120734302943601,0.214205914453148
