"","bcubed.precision","bcubed.recall","bcubed.f1"
"majority-vote",0.578646330715138,0.674273469150035,0.622810604260896
