"","bcubed.precision","bcubed.recall","bcubed.f1"
"majority-vote",0.852860649737408,0.619775527692726,0.717872027511616
