"","bcubed.precision","bcubed.recall","bcubed.f1"
"majority-vote",0.739290223959452,0.495610585907236,0.593408082859043
