"","bcubed.precision","bcubed.recall","bcubed.f1"
"majority-vote",0.982930488646971,0.0937865091778601,0.171234631720164
