"","bcubed.precision","bcubed.recall","bcubed.f1"
"majority-vote",0.930413947241702,0.473482338928161,0.627588485347815
