"","bcubed.precision","bcubed.recall","bcubed.f1"
"majority-vote",0.969570533275446,0.186020559157866,0.312152030114921
