"","bcubed.precision","bcubed.recall","bcubed.f1"
"majority-vote",0.945564295000392,0.599497872791213,0.733774724741711
