"","bcubed.precision","bcubed.recall","bcubed.f1"
"majority-vote",0.961730647994983,0.68060734003699,0.797108686438267
