"","bcubed.precision","bcubed.recall","bcubed.f1"
"majority-vote",0.98807403621939,0.502798701686818,0.66645841720773
