"","bcubed.precision","bcubed.recall","bcubed.f1"
"majority-vote",0.888136509475488,0.414459071362382,0.565173471145154
