"","bcubed.precision","bcubed.recall","bcubed.f1"
"majority-vote",0.663776568118616,0.91729469191358,0.770210347811167
