"","bcubed.precision","bcubed.recall","bcubed.f1"
"majority-vote",0.963550643047863,0.346723170409038,0.509947356615185
