"","bcubed.precision","bcubed.recall","bcubed.f1"
"majority-vote",0.919003509966449,0.179234874512623,0.299966712352031
