"","bcubed.precision","bcubed.recall","bcubed.f1"
"majority-vote",0.982405085312232,0.0725960994433441,0.135201321662017
