"","bcubed.precision","bcubed.recall","bcubed.f1"
"majority-vote",0.685833589658079,0.453006025006587,0.545619847195933
