"","bcubed.precision","bcubed.recall","bcubed.f1"
"majority-vote",0.986412437275573,0.912841102617592,0.9482018045142
