"","bcubed.precision","bcubed.recall","bcubed.f1"
"majority-vote",0.977400034210643,0.287388403850466,0.44417457861299
