"","bcubed.precision","bcubed.recall","bcubed.f1"
"majority-vote",0.964864403668999,0.164888875313171,0.281646283857708
