"","bcubed.precision","bcubed.recall","bcubed.f1"
"majority-vote",0.958341556271125,0.143917467852028,0.250253501395698
