"","bcubed.precision","bcubed.recall","bcubed.f1"
"majority-vote",0.983156313263072,0.43936859896411,0.607325760284652
