"","bcubed.precision","bcubed.recall","bcubed.f1"
"majority-vote",0.973544463567534,0.843658090078314,0.903959397472619
