"","bcubed.precision","bcubed.recall","bcubed.f1"
"majority-vote",0.970356984781126,0.236830171757427,0.380736011192633
