"","bcubed.precision","bcubed.recall","bcubed.f1"
"majority-vote",0.582426336098006,0.664661878592504,0.620832717577595
