"","bcubed.precision","bcubed.recall","bcubed.f1"
"majority-vote",0.839735256447572,0.788807858161857,0.813475262790653
