"","bcubed.precision","bcubed.recall","bcubed.f1"
"majority-vote",0.963391833177283,0.468955031883569,0.630835252080967
