"","bcubed.precision","bcubed.recall","bcubed.f1"
"majority-vote",0.96914770604381,0.201213321817702,0.333239786053703
