"","bcubed.precision","bcubed.recall","bcubed.f1"
"majority-vote",0.921150857214931,0.413295151790621,0.570584618314253
