"","bcubed.precision","bcubed.recall","bcubed.f1"
"majority-vote",0.984787874819129,0.714751996124637,0.828317253769919
