"","bcubed.precision","bcubed.recall","bcubed.f1"
"majority-vote",0.796932429003451,0.831213848152765,0.813712232523357
