"","bcubed.precision","bcubed.recall","bcubed.f1"
"majority-vote",0.725391366278846,0.810822260127898,0.765731350084705
