"","bcubed.precision","bcubed.recall","bcubed.f1"
"majority-vote",0.932618078678012,0.141762512637013,0.246114427667155
