"","bcubed.precision","bcubed.recall","bcubed.f1"
"majority-vote",0.966586785899457,0.278420288169187,0.432314606199285
