"","bcubed.precision","bcubed.recall","bcubed.f1"
"majority-vote",0.968392435070284,0.277985029493016,0.43196961960179
