"","bcubed.precision","bcubed.recall","bcubed.f1"
"majority-vote",0.824765851171734,0.871778144017192,0.847620627607933
