"","bcubed.precision","bcubed.recall","bcubed.f1"
"majority-vote",0.75169701872175,0.888237159245704,0.814282955368862
