"","bcubed.precision","bcubed.recall","bcubed.f1"
"majority-vote",0.998255721532237,0.0596995941746694,0.112661585178946
