"","bcubed.precision","bcubed.recall","bcubed.f1"
"majority-vote",0.957624560743431,0.565750033111481,0.711284183331422
