"","bcubed.precision","bcubed.recall","bcubed.f1"
"majority-vote",0.928641145406114,0.184298567627486,0.307558856843717
