"","bcubed.precision","bcubed.recall","bcubed.f1"
"majority-vote",0.923418157686516,0.927409085764214,0.925409318917802
