"","bcubed.precision","bcubed.recall","bcubed.f1"
"majority-vote",0.950013170524586,0.675681273044962,0.789700808794173
