"","bcubed.precision","bcubed.recall","bcubed.f1"
"majority-vote",0.975457820648797,0.860879464006786,0.914594081183583
