"","bcubed.precision","bcubed.recall","bcubed.f1"
"majority-vote",0.927458524051967,0.5459080918689,0.687279198105502
