"","bcubed.precision","bcubed.recall","bcubed.f1"
"majority-vote",0.999537839399191,0.413759618209197,0.585253150480161
