"","bcubed.precision","bcubed.recall","bcubed.f1"
"majority-vote",0.950436596157999,0.95344300631453,0.95193742752996
