"","bcubed.precision","bcubed.recall","bcubed.f1"
"majority-vote",0.997261532651743,0.673051274726489,0.80369155145316
