"","bcubed.precision","bcubed.recall","bcubed.f1"
"majority-vote",0.998384435315448,0.0918048561074727,0.168147935675362
