"","bcubed.precision","bcubed.recall","bcubed.f1"
"majority-vote",0.965073700853045,0.188452093374733,0.315329158821991
