"","bcubed.precision","bcubed.recall","bcubed.f1"
"majority-vote",0.991743004659104,0.810500770562073,0.892008595648614
