"","bcubed.precision","bcubed.recall","bcubed.f1"
"majority-vote",0.999665559553464,0.535551243898654,0.697454760393
