"","bcubed.precision","bcubed.recall","bcubed.f1"
"majority-vote",0.99250032714531,0.60826395952233,0.754267425684964
