"","bcubed.precision","bcubed.recall","bcubed.f1"
"majority-vote",0.884060068172121,0.845548344781018,0.864375452537977
