"","bcubed.precision","bcubed.recall","bcubed.f1"
"majority-vote",0.954026676963398,0.566411209063561,0.710810232425566
