"","bcubed.precision","bcubed.recall","bcubed.f1"
"majority-vote",0.982929293834351,0.434592616966279,0.602705059929571
