"","bcubed.precision","bcubed.recall","bcubed.f1"
"majority-vote",0.542041032122327,0.772822869765614,0.637178806679557
