"","bcubed.precision","bcubed.recall","bcubed.f1"
"majority-vote",0.92310101320073,0.555019475814019,0.693230415622697
