"","bcubed.precision","bcubed.recall","bcubed.f1"
"majority-vote",0.905422037924407,0.271956727635368,0.418277655017496
