"","bcubed.precision","bcubed.recall","bcubed.f1"
"majority-vote",0.854543548311291,0.633304772117409,0.727475374602366
