"","bcubed.precision","bcubed.recall","bcubed.f1"
"majority-vote",0.913217876468505,0.613518055562382,0.733952275729147
