"","bcubed.precision","bcubed.recall","bcubed.f1"
"majority-vote",0.971193426233793,0.65162725147453,0.779945821100271
