"","bcubed.precision","bcubed.recall","bcubed.f1"
"majority-vote",0.426266379494033,0.835322942025073,0.564478598751265
