"","bcubed.precision","bcubed.recall","bcubed.f1"
"majority-vote",0.992703914775303,0.97970193473584,0.986160070622638
