"","bcubed.precision","bcubed.recall","bcubed.f1"
"majority-vote",0.941323478781113,0.262624437990965,0.410673163080676
