"","bcubed.precision","bcubed.recall","bcubed.f1"
"majority-vote",0.970851922406915,0.508440794432509,0.667373964714088
