"","bcubed.precision","bcubed.recall","bcubed.f1"
"majority-vote",0.805418532646515,0.962196607202021,0.87685487866608
