"","bcubed.precision","bcubed.recall","bcubed.f1"
"majority-vote",0.937104853253285,0.482060986635531,0.636629881361314
