"","bcubed.precision","bcubed.recall","bcubed.f1"
"majority-vote",0.975281750519992,0.750026615418658,0.847949601199702
