"","bcubed.precision","bcubed.recall","bcubed.f1"
"majority-vote",0.952645831057874,0.148099275305793,0.256346644444938
