"","bcubed.precision","bcubed.recall","bcubed.f1"
"majority-vote",0.981149465912978,0.235958536710891,0.380427360221775
