"","bcubed.precision","bcubed.recall","bcubed.f1"
"majority-vote",0.982576039077197,0.674982157951776,0.80023892542271
