"","bcubed.precision","bcubed.recall","bcubed.f1"
"majority-vote",0.885039084462064,0.627991370572054,0.734680396963503
