"","bcubed.precision","bcubed.recall","bcubed.f1"
"majority-vote",0.743752009433016,0.743992070458638,0.743872020577814
