"","bcubed.precision","bcubed.recall","bcubed.f1"
"majority-vote",0.963790944254525,0.0725625809206098,0.134963903116365
