"","bcubed.precision","bcubed.recall","bcubed.f1"
"majority-vote",0.999078965026224,0.069859449515868,0.130587703781819
