"","bcubed.precision","bcubed.recall","bcubed.f1"
"majority-vote",0.981480480414209,0.206794351402332,0.341612249837908
