"","bcubed.precision","bcubed.recall","bcubed.f1"
"majority-vote",0.995699174706498,0.231164042906375,0.375216802393897
