"","bcubed.precision","bcubed.recall","bcubed.f1"
"majority-vote",0.141463556925707,0.909343519418635,0.244838413482755
