"","bcubed.precision","bcubed.recall","bcubed.f1"
"majority-vote",0.985272914521112,0.126979314912609,0.224965662242883
