"","bcubed.precision","bcubed.recall","bcubed.f1"
"majority-vote",0.977741830425003,0.19259807136181,0.321805982248606
