"","bcubed.precision","bcubed.recall","bcubed.f1"
"majority-vote",0.926491411415831,0.739527917675486,0.822518985541753
