"","bcubed.precision","bcubed.recall","bcubed.f1"
"majority-vote",0.99438004917457,0.23139536100412,0.375427551480253
