"","bcubed.precision","bcubed.recall","bcubed.f1"
"majority-vote",0.97716850312887,0.081461737131328,0.150386491350053
