"","bcubed.precision","bcubed.recall","bcubed.f1"
"majority-vote",0.955069489630779,0.532842761338504,0.684048220980104
