"","bcubed.precision","bcubed.recall","bcubed.f1"
"majority-vote",0.986577088309079,0.0645537853414657,0.121178603308128
