"","bcubed.precision","bcubed.recall","bcubed.f1"
"majority-vote",0.824083925423295,0.808114157082331,0.816020915471513
