"","bcubed.precision","bcubed.recall","bcubed.f1"
"majority-vote",0.879441842131531,0.618382946087997,0.726162153981718
