"","bcubed.precision","bcubed.recall","bcubed.f1"
"majority-vote",0.966477869964197,0.91932818140357,0.942313597855462
