"","bcubed.precision","bcubed.recall","bcubed.f1"
"majority-vote",0.942923259885409,0.254275069502826,0.400538276002626
