"","bcubed.precision","bcubed.recall","bcubed.f1"
"majority-vote",0.992888696927799,0.467582348622142,0.63576368767388
