"","bcubed.precision","bcubed.recall","bcubed.f1"
"majority-vote",0.96929834801244,0.276964091566275,0.430825527414124
