"","bcubed.precision","bcubed.recall","bcubed.f1"
"majority-vote",0.968801714076681,0.256284290531745,0.405340782645609
