"","bcubed.precision","bcubed.recall","bcubed.f1"
"majority-vote",0.933072186960791,0.978563886776437,0.955276747974627
