"","bcubed.precision","bcubed.recall","bcubed.f1"
"majority-vote",0.929273628674576,0.383739317142174,0.543176407882243
