"","bcubed.precision","bcubed.recall","bcubed.f1"
"majority-vote",0.993303684356992,0.112989120789596,0.202898381785447
