"","bcubed.precision","bcubed.recall","bcubed.f1"
"majority-vote",0.927829800323494,0.373116815950705,0.532210771003558
