"","bcubed.precision","bcubed.recall","bcubed.f1"
"majority-vote",0.994559647007864,0.214398474243408,0.352753444663333
