"","bcubed.precision","bcubed.recall","bcubed.f1"
"majority-vote",0.987314034156791,0.136402072633435,0.239689864344367
