"","bcubed.precision","bcubed.recall","bcubed.f1"
"majority-vote",0.965633004994912,0.655138526118528,0.780644738039262
