"","bcubed.precision","bcubed.recall","bcubed.f1"
"majority-vote",0.986158788948623,0.0998945950663788,0.181412689915825
