"","bcubed.precision","bcubed.recall","bcubed.f1"
"majority-vote",0.962094037941906,0.884027461135423,0.92141015654754
