"","bcubed.precision","bcubed.recall","bcubed.f1"
"majority-vote",0.95739181923122,0.369683831174334,0.533401808043424
