"","bcubed.precision","bcubed.recall","bcubed.f1"
"majority-vote",0.903711827575601,0.672041736793157,0.770846507851906
