"","bcubed.precision","bcubed.recall","bcubed.f1"
"majority-vote",0.996750433552783,0.0747107479385304,0.139002647385012
