"","bcubed.precision","bcubed.recall","bcubed.f1"
"majority-vote",0.942190735936725,0.467818856694521,0.625207935006385
