"","bcubed.precision","bcubed.recall","bcubed.f1"
"majority-vote",0.933150032020629,0.0905205554147502,0.16503211134633
