"","bcubed.precision","bcubed.recall","bcubed.f1"
"majority-vote",0.879222988817316,0.766817972681921,0.819182518041543
