"","bcubed.precision","bcubed.recall","bcubed.f1"
"majority-vote",0.957440180329496,0.136883765440639,0.239523255566583
