"","bcubed.precision","bcubed.recall","bcubed.f1"
"majority-vote",0.744621652288225,0.614863221167586,0.673549925587973
