"","bcubed.precision","bcubed.recall","bcubed.f1"
"majority-vote",0.940501122458352,0.603790208627351,0.735438135943109
