"","bcubed.precision","bcubed.recall","bcubed.f1"
"majority-vote",0.989894904050797,0.790612051763445,0.87910113304093
