"","bcubed.precision","bcubed.recall","bcubed.f1"
"majority-vote",0.988956115657653,0.289908093120413,0.448376582442673
