"","bcubed.precision","bcubed.recall","bcubed.f1"
"majority-vote",0.953768633221947,0.597303003234084,0.734574542689196
