"","bcubed.precision","bcubed.recall","bcubed.f1"
"majority-vote",0.988789438282079,0.630614607760414,0.770092016632558
