"","bcubed.precision","bcubed.recall","bcubed.f1"
"majority-vote",0.987761346251912,0.295203158746399,0.454557033129367
