"","bcubed.precision","bcubed.recall","bcubed.f1"
"majority-vote",0.941114706035067,0.139327939874123,0.242721950440537
