"","bcubed.precision","bcubed.recall","bcubed.f1"
"majority-vote",0.947686062922259,0.574533270032913,0.715372825594479
