"","bcubed.precision","bcubed.recall","bcubed.f1"
"majority-vote",0.808843419143267,0.479777972924192,0.602295225639579
