"","bcubed.precision","bcubed.recall","bcubed.f1"
"majority-vote",0.956160786300377,0.619038234306764,0.751524191065853
