"","bcubed.precision","bcubed.recall","bcubed.f1"
"majority-vote",0.967957700153465,0.0563024094847166,0.106415060559522
