"","bcubed.precision","bcubed.recall","bcubed.f1"
"majority-vote",0.976139376341371,0.273006372327625,0.426679225070516
