"","bcubed.precision","bcubed.recall","bcubed.f1"
"majority-vote",0.950772694999958,0.250410730405009,0.396415201822837
