"","bcubed.precision","bcubed.recall","bcubed.f1"
"majority-vote",0.867654778493501,0.49362538577813,0.629255367112849
