"","bcubed.precision","bcubed.recall","bcubed.f1"
"majority-vote",0.997387541044405,0.0843170676011178,0.155489386012799
