"","bcubed.precision","bcubed.recall","bcubed.f1"
"majority-vote",0.983842962027594,0.300949274053039,0.460910047382656
