"","bcubed.precision","bcubed.recall","bcubed.f1"
"majority-vote",0.661443104553383,0.896052639478721,0.761077957318439
