"","bcubed.precision","bcubed.recall","bcubed.f1"
"majority-vote",0.934966298909845,0.986526091996247,0.960054438286665
