"","bcubed.precision","bcubed.recall","bcubed.f1"
"majority-vote",0.934574353398024,0.563144637189725,0.702802780065727
