"","bcubed.precision","bcubed.recall","bcubed.f1"
"majority-vote",0.922617852556637,0.310261425112525,0.464364573163496
