"","bcubed.precision","bcubed.recall","bcubed.f1"
"majority-vote",0.999832142007861,0.202857720369299,0.337283410169899
