"","bcubed.precision","bcubed.recall","bcubed.f1"
"majority-vote",0.989972304459937,0.172795874956073,0.29423428256757
