"","bcubed.precision","bcubed.recall","bcubed.f1"
"majority-vote",0.999293827722957,0.491937550120779,0.659307689959781
