"","bcubed.precision","bcubed.recall","bcubed.f1"
"majority-vote",0.98106769301125,0.10779885760363,0.194253329719276
