"","bcubed.precision","bcubed.recall","bcubed.f1"
"majority-vote",0.898737062121144,0.500719535596914,0.643128490162289
