"","bcubed.precision","bcubed.recall","bcubed.f1"
"majority-vote",0.969753764622245,0.668895749564511,0.791705810991471
