"","bcubed.precision","bcubed.recall","bcubed.f1"
"majority-vote",0.871633875421869,0.920637465403749,0.895465751808295
