"","bcubed.precision","bcubed.recall","bcubed.f1"
"majority-vote",0.81481334267224,0.836387122540059,0.825459296363824
