"","bcubed.precision","bcubed.recall","bcubed.f1"
"majority-vote",0.993467904536699,0.184495251777003,0.311198376956805
