"","bcubed.precision","bcubed.recall","bcubed.f1"
"majority-vote",0.69383461283172,0.279270138970371,0.39824548875983
