"","bcubed.precision","bcubed.recall","bcubed.f1"
"majority-vote",0.988034401096847,0.239915691919109,0.386082395900681
