"","bcubed.precision","bcubed.recall","bcubed.f1"
"majority-vote",0.598713357823211,0.763850063921331,0.671274788895009
