"","bcubed.precision","bcubed.recall","bcubed.f1"
"majority-vote",0.964568682591801,0.402756429265803,0.568242673250561
