"","bcubed.precision","bcubed.recall","bcubed.f1"
"majority-vote",0.999288085346249,0.832372532889638,0.908224969631328
