"","bcubed.precision","bcubed.recall","bcubed.f1"
"majority-vote",0.948877273041554,0.903894467160755,0.925839809088617
