"","bcubed.precision","bcubed.recall","bcubed.f1"
"majority-vote",0.925228896811779,0.318022549608641,0.473345361604623
