"","bcubed.precision","bcubed.recall","bcubed.f1"
"majority-vote",0.841115406032071,0.970040584858902,0.900989295792025
