"","bcubed.precision","bcubed.recall","bcubed.f1"
"majority-vote",0.94179117591775,0.153718800294084,0.264298843156563
