"","bcubed.precision","bcubed.recall","bcubed.f1"
"majority-vote",0.881389366349253,0.86396954759325,0.872592526402683
