"","bcubed.precision","bcubed.recall","bcubed.f1"
"majority-vote",0.96099469375616,0.733982237280296,0.832286295373147
