"","bcubed.precision","bcubed.recall","bcubed.f1"
"majority-vote",0.994237640718175,0.213931201793313,0.352100544001514
