"","bcubed.precision","bcubed.recall","bcubed.f1"
"majority-vote",0.939739316576554,0.723882411918489,0.817807018754739
