"","bcubed.precision","bcubed.recall","bcubed.f1"
"majority-vote",0.964870353935848,0.397885273357037,0.56342853676928
