"","bcubed.precision","bcubed.recall","bcubed.f1"
"majority-vote",0.983584205963206,0.156467826599447,0.269986419196438
