"","bcubed.precision","bcubed.recall","bcubed.f1"
"majority-vote",0.973626116623436,0.784616848057464,0.868962333598932
