"","bcubed.precision","bcubed.recall","bcubed.f1"
"majority-vote",0.984896981877264,0.29196747871763,0.450412549600345
