"","bcubed.precision","bcubed.recall","bcubed.f1"
"majority-vote",0.9585517055494,0.37238185396469,0.536386296193206
