"","bcubed.precision","bcubed.recall","bcubed.f1"
"majority-vote",0.999596055277759,0.17552729009716,0.29861782163597
