"","bcubed.precision","bcubed.recall","bcubed.f1"
"majority-vote",0.977019100438533,0.0970842593373837,0.176618339122113
