"","bcubed.precision","bcubed.recall","bcubed.f1"
"majority-vote",0.991828275279558,0.051758363150581,0.0983826472369506
