"","bcubed.precision","bcubed.recall","bcubed.f1"
"majority-vote",0.997962604480013,0.0559993814542798,0.106048015604363
