"","bcubed.precision","bcubed.recall","bcubed.f1"
"majority-vote",0.882924493064797,0.493088619602393,0.632784695858871
