"","bcubed.precision","bcubed.recall","bcubed.f1"
"majority-vote",0.955469637969917,0.0620249364525607,0.116487979527699
