"","bcubed.precision","bcubed.recall","bcubed.f1"
"majority-vote",0.897034358629361,0.268286771215383,0.413040569817861
