"","bcubed.precision","bcubed.recall","bcubed.f1"
"majority-vote",0.905458556507015,0.87191747246018,0.888371535499775
