"","bcubed.precision","bcubed.recall","bcubed.f1"
"majority-vote",0.986377649598048,0.610916428061971,0.754518931536242
