"","bcubed.precision","bcubed.recall","bcubed.f1"
"majority-vote",0.966209507147979,0.229685941274657,0.371144050109933
