"","bcubed.precision","bcubed.recall","bcubed.f1"
"majority-vote",0.911529276942317,0.617457136125362,0.73621354908706
