"","bcubed.precision","bcubed.recall","bcubed.f1"
"majority-vote",0.989480541358624,0.505136663278337,0.668830651072485
