"","bcubed.precision","bcubed.recall","bcubed.f1"
"majority-vote",0.984846030176026,0.950561174831427,0.96739993222107
