"","bcubed.precision","bcubed.recall","bcubed.f1"
"majority-vote",0.96567016706887,0.497354905388115,0.656558528791425
