"","bcubed.precision","bcubed.recall","bcubed.f1"
"majority-vote",0.996960478060181,0.0256310680084108,0.0499772600567621
