"","bcubed.precision","bcubed.recall","bcubed.f1"
"majority-vote",0.860854870699218,0.612045947593307,0.71543545707064
