"","bcubed.precision","bcubed.recall","bcubed.f1"
"majority-vote",0.955394190871369,0.376856704457713,0.540508859843388
