"","bcubed.precision","bcubed.recall","bcubed.f1"
"majority-vote",0.993834948672363,0.460451422019535,0.629329579910985
