"","bcubed.precision","bcubed.recall","bcubed.f1"
"majority-vote",0.951105903299899,0.228905347070512,0.369001951171796
