"","bcubed.precision","bcubed.recall","bcubed.f1"
"majority-vote",0.928602945995598,0.501565856232151,0.651329452834492
