"","bcubed.precision","bcubed.recall","bcubed.f1"
"majority-vote",0.927558724043605,0.529589749034488,0.67422860601615
