"","bcubed.precision","bcubed.recall","bcubed.f1"
"majority-vote",0.958908460872076,0.0909592231003044,0.166157259541912
