"","bcubed.precision","bcubed.recall","bcubed.f1"
"majority-vote",0.780212446320088,0.15976179764149,0.265216081753527
