"","bcubed.precision","bcubed.recall","bcubed.f1"
"majority-vote",0.93603504343483,0.635136598169726,0.756772968035125
