"","bcubed.precision","bcubed.recall","bcubed.f1"
"majority-vote",0.98603243038515,0.349685193699086,0.516278194126856
