"","bcubed.precision","bcubed.recall","bcubed.f1"
"majority-vote",0.974890167962692,0.115787781033083,0.206991201029237
