"","bcubed.precision","bcubed.recall","bcubed.f1"
"majority-vote",0.996404747972235,0.172564844385488,0.294181185555034
