"","bcubed.precision","bcubed.recall","bcubed.f1"
"majority-vote",0.97294893745985,0.191861271106015,0.320517829410383
