"","bcubed.precision","bcubed.recall","bcubed.f1"
"majority-vote",0.901954294669574,0.349968409669188,0.5042731616031
