"","bcubed.precision","bcubed.recall","bcubed.f1"
"majority-vote",0.944890947748356,0.218935761025019,0.355500380205178
