"","bcubed.precision","bcubed.recall","bcubed.f1"
"majority-vote",0.944412798237013,0.381022426575014,0.542980070751928
