"","bcubed.precision","bcubed.recall","bcubed.f1"
"majority-vote",0.98701546776817,0.203850975284367,0.33791205873524
