"","bcubed.precision","bcubed.recall","bcubed.f1"
"majority-vote",0.922193408047326,0.728096718422756,0.813730850570568
