"","bcubed.precision","bcubed.recall","bcubed.f1"
"majority-vote",0.966406832935955,0.25084217681363,0.398300744908539
