"","bcubed.precision","bcubed.recall","bcubed.f1"
"majority-vote",0.970060494206911,0.0870517942452188,0.159766389000669
