"","bcubed.precision","bcubed.recall","bcubed.f1"
"majority-vote",0.973302477345496,0.346471364938686,0.511029127900363
