"","bcubed.precision","bcubed.recall","bcubed.f1"
"majority-vote",0.919543680576403,0.145674749375607,0.251505778423165
