"","bcubed.precision","bcubed.recall","bcubed.f1"
"majority-vote",0.988418525396771,0.262088660066682,0.41431715054131
