"","bcubed.precision","bcubed.recall","bcubed.f1"
"majority-vote",0.946015626116797,0.764657097188809,0.845722916729403
