"","bcubed.precision","bcubed.recall","bcubed.f1"
"majority-vote",0.975129291868023,0.781786458973654,0.867819502176785
