"","bcubed.precision","bcubed.recall","bcubed.f1"
"majority-vote",0.849037264085748,0.956269032675501,0.899468466585763
