"","bcubed.precision","bcubed.recall","bcubed.f1"
"majority-vote",0.951915523089979,0.911142469120368,0.931082836635914
