"","bcubed.precision","bcubed.recall","bcubed.f1"
"majority-vote",0.993777538055325,0.0304651199112221,0.0591179280153032
