"","bcubed.precision","bcubed.recall","bcubed.f1"
"majority-vote",0.995010869843669,0.111187202487153,0.200022903365068
