"","bcubed.precision","bcubed.recall","bcubed.f1"
"majority-vote",0.936409719031753,0.137052860797772,0.239109649993613
