"","bcubed.precision","bcubed.recall","bcubed.f1"
"majority-vote",0.789150730737498,0.413250631118182,0.542442894478006
