"","bcubed.precision","bcubed.recall","bcubed.f1"
"majority-vote",0.855863972725515,0.796595475024009,0.825166837029164
