"","bcubed.precision","bcubed.recall","bcubed.f1"
"majority-vote",0.924920406866973,0.66190093357778,0.771612613451242
