"","bcubed.precision","bcubed.recall","bcubed.f1"
"majority-vote",0.983817540874005,0.388709966899716,0.557248844314662
