"","bcubed.precision","bcubed.recall","bcubed.f1"
"majority-vote",0.988299817184644,0.288758432897742,0.446933264672855
