"","bcubed.precision","bcubed.recall","bcubed.f1"
"majority-vote",0.978505374664241,0.0943227977324629,0.172059919583198
