"","bcubed.precision","bcubed.recall","bcubed.f1"
"majority-vote",0.964011176261267,0.822020845342396,0.887371863935879
