"","bcubed.precision","bcubed.recall","bcubed.f1"
"majority-vote",0.930869674251908,0.676262775278403,0.783398418115539
