"","bcubed.precision","bcubed.recall","bcubed.f1"
"majority-vote",0.874618714121332,0.94616688659624,0.908987049735956
