"","bcubed.precision","bcubed.recall","bcubed.f1"
"majority-vote",0.949279654899659,0.411760519034234,0.574378171777767
