"","bcubed.precision","bcubed.recall","bcubed.f1"
"majority-vote",0.962646021024831,0.447013437288161,0.610524342191213
