"","bcubed.precision","bcubed.recall","bcubed.f1"
"majority-vote",0.977063310561216,0.783362368797236,0.869556310613504
