"","bcubed.precision","bcubed.recall","bcubed.f1"
"majority-vote",0.788373153164724,0.939803001743101,0.85745362674258
