"","bcubed.precision","bcubed.recall","bcubed.f1"
"majority-vote",0.906671296512026,0.480884951922728,0.628449597376311
