"","bcubed.precision","bcubed.recall","bcubed.f1"
"majority-vote",0.968751097544952,0.0799570271124764,0.1477216700251
