"","bcubed.precision","bcubed.recall","bcubed.f1"
"majority-vote",0.961618200770139,0.294100610545648,0.450439218413818
