"","bcubed.precision","bcubed.recall","bcubed.f1"
"majority-vote",0.956573525759717,0.174799651640714,0.29558543973214
