"","bcubed.precision","bcubed.recall","bcubed.f1"
"majority-vote",0.967132976118439,0.0619273122118112,0.116401237986951
