"","bcubed.precision","bcubed.recall","bcubed.f1"
"majority-vote",0.851295166117341,0.923523723911802,0.885939727571745
