"","bcubed.precision","bcubed.recall","bcubed.f1"
"majority-vote",0.977057341461503,0.0463747670744967,0.0885467756010126
