"","bcubed.precision","bcubed.recall","bcubed.f1"
"majority-vote",0.958708546851848,0.26176831541978,0.411248306372399
