"","bcubed.precision","bcubed.recall","bcubed.f1"
"majority-vote",0.948164224567064,0.341365085025622,0.501997370249496
