"","bcubed.precision","bcubed.recall","bcubed.f1"
"majority-vote",0.891346955928654,0.502041563091401,0.642309324216188
