"","bcubed.precision","bcubed.recall","bcubed.f1"
"majority-vote",0.993421112870717,0.686703206970746,0.812065459709719
