"","bcubed.precision","bcubed.recall","bcubed.f1"
"majority-vote",0.952928696866442,0.37957295046545,0.542897575814703
