"","bcubed.precision","bcubed.recall","bcubed.f1"
"majority-vote",0.997862057667104,0.190613210736367,0.320083548628548
