"","bcubed.precision","bcubed.recall","bcubed.f1"
"majority-vote",0.918377659074967,0.370930251716065,0.528429327703552
