"","bcubed.precision","bcubed.recall","bcubed.f1"
"majority-vote",0.975297753763928,0.872641200713904,0.921118093036376
