"","bcubed.precision","bcubed.recall","bcubed.f1"
"majority-vote",0.873716903409583,0.829893274861898,0.851241430135701
