"","bcubed.precision","bcubed.recall","bcubed.f1"
"majority-vote",0.899280489858415,0.554485405444269,0.685994778992177
