"","bcubed.precision","bcubed.recall","bcubed.f1"
"majority-vote",0.899805839692372,0.308958395880984,0.45997815066696
