"","bcubed.precision","bcubed.recall","bcubed.f1"
"majority-vote",0.300629605129427,0.746401199563586,0.428622151109914
