"","bcubed.precision","bcubed.recall","bcubed.f1"
"majority-vote",0.962839504609972,0.703501882177253,0.812989954037817
