"","bcubed.precision","bcubed.recall","bcubed.f1"
"majority-vote",0.92101712290182,0.486799713133516,0.636944891897015
