"","bcubed.precision","bcubed.recall","bcubed.f1"
"majority-vote",0.976915777425113,0.213109822610364,0.34989221748864
