"","bcubed.precision","bcubed.recall","bcubed.f1"
"majority-vote",0.981523305167244,0.164726931081026,0.282108246056119
