"","bcubed.precision","bcubed.recall","bcubed.f1"
"majority-vote",0.878029115024015,0.915499323013582,0.896372807191418
