"","bcubed.precision","bcubed.recall","bcubed.f1"
"majority-vote",0.960411775219044,0.578977669064726,0.722438331669025
