"","bcubed.precision","bcubed.recall","bcubed.f1"
"majority-vote",0.990692507862195,0.665119973326402,0.795898547558922
