"","bcubed.precision","bcubed.recall","bcubed.f1"
"majority-vote",0.999671841759833,0.349344468004177,0.517754789487219
