"","bcubed.precision","bcubed.recall","bcubed.f1"
"majority-vote",0.960802883346948,0.563050753385348,0.710016729012605
