"","bcubed.precision","bcubed.recall","bcubed.f1"
"majority-vote",0.988088361070007,0.785195291700125,0.87503465977807
