"","bcubed.precision","bcubed.recall","bcubed.f1"
"majority-vote",0.952710965472634,0.938825372015385,0.945717202314806
