"","bcubed.precision","bcubed.recall","bcubed.f1"
"majority-vote",0.947526429276865,0.820365156392407,0.879372551621014
