"","bcubed.precision","bcubed.recall","bcubed.f1"
"majority-vote",0.848775412053047,0.859161609428695,0.85393693080128
