"","bcubed.precision","bcubed.recall","bcubed.f1"
"majority-vote",0.951990603740286,0.274381008452196,0.425985303792692
