"","bcubed.precision","bcubed.recall","bcubed.f1"
"majority-vote",0.998491031698232,0.650526071972231,0.787795890417829
