"","bcubed.precision","bcubed.recall","bcubed.f1"
"majority-vote",0.966093863538812,0.349423593916852,0.513221604085213
