"","bcubed.precision","bcubed.recall","bcubed.f1"
"majority-vote",0.933014381273359,0.908285709219573,0.920483992134129
