"","bcubed.precision","bcubed.recall","bcubed.f1"
"majority-vote",0.889112559040418,0.842730937882259,0.865300660359243
