"","bcubed.precision","bcubed.recall","bcubed.f1"
"majority-vote",0.921484728392748,0.135749990657226,0.236639113370206
