"","bcubed.precision","bcubed.recall","bcubed.f1"
"majority-vote",0.970102719385284,0.134864781362817,0.236808215736285
