"","bcubed.precision","bcubed.recall","bcubed.f1"
"majority-vote",0.787379309215415,0.723149780880696,0.753898986338479
