"","bcubed.precision","bcubed.recall","bcubed.f1"
"majority-vote",0.9310063802201,0.941189840341907,0.936070414770534
