"","bcubed.precision","bcubed.recall","bcubed.f1"
"majority-vote",0.982902084374727,0.371703218938528,0.539415972711554
