"","bcubed.precision","bcubed.recall","bcubed.f1"
"majority-vote",0.0606448535262342,0.985605516198442,0.11425927080959
