"","bcubed.precision","bcubed.recall","bcubed.f1"
"majority-vote",0.854015305000947,0.881201175407002,0.867395277856602
