"","bcubed.precision","bcubed.recall","bcubed.f1"
"majority-vote",0.978466501753265,0.329389961676337,0.492863020562556
