{
      "avg_bcuded_f1": 0.3290589271638153,
      "avg_bcuded_recall": 0.21316041468104965,
      "avg_bcuded_precision": 0.947835364178562,
      "avg_bcuded_f1star": 0.3480477413554781
}