{
      "avg_bcuded_f1": 0.7754441798591182,
      "avg_bcuded_recall": 0.7352550721352893,
      "avg_bcuded_precision": 0.8845994830631969,
      "avg_bcuded_f1star": 0.8030427850984115
}