{
      "avg_bcuded_f1": 0.6194719134507339,
      "avg_bcuded_recall": 0.49903739060588476,
      "avg_bcuded_precision": 0.9243582730174907,
      "avg_bcuded_f1star": 0.6481533593791611
}