"","bcubed.precision","bcubed.recall","bcubed.f1"
"majority-vote",0.914914608119043,0.249445344348578,0.392011403326147
