"","bcubed.precision","bcubed.recall","bcubed.f1"
"majority-vote",0.999659103483921,0.681301566652675,0.810333430664811
