"","bcubed.precision","bcubed.recall","bcubed.f1"
"majority-vote",0.752680970815916,0.558740854073397,0.641370458378599
