"","bcubed.precision","bcubed.recall","bcubed.f1"
"majority-vote",0.92123794128659,0.557413973900666,0.694566309333993
