"","bcubed.precision","bcubed.recall","bcubed.f1"
"majority-vote",0.952170601941388,0.559029952077618,0.704462269494796
