"","bcubed.precision","bcubed.recall","bcubed.f1"
"majority-vote",0.991862178497399,0.688475970239237,0.812780780104313
