"","bcubed.precision","bcubed.recall","bcubed.f1"
"majority-vote",0.959495838332289,0.588594893930611,0.729614019928321
