"","bcubed.precision","bcubed.recall","bcubed.f1"
"majority-vote",0.985164555439632,0.779281725047171,0.870211513616062
