"","bcubed.precision","bcubed.recall","bcubed.f1"
"majority-vote",0.997816793237989,0.463231557484992,0.632724066917553
