"","bcubed.precision","bcubed.recall","bcubed.f1"
"majority-vote",0.71046897333373,0.933893931419079,0.807002713014443
