"","bcubed.precision","bcubed.recall","bcubed.f1"
"majority-vote",0.921387533179543,0.870759543330287,0.895358420229789
