"","bcubed.precision","bcubed.recall","bcubed.f1"
"majority-vote",0.888454542986671,0.641585008015158,0.745103765075842
