"","bcubed.precision","bcubed.recall","bcubed.f1"
"majority-vote",0.841206792369074,0.525022866077846,0.646527907461499
