"","bcubed.precision","bcubed.recall","bcubed.f1"
"majority-vote",0.977321617342982,0.803869430468702,0.88215014653646
