"","bcubed.precision","bcubed.recall","bcubed.f1"
"majority-vote",0.959873593043147,0.730936408764447,0.829905851298157
