"","bcubed.precision","bcubed.recall","bcubed.f1"
"majority-vote",0.860949360887028,0.954275428913119,0.905213310494068
