"","bcubed.precision","bcubed.recall","bcubed.f1"
"majority-vote",0.981652391267477,0.323968184891429,0.487161659674317
