"","bcubed.precision","bcubed.recall","bcubed.f1"
"majority-vote",0.953587903073947,0.415241282216103,0.578551462568774
