"","bcubed.precision","bcubed.recall","bcubed.f1"
"majority-vote",0.802419948596075,0.685252369888295,0.739222158790046
