"","bcubed.precision","bcubed.recall","bcubed.f1"
"majority-vote",0.589327366176319,0.944047122721993,0.725658093842175
