"","bcubed.precision","bcubed.recall","bcubed.f1"
"majority-vote",0.926687390660024,0.830028369581823,0.875698666101431
