"","bcubed.precision","bcubed.recall","bcubed.f1"
"majority-vote",0.94365358040015,0.692437226208334,0.798758681455272
