"","bcubed.precision","bcubed.recall","bcubed.f1"
"majority-vote",0.886916525640209,0.948111315396673,0.916493553903398
