"","bcubed.precision","bcubed.recall","bcubed.f1"
"majority-vote",0.978065058106088,0.804855806556156,0.88304686630665
