"","bcubed.precision","bcubed.recall","bcubed.f1"
"majority-vote",0.986525365209159,0.448899472862459,0.617030867325345
