"","bcubed.precision","bcubed.recall","bcubed.f1"
"majority-vote",0.825112339415941,0.718931489594345,0.768370990659262
