"","bcubed.precision","bcubed.recall","bcubed.f1"
"majority-vote",0.882668416820161,0.689274960497833,0.774075258581436
