"","bcubed.precision","bcubed.recall","bcubed.f1"
"majority-vote",0.777237304494895,0.437635168769111,0.559970509517594
