"","bcubed.precision","bcubed.recall","bcubed.f1"
"majority-vote",0.968028375799353,0.963870107540774,0.965944766487993
