"","bcubed.precision","bcubed.recall","bcubed.f1"
"majority-vote",0.912502295772349,0.593864250653721,0.719482908571405
