"","bcubed.precision","bcubed.recall","bcubed.f1"
"majority-vote",0.553996017081607,0.929286045679293,0.694164354792487
