"","bcubed.precision","bcubed.recall","bcubed.f1"
"majority-vote",0.705094894653159,0.697611593812829,0.701333282896846
