"","bcubed.precision","bcubed.recall","bcubed.f1"
"majority-vote",0.862105812354391,0.857757584009367,0.859926201498311
