"","bcubed.precision","bcubed.recall","bcubed.f1"
"majority-vote",0.862785472824844,0.792042611222608,0.82590193556508
