"","bcubed.precision","bcubed.recall","bcubed.f1"
"majority-vote",0.995861316371419,0.966762099720851,0.981095985456989
