"","bcubed.precision","bcubed.recall","bcubed.f1"
"majority-vote",0.94296558677201,0.700429356663282,0.803800427811575
