"","bcubed.precision","bcubed.recall","bcubed.f1"
"majority-vote",0.855984888435105,0.922343122866577,0.887925928297035
