"","bcubed.precision","bcubed.recall","bcubed.f1"
"majority-vote",0.994273865679785,0.253734661838334,0.404294902671313
