"","bcubed.precision","bcubed.recall","bcubed.f1"
"majority-vote",0.959140367349207,0.473212416161945,0.633750478089869
