"","bcubed.precision","bcubed.recall","bcubed.f1"
"majority-vote",0.738112232223258,0.677164183438376,0.706325861843285
