"","bcubed.precision","bcubed.recall","bcubed.f1"
"majority-vote",0.970270078243537,0.75670457510833,0.850282088243259
