"","bcubed.precision","bcubed.recall","bcubed.f1"
"majority-vote",0.716131920493914,0.96177019357281,0.820970818288999
