"","bcubed.precision","bcubed.recall","bcubed.f1"
"majority-vote",0.695772695772696,0.59734790820487,0.642814542011727
