"","bcubed.precision","bcubed.recall","bcubed.f1"
"majority-vote",0.868835635863522,0.628649380541829,0.729480399863208
