"","bcubed.precision","bcubed.recall","bcubed.f1"
"majority-vote",0.863895731598974,0.735737355266811,0.794682688188539
