"","bcubed.precision","bcubed.recall","bcubed.f1"
"majority-vote",0.738112995778062,0.577783391798747,0.648180866301664
