"","bcubed.precision","bcubed.recall","bcubed.f1"
"majority-vote",0.964926987581703,0.550059427525548,0.700689037341062
