"","bcubed.precision","bcubed.recall","bcubed.f1"
"majority-vote",0.926629903275504,0.682584627534075,0.786101933930512
