"","bcubed.precision","bcubed.recall","bcubed.f1"
"majority-vote",0.831129838463037,0.923866281109874,0.875047898302086
