"","bcubed.precision","bcubed.recall","bcubed.f1"
"majority-vote",0.98407220901125,0.537665548896593,0.69539146500426
