"","bcubed.precision","bcubed.recall","bcubed.f1"
"majority-vote",0.957593822079056,0.491719279443122,0.649780014680552
