"","bcubed.precision","bcubed.recall","bcubed.f1"
"majority-vote",0.894668980796312,0.813999167497497,0.852429778457843
