"","bcubed.precision","bcubed.recall","bcubed.f1"
"majority-vote",0.972812819618126,0.608106814111897,0.748392381046505
