"","bcubed.precision","bcubed.recall","bcubed.f1"
"majority-vote",0.908178531077568,0.362917505029211,0.518597930065572
