"","bcubed.precision","bcubed.recall","bcubed.f1"
"majority-vote",0.999353674754046,0.685873494783104,0.813457330641245
