"","bcubed.precision","bcubed.recall","bcubed.f1"
"majority-vote",0.914277161211125,0.957933274992662,0.935596232510944
