"","bcubed.precision","bcubed.recall","bcubed.f1"
"majority-vote",0.969977234409832,0.965247187076566,0.967606430186813
