"","bcubed.precision","bcubed.recall","bcubed.f1"
"majority-vote",0.971078296602145,0.905330621504491,0.937052589453085
