"","bcubed.precision","bcubed.recall","bcubed.f1"
"majority-vote",0.637385247203503,0.558802328648584,0.595512556013394
