"","bcubed.precision","bcubed.recall","bcubed.f1"
"majority-vote",0.988528430032898,0.34817591879981,0.514970710893547
