"","bcubed.precision","bcubed.recall","bcubed.f1"
"majority-vote",0.943570623497856,0.908047376850964,0.925468243859636
