"","bcubed.precision","bcubed.recall","bcubed.f1"
"majority-vote",0.774600724206455,0.989387078515404,0.868917513325212
