"","bcubed.precision","bcubed.recall","bcubed.f1"
"majority-vote",0.958104803740505,0.787448775454799,0.864434599378639
