"","bcubed.precision","bcubed.recall","bcubed.f1"
"majority-vote",0.943477572276684,0.35130300339718,0.511973242425542
