"","bcubed.precision","bcubed.recall","bcubed.f1"
"majority-vote",0.944977118489876,0.887746627554325,0.915468304337842
