"","bcubed.precision","bcubed.recall","bcubed.f1"
"majority-vote",0.991596851226194,0.470161554722099,0.637876567472309
