"","bcubed.precision","bcubed.recall","bcubed.f1"
"majority-vote",0.830414101143688,0.550661633301361,0.662204358309156
