"","bcubed.precision","bcubed.recall","bcubed.f1"
"majority-vote",0.844610981482345,0.905793814743206,0.87413311999668
