"","bcubed.precision","bcubed.recall","bcubed.f1"
"majority-vote",0.654221480343075,0.917903428140576,0.76394965352889
