"","bcubed.precision","bcubed.recall","bcubed.f1"
"majority-vote",0.939577737531439,0.0906948882441406,0.165422036401185
