"","bcubed.precision","bcubed.recall","bcubed.f1"
"majority-vote",0.986158486404273,0.78539208171462,0.874399049596433
