"","bcubed.precision","bcubed.recall","bcubed.f1"
"majority-vote",0.878115982827882,0.752435188110762,0.810431928170412
