"","bcubed.precision","bcubed.recall","bcubed.f1"
"majority-vote",0.990232079629656,0.364255766037797,0.532596502618241
