"","bcubed.precision","bcubed.recall","bcubed.f1"
"majority-vote",0.899390705466544,0.437688979313818,0.588825638981495
