"","bcubed.precision","bcubed.recall","bcubed.f1"
"majority-vote",0.619074669665424,0.716455614787394,0.66421484891474
