"","bcubed.precision","bcubed.recall","bcubed.f1"
"majority-vote",0.839645484529251,0.72568048881475,0.77851432355985
