"","bcubed.precision","bcubed.recall","bcubed.f1"
"majority-vote",0.978774147842013,0.86145610995094,0.916375509368886
