"","bcubed.precision","bcubed.recall","bcubed.f1"
"majority-vote",0.985050304370864,0.7410005690399,0.845772100134421
