"","bcubed.precision","bcubed.recall","bcubed.f1"
"majority-vote",0.770848275114414,0.770102156560618,0.770475035204549
