"","bcubed.precision","bcubed.recall","bcubed.f1"
"majority-vote",0.955872435653936,0.42917251261767,0.592376695736123
