"","bcubed.precision","bcubed.recall","bcubed.f1"
"majority-vote",0.879502901285727,0.946756106877228,0.911891182013765
