"","bcubed.precision","bcubed.recall","bcubed.f1"
"majority-vote",0.901468490534323,0.889821076911465,0.895606916521921
