"","bcubed.precision","bcubed.recall","bcubed.f1"
"majority-vote",0.953104678426693,0.858057513305525,0.903087127176058
