"","bcubed.precision","bcubed.recall","bcubed.f1"
"majority-vote",0.882643965322076,0.54563313921134,0.674378656741062
