"","bcubed.precision","bcubed.recall","bcubed.f1"
"majority-vote",0.965896423711961,0.894081094779505,0.928602333491012
