"","bcubed.precision","bcubed.recall","bcubed.f1"
"majority-vote",0.871481008854118,0.675725152832999,0.761219354577637
