"","bcubed.precision","bcubed.recall","bcubed.f1"
"majority-vote",0.993592540479258,0.986879085728482,0.990224434381223
