"","bcubed.precision","bcubed.recall","bcubed.f1"
"majority-vote",0.851604489702674,0.80445165411136,0.827356781289061
