"","bcubed.precision","bcubed.recall","bcubed.f1"
"majority-vote",0.997939632727308,0.437813065114491,0.608615968558276
