"","bcubed.precision","bcubed.recall","bcubed.f1"
"majority-vote",0.969816119132035,0.806923202678745,0.880902582897679
