"","bcubed.precision","bcubed.recall","bcubed.f1"
"majority-vote",0.979994242658555,0.711328942013394,0.824322961013199
