"","bcubed.precision","bcubed.recall","bcubed.f1"
"majority-vote",0.956518923925697,0.639724642069349,0.766685910943022
