"","bcubed.precision","bcubed.recall","bcubed.f1"
"majority-vote",0.883294837432019,0.668633778952071,0.761118467493813
