"","bcubed.precision","bcubed.recall","bcubed.f1"
"majority-vote",0.947051761524436,0.417214350160372,0.579247086574177
