"","bcubed.precision","bcubed.recall","bcubed.f1"
"majority-vote",0.950309339207852,0.898467220302425,0.923661419259537
