"","bcubed.precision","bcubed.recall","bcubed.f1"
"majority-vote",0.744958958774794,0.792328845451722,0.767914075805648
