"","bcubed.precision","bcubed.recall","bcubed.f1"
"majority-vote",0.683145467500672,0.817357229266619,0.744249094260702
