"","bcubed.precision","bcubed.recall","bcubed.f1"
"majority-vote",0.999598492066024,0.473623121200657,0.642717909507184
