"","bcubed.precision","bcubed.recall","bcubed.f1"
"majority-vote",0.946946510681639,0.739669415156231,0.830571277088074
