"","bcubed.precision","bcubed.recall","bcubed.f1"
"majority-vote",0.256475950377903,0.922833826160669,0.401395269188956
