"","bcubed.precision","bcubed.recall","bcubed.f1"
"majority-vote",0.833590036337327,0.774619651487884,0.803023670756015
