"","bcubed.precision","bcubed.recall","bcubed.f1"
"majority-vote",0.850666158733238,0.890725503914205,0.870235064463873
