"","bcubed.precision","bcubed.recall","bcubed.f1"
"majority-vote",0.947979970373735,0.657054953166267,0.776151254905638
