"","bcubed.precision","bcubed.recall","bcubed.f1"
"majority-vote",0.941782211170953,0.0483446267469768,0.0919682362549517
