"","bcubed.precision","bcubed.recall","bcubed.f1"
"majority-vote",0.960486108482843,0.578610758672127,0.722173643236114
