"","bcubed.precision","bcubed.recall","bcubed.f1"
"majority-vote",0.999346700967801,0.293364181191218,0.453577873756152
