"","bcubed.precision","bcubed.recall","bcubed.f1"
"majority-vote",0.874439950371712,0.854542093613735,0.864376525516332
