"","bcubed.precision","bcubed.recall","bcubed.f1"
"majority-vote",0.834253527829824,0.809883657178005,0.821887983914497
