"","bcubed.precision","bcubed.recall","bcubed.f1"
"majority-vote",0.898967370185859,0.650891476985306,0.755075470788662
