"","bcubed.precision","bcubed.recall","bcubed.f1"
"majority-vote",0.993026473775693,0.815787862075994,0.895723710244587
