"","bcubed.precision","bcubed.recall","bcubed.f1"
"majority-vote",0.940412491264163,0.193915810769588,0.321530989528132
