"","bcubed.precision","bcubed.recall","bcubed.f1"
"majority-vote",0.836187979397464,0.937014196754711,0.883734543515266
