"","bcubed.precision","bcubed.recall","bcubed.f1"
"majority-vote",0.864750525751025,0.328836491508683,0.476482275370431
