"","bcubed.precision","bcubed.recall","bcubed.f1"
"majority-vote",0.891293740185503,0.482340628643758,0.625941215075638
