"","bcubed.precision","bcubed.recall","bcubed.f1"
"majority-vote",0.958414102733119,0.398104178467721,0.562541123533824
