"","bcubed.precision","bcubed.recall","bcubed.f1"
"majority-vote",0.959813479855632,0.497464140861476,0.655294202498886
