"","bcubed.precision","bcubed.recall","bcubed.f1"
"majority-vote",0.905603544285329,0.718038690410391,0.800987273026325
