"","bcubed.precision","bcubed.recall","bcubed.f1"
"majority-vote",0.900969323422388,0.90644279144451,0.90369776965781
