"","bcubed.precision","bcubed.recall","bcubed.f1"
"majority-vote",0.883532671078504,0.702940915301488,0.782958216056846
