"","bcubed.precision","bcubed.recall","bcubed.f1"
"majority-vote",0.996449683473468,0.453590243168305,0.623403322801567
