"","bcubed.precision","bcubed.recall","bcubed.f1"
"majority-vote",0.7725376459622,0.971596056249751,0.860707558336174
