"","bcubed.precision","bcubed.recall","bcubed.f1"
"majority-vote",0.989909320155676,0.673597123423291,0.801680177531715
