"","bcubed.precision","bcubed.recall","bcubed.f1"
"majority-vote",0.972406895490527,0.552705084066586,0.704806259636219
