"","bcubed.precision","bcubed.recall","bcubed.f1"
"majority-vote",0.977209481630992,0.411854744149065,0.579481284691726
