"","bcubed.precision","bcubed.recall","bcubed.f1"
"majority-vote",0.953211258078022,0.224129161956626,0.362923818472759
