"","bcubed.precision","bcubed.recall","bcubed.f1"
"majority-vote",0.914249678303268,0.53521118022454,0.675170559405914
