"","bcubed.precision","bcubed.recall","bcubed.f1"
"majority-vote",0.995153460964682,0.644907302462658,0.782631654093033
