"","bcubed.precision","bcubed.recall","bcubed.f1"
"majority-vote",0.950343951811436,0.727335106755557,0.824017580854446
