"","bcubed.precision","bcubed.recall","bcubed.f1"
"majority-vote",0.917368938060094,0.555001046199176,0.691593452484188
