"","bcubed.precision","bcubed.recall","bcubed.f1"
"majority-vote",0.982969589470708,0.471220446866778,0.637049295666255
