"","bcubed.precision","bcubed.recall","bcubed.f1"
"majority-vote",0.208415481408602,0.905078907643327,0.338811687070761
