"","bcubed.precision","bcubed.recall","bcubed.f1"
"majority-vote",0.911067251164723,0.200525488503699,0.328703488390944
