"","bcubed.precision","bcubed.recall","bcubed.f1"
"majority-vote",0.920759219842841,0.736130621135843,0.818158262131785
