"","bcubed.precision","bcubed.recall","bcubed.f1"
"majority-vote",0.998586337570269,0.885233590549726,0.938499647323959
