"","bcubed.precision","bcubed.recall","bcubed.f1"
"majority-vote",0.974070671109898,0.664175577927961,0.789812827353701
