"","bcubed.precision","bcubed.recall","bcubed.f1"
"majority-vote",0.658536922257153,0.974623925513286,0.785992195614918
