"","bcubed.precision","bcubed.recall","bcubed.f1"
"majority-vote",0.917552806092236,0.646007100165993,0.758200085766232
