"","bcubed.precision","bcubed.recall","bcubed.f1"
"majority-vote",0.998849893036756,0.222855954700013,0.364407925078007
