"","bcubed.precision","bcubed.recall","bcubed.f1"
"majority-vote",0.951374115425628,0.509853632235739,0.66390957760163
