"","bcubed.precision","bcubed.recall","bcubed.f1"
"majority-vote",0.730482118953197,0.860623982029159,0.790230682449718
