"","bcubed.precision","bcubed.recall","bcubed.f1"
"majority-vote",0.63530829054808,0.886604197437136,0.740209442413105
