"","bcubed.precision","bcubed.recall","bcubed.f1"
"majority-vote",0.874457998033449,0.989416610773235,0.928392140318641
