"","bcubed.precision","bcubed.recall","bcubed.f1"
"majority-vote",0.870446558832928,0.806741490854794,0.837384161797539
