"","bcubed.precision","bcubed.recall","bcubed.f1"
"majority-vote",0.842789392150227,0.542415394843097,0.660035173434529
