"","bcubed.precision","bcubed.recall","bcubed.f1"
"majority-vote",0.614176324958101,0.608946164440707,0.611550062426461
