"","bcubed.precision","bcubed.recall","bcubed.f1"
"majority-vote",0.738265815427481,0.66878211884185,0.701808324058969
