"","bcubed.precision","bcubed.recall","bcubed.f1"
"majority-vote",0.861655918074883,0.846686344605085,0.854105544913083
