"","bcubed.precision","bcubed.recall","bcubed.f1"
"majority-vote",0.933853436977448,0.297136882929678,0.450827752077824
