"","bcubed.precision","bcubed.recall","bcubed.f1"
"majority-vote",0.993934887458501,0.430454698979943,0.600740059966876
