"","bcubed.precision","bcubed.recall","bcubed.f1"
"majority-vote",0.687076180168092,0.74563412035295,0.715158456009965
