"","bcubed.precision","bcubed.recall","bcubed.f1"
"majority-vote",0.996083196813349,0.916314960491201,0.954535468095644
