"","bcubed.precision","bcubed.recall","bcubed.f1"
"majority-vote",0.853588935980521,0.47303018355754,0.60872533061358
