"","bcubed.precision","bcubed.recall","bcubed.f1"
"majority-vote",0.816573974594101,0.893040203922046,0.853097029672375
