"","bcubed.precision","bcubed.recall","bcubed.f1"
"majority-vote",0.934088491937247,0.666639500833202,0.778021361294932
