"","bcubed.precision","bcubed.recall","bcubed.f1"
"majority-vote",0.995598625731013,0.308680601274335,0.471251824080903
