"","bcubed.precision","bcubed.recall","bcubed.f1"
"majority-vote",0.997516771061117,0.64013934042102,0.779833718946109
