"","bcubed.precision","bcubed.recall","bcubed.f1"
"majority-vote",0.901878730329331,0.439984596030205,0.591435418253414
