"","bcubed.precision","bcubed.recall","bcubed.f1"
"majority-vote",0.903138275670251,0.71806424548879,0.800037374760023
