"","bcubed.precision","bcubed.recall","bcubed.f1"
"majority-vote",0.909669525482885,0.857417520108959,0.882770988111678
