"","bcubed.precision","bcubed.recall","bcubed.f1"
"majority-vote",0.685998736131197,0.709957539737063,0.697772535409127
