"","bcubed.precision","bcubed.recall","bcubed.f1"
"majority-vote",0.966159617269661,0.825568502231763,0.890348194533087
