"","bcubed.precision","bcubed.recall","bcubed.f1"
"majority-vote",0.977264174763242,0.283729268891229,0.439777781898037
