"","bcubed.precision","bcubed.recall","bcubed.f1"
"majority-vote",0.962729577535091,0.730514011482061,0.830698489241958
