"","bcubed.precision","bcubed.recall","bcubed.f1"
"majority-vote",0.887715306152835,0.799276118706595,0.841177535300628
