"","bcubed.precision","bcubed.recall","bcubed.f1"
"majority-vote",0.889021261382885,0.475611598200124,0.619696088938395
