"","bcubed.precision","bcubed.recall","bcubed.f1"
"majority-vote",0.891212748412571,0.811885693553099,0.84970177004353
