"","bcubed.precision","bcubed.recall","bcubed.f1"
"majority-vote",0.967094199599843,0.664450244990104,0.787702694809671
