"","bcubed.precision","bcubed.recall","bcubed.f1"
"majority-vote",0.905281547596163,0.559625517048903,0.691673439736033
