"","bcubed.precision","bcubed.recall","bcubed.f1"
"majority-vote",0.950829033163304,0.787862669315951,0.861708489277251
