"","bcubed.precision","bcubed.recall","bcubed.f1"
"majority-vote",0.964381594498967,0.723702682839766,0.826884719666336
