"","bcubed.precision","bcubed.recall","bcubed.f1"
"majority-vote",0.661859595047495,0.920611880322241,0.770081250486525
