"","bcubed.precision","bcubed.recall","bcubed.f1"
"majority-vote",0.993141345734985,0.948083206334389,0.970089349430426
