"","bcubed.precision","bcubed.recall","bcubed.f1"
"majority-vote",0.944556431524179,0.437823959686381,0.598314963994832
