"","bcubed.precision","bcubed.recall","bcubed.f1"
"majority-vote",0.793651149359213,0.750349404156054,0.771393074534367
