"","bcubed.precision","bcubed.recall","bcubed.f1"
"majority-vote",0.999285544272676,0.75660419349397,0.861174385877173
