"","bcubed.precision","bcubed.recall","bcubed.f1"
"majority-vote",0.923683146285283,0.749397431317802,0.827462569877436
