"","bcubed.precision","bcubed.recall","bcubed.f1"
"majority-vote",0.859102193767535,0.671361430307393,0.753716806482888
