"","bcubed.precision","bcubed.recall","bcubed.f1"
"majority-vote",0.92974148963399,0.32476484777305,0.481380355516372
