"","bcubed.precision","bcubed.recall","bcubed.f1"
"majority-vote",0.923744391189426,0.634680202494029,0.752403779597838
