"","bcubed.precision","bcubed.recall","bcubed.f1"
"majority-vote",0.960921973101086,0.915033555719319,0.937416517936751
