"","bcubed.precision","bcubed.recall","bcubed.f1"
"majority-vote",0.83074144115926,0.702190491635831,0.761075855372445
