"","bcubed.precision","bcubed.recall","bcubed.f1"
"majority-vote",0.97113213276798,0.506593986659215,0.665846928255551
