"","bcubed.precision","bcubed.recall","bcubed.f1"
"majority-vote",0.971733418091469,0.686598100732697,0.804652521774613
