"","bcubed.precision","bcubed.recall","bcubed.f1"
"majority-vote",0.860762147856882,0.5217798974299,0.64971389007868
