"","bcubed.precision","bcubed.recall","bcubed.f1"
"majority-vote",0.679202636024978,0.448568768782155,0.540302917588909
