"","bcubed.precision","bcubed.recall","bcubed.f1"
"majority-vote",0.689528782819378,0.656687931289679,0.672707782051302
