"","bcubed.precision","bcubed.recall","bcubed.f1"
"majority-vote",0.995177706519068,0.903882021604906,0.94733538277198
