"","bcubed.precision","bcubed.recall","bcubed.f1"
"majority-vote",0.823276954842092,0.879458977812819,0.850441099264704
