"","bcubed.precision","bcubed.recall","bcubed.f1"
"majority-vote",0.926329840035635,0.73428240200391,0.819201114829631
