"","bcubed.precision","bcubed.recall","bcubed.f1"
"majority-vote",0.871599640097794,0.688309148410634,0.769186006836176
