"","bcubed.precision","bcubed.recall","bcubed.f1"
"majority-vote",0.706148684013464,0.926562937293057,0.801477971108662
