"","bcubed.precision","bcubed.recall","bcubed.f1"
"majority-vote",0.909075915842067,0.505826706582356,0.649988019325046
