"","bcubed.precision","bcubed.recall","bcubed.f1"
"majority-vote",0.997340226321075,0.422132382325317,0.593191588427001
