"","bcubed.precision","bcubed.recall","bcubed.f1"
"majority-vote",0.683525873870434,0.724313809677122,0.703328987670569
