"","bcubed.precision","bcubed.recall","bcubed.f1"
"majority-vote",0.884802072669858,0.390765143336949,0.542111469176896
