"","bcubed.precision","bcubed.recall","bcubed.f1"
"majority-vote",0.945002954117548,0.607759646345734,0.739758493692206
