"","bcubed.precision","bcubed.recall","bcubed.f1"
"majority-vote",0.974001901693091,0.762721410328075,0.855510027394079
