"","bcubed.precision","bcubed.recall","bcubed.f1"
"majority-vote",0.94337540046086,0.793984492891166,0.862257085370795
