"","bcubed.precision","bcubed.recall","bcubed.f1"
"majority-vote",0.989272678714502,0.682894449744283,0.808015909510739
