"","bcubed.precision","bcubed.recall","bcubed.f1"
"majority-vote",0.508372734816767,0.970046522703617,0.667124973024823
