"","bcubed.precision","bcubed.recall","bcubed.f1"
"majority-vote",0.997358055580915,0.98945933824064,0.993392995987326
