"","bcubed.precision","bcubed.recall","bcubed.f1"
"majority-vote",0.716679909066564,0.795264282713228,0.753929856561549
