"","bcubed.precision","bcubed.recall","bcubed.f1"
"majority-vote",0.913193808891551,0.858628787846735,0.885071106600762
