"","bcubed.precision","bcubed.recall","bcubed.f1"
"majority-vote",0.975141463752971,0.925602755456666,0.949726550987603
