"","bcubed.precision","bcubed.recall","bcubed.f1"
"majority-vote",0.997490148524976,0.526931605281149,0.689584865739516
