"","bcubed.precision","bcubed.recall","bcubed.f1"
"majority-vote",0.446818324209556,0.665131900593814,0.534543929345756
