"","bcubed.precision","bcubed.recall","bcubed.f1"
"majority-vote",0.861829556693777,0.783294613087873,0.820687534178948
