"","bcubed.precision","bcubed.recall","bcubed.f1"
"majority-vote",0.989533860289016,0.747468104703836,0.851634038414625
