"","bcubed.precision","bcubed.recall","bcubed.f1"
"majority-vote",0.878388802310553,0.458376026680592,0.602398208498201
