"","bcubed.precision","bcubed.recall","bcubed.f1"
"majority-vote",0.825913988017139,0.419096899235062,0.556040103676186
