"","bcubed.precision","bcubed.recall","bcubed.f1"
"majority-vote",0.861193846989525,0.444779222441662,0.586598818308523
