"","bcubed.precision","bcubed.recall","bcubed.f1"
"majority-vote",0.84492239798247,0.885692458277853,0.864827194815835
