"","bcubed.precision","bcubed.recall","bcubed.f1"
"majority-vote",0.979472817892182,0.827056785539005,0.896835168103677
