"","bcubed.precision","bcubed.recall","bcubed.f1"
"majority-vote",0.875977354245856,0.703274365542577,0.780182678059012
