"","bcubed.precision","bcubed.recall","bcubed.f1"
"majority-vote",0.89453065785249,0.574671438557678,0.699782856610521
