"","bcubed.precision","bcubed.recall","bcubed.f1"
"majority-vote",0.787129205646073,0.953313522052542,0.862287397801484
