"","bcubed.precision","bcubed.recall","bcubed.f1"
"majority-vote",0.736134477631493,0.853229421340416,0.790368517599442
