"","bcubed.precision","bcubed.recall","bcubed.f1"
"majority-vote",0.861051506744771,0.245227874008054,0.38173689952851
