"","bcubed.precision","bcubed.recall","bcubed.f1"
"majority-vote",0.901035901871134,0.707682974482812,0.792739833571362
