"","bcubed.precision","bcubed.recall","bcubed.f1"
"majority-vote",0.97734765340498,0.647492766955141,0.778938692625641
