"","bcubed.precision","bcubed.recall","bcubed.f1"
"majority-vote",0.953137460498054,0.982168257785604,0.967435119075443
