"","bcubed.precision","bcubed.recall","bcubed.f1"
"majority-vote",0.155310658802771,0.985407840229515,0.268329725493703
