"","bcubed.precision","bcubed.recall","bcubed.f1"
"majority-vote",0.997079720235295,0.998538725450668,0.997808689500493
