"","bcubed.precision","bcubed.recall","bcubed.f1"
"majority-vote",0.987845070657267,0.597521041795688,0.744633319856432
