"","bcubed.precision","bcubed.recall","bcubed.f1"
"majority-vote",0.85266211447499,0.565210294808499,0.679797987377424
