"","bcubed.precision","bcubed.recall","bcubed.f1"
"majority-vote",0.875894141189039,0.924020528449015,0.899313929553831
