"","bcubed.precision","bcubed.recall","bcubed.f1"
"majority-vote",0.961301565970792,0.93326637596135,0.947076543229786
