"","bcubed.precision","bcubed.recall","bcubed.f1"
"majority-vote",0.993226750760213,0.859463435004669,0.921516270238646
