"","bcubed.precision","bcubed.recall","bcubed.f1"
"majority-vote",0.966812503228742,0.647351852688752,0.775469812443023
