"","bcubed.precision","bcubed.recall","bcubed.f1"
"majority-vote",0.962851757967614,0.353836475509167,0.517498468984494
