"","bcubed.precision","bcubed.recall","bcubed.f1"
"majority-vote",0.924682903034415,0.763580559915921,0.836445145368248
