"","bcubed.precision","bcubed.recall","bcubed.f1"
"majority-vote",0.990602286985172,0.764559444941683,0.863025122891533
