"","bcubed.precision","bcubed.recall","bcubed.f1"
"majority-vote",0.886150888135941,0.224929836851064,0.358789006435467
