"","bcubed.precision","bcubed.recall","bcubed.f1"
"majority-vote",0.975269188168431,0.712833795819225,0.823652163335931
