"","bcubed.precision","bcubed.recall","bcubed.f1"
"majority-vote",0.784928192853129,0.349182693963332,0.48334487241825
