"","bcubed.precision","bcubed.recall","bcubed.f1"
"majority-vote",0.962890284777733,0.180230395469089,0.30362865411789
