"","bcubed.precision","bcubed.recall","bcubed.f1"
"majority-vote",0.938574296232182,0.880567532291624,0.908646086793782
