"","bcubed.precision","bcubed.recall","bcubed.f1"
"majority-vote",0.897660993021894,0.36640467781928,0.520395727098973
