"","bcubed.precision","bcubed.recall","bcubed.f1"
"majority-vote",0.987133557935658,0.844471161133502,0.91024642291533
