"","bcubed.precision","bcubed.recall","bcubed.f1"
"majority-vote",0.971811903289137,0.928615492920126,0.949722774359665
