"","bcubed.precision","bcubed.recall","bcubed.f1"
"majority-vote",0.809920190323672,0.347921037703591,0.486747692608277
