"","bcubed.precision","bcubed.recall","bcubed.f1"
"majority-vote",0.213781212814098,0.898419931389253,0.345378717779194
