"","bcubed.precision","bcubed.recall","bcubed.f1"
"majority-vote",0.86163268166741,0.118990879462167,0.209104562910667
