"","bcubed.precision","bcubed.recall","bcubed.f1"
"majority-vote",0.83018680888403,0.748635050066872,0.787304710420886
