"","bcubed.precision","bcubed.recall","bcubed.f1"
"majority-vote",0.567816209907509,0.948635978086988,0.710409322395611
