"","bcubed.precision","bcubed.recall","bcubed.f1"
"majority-vote",0.861743035912224,0.876934938548828,0.869272616715367
