"","bcubed.precision","bcubed.recall","bcubed.f1"
"majority-vote",0.909540502452398,0.452199847391221,0.604071218793423
