"","bcubed.precision","bcubed.recall","bcubed.f1"
"majority-vote",0.963338919065678,0.874480372633608,0.916761490884222
