"","bcubed.precision","bcubed.recall","bcubed.f1"
"majority-vote",0.920877409555028,0.559310569335232,0.695933861876556
