"","bcubed.precision","bcubed.recall","bcubed.f1"
"majority-vote",0.905126749277156,0.863516068393723,0.883831923692853
