"","bcubed.precision","bcubed.recall","bcubed.f1"
"majority-vote",0.96861754561204,0.922942909629678,0.945228785459352
