"","bcubed.precision","bcubed.recall","bcubed.f1"
"majority-vote",0.854826404721283,0.910411612973619,0.881743853388107
