"","bcubed.precision","bcubed.recall","bcubed.f1"
"majority-vote",0.630817956395689,0.587553034625747,0.608417316741873
