"","bcubed.precision","bcubed.recall","bcubed.f1"
"majority-vote",0.827495665729824,0.582820237222341,0.683933605501537
