"","bcubed.precision","bcubed.recall","bcubed.f1"
"majority-vote",0.827941416754136,0.868765203220024,0.847862187502558
