"","bcubed.precision","bcubed.recall","bcubed.f1"
"majority-vote",0.850130545239064,0.961933253262031,0.902582835941737
