"","bcubed.precision","bcubed.recall","bcubed.f1"
"majority-vote",0.957014975040574,0.750510256435926,0.841275479964241
