"","bcubed.precision","bcubed.recall","bcubed.f1"
"majority-vote",0.998353382030091,0.738110268885991,0.848730559795727
