"","bcubed.precision","bcubed.recall","bcubed.f1"
"majority-vote",0.867872682433619,0.642932953940108,0.7386574870084
