"","bcubed.precision","bcubed.recall","bcubed.f1"
"majority-vote",0.926269955255328,0.427962050062975,0.58543645018881
