"","bcubed.precision","bcubed.recall","bcubed.f1"
"majority-vote",0.886580168714513,0.517202831614432,0.653294381830949
