"","bcubed.precision","bcubed.recall","bcubed.f1"
"majority-vote",0.974304578611793,0.7541012323939,0.850175669139488
