"","bcubed.precision","bcubed.recall","bcubed.f1"
"majority-vote",0.83589431637552,0.731346863776968,0.780133516745328
