"","bcubed.precision","bcubed.recall","bcubed.f1"
"majority-vote",0.974150470774381,0.872949111262425,0.920777413376539
