"","bcubed.precision","bcubed.recall","bcubed.f1"
"majority-vote",0.996055559301463,0.25989508598758,0.41222948720805
