"","bcubed.precision","bcubed.recall","bcubed.f1"
"majority-vote",0.9275907287408,0.949346026693836,0.938342296487448
