"","bcubed.precision","bcubed.recall","bcubed.f1"
"majority-vote",0.888380915522114,0.464006134895103,0.609609792993536
