"","bcubed.precision","bcubed.recall","bcubed.f1"
"majority-vote",0.691561862749653,0.852147430719324,0.763502127011623
