"","bcubed.precision","bcubed.recall","bcubed.f1"
"majority-vote",0.847059732443596,0.991582348998814,0.913641091668918
