"","bcubed.precision","bcubed.recall","bcubed.f1"
"majority-vote",0.532722407070818,0.727476318915796,0.615050511809449
