"","bcubed.precision","bcubed.recall","bcubed.f1"
"majority-vote",0.747028639983483,0.725142443903681,0.735922855152595
