"","bcubed.precision","bcubed.recall","bcubed.f1"
"majority-vote",0.763753111076561,0.784789870728008,0.774128600048807
