"","bcubed.precision","bcubed.recall","bcubed.f1"
"majority-vote",0.953501407780108,0.796581127224278,0.868006178025782
