"","bcubed.precision","bcubed.recall","bcubed.f1"
"majority-vote",0.905528849703402,0.786670389469176,0.841925367157196
