"","bcubed.precision","bcubed.recall","bcubed.f1"
"majority-vote",0.938142072302756,0.690600637286575,0.795560292221952
