"","bcubed.precision","bcubed.recall","bcubed.f1"
"majority-vote",0.980320139992086,0.913613052134999,0.945791835626144
