"","bcubed.precision","bcubed.recall","bcubed.f1"
"majority-vote",0.965300889809202,0.882148943075194,0.921853621719445
