"","bcubed.precision","bcubed.recall","bcubed.f1"
"majority-vote",0.98691393188826,0.780308521289602,0.871534140421346
