"","bcubed.precision","bcubed.recall","bcubed.f1"
"majority-vote",0.836363173049894,0.841508423765133,0.838927909363747
