"","bcubed.precision","bcubed.recall","bcubed.f1"
"majority-vote",0.679797713469148,0.85082211790051,0.755755176385218
