"","bcubed.precision","bcubed.recall","bcubed.f1"
"majority-vote",0.994012730434126,0.86988501456254,0.927815681745553
