"","bcubed.precision","bcubed.recall","bcubed.f1"
"majority-vote",0.730642099029709,0.688725489826915,0.709064856057147
