"","bcubed.precision","bcubed.recall","bcubed.f1"
"majority-vote",0.934240405090422,0.813360643398289,0.869619960036242
