"","bcubed.precision","bcubed.recall","bcubed.f1"
"majority-vote",0.993888597281387,0.930374881199675,0.961083548029811
