"","bcubed.precision","bcubed.recall","bcubed.f1"
"majority-vote",0.916208325604911,0.973956093210629,0.944200062693376
