"","bcubed.precision","bcubed.recall","bcubed.f1"
"majority-vote",0.941033862171699,0.486309182353681,0.641238152012739
