"","bcubed.precision","bcubed.recall","bcubed.f1"
"majority-vote",0.829043992939124,0.788993486564074,0.808523064255444
