"","bcubed.precision","bcubed.recall","bcubed.f1"
"majority-vote",0.89203533774202,0.636072281365089,0.742616482296427
