"","bcubed.precision","bcubed.recall","bcubed.f1"
"majority-vote",0.963447181784876,0.346997327165324,0.51022930717171
