"","bcubed.precision","bcubed.recall","bcubed.f1"
"majority-vote",0.982667794500789,0.905283301464391,0.942389606541814
