"","bcubed.precision","bcubed.recall","bcubed.f1"
"majority-vote",0.998220618445013,0.859519537573649,0.923692284502377
