"","bcubed.precision","bcubed.recall","bcubed.f1"
"majority-vote",0.936419735230854,0.796563388316888,0.860848172202922
