"","bcubed.precision","bcubed.recall","bcubed.f1"
"majority-vote",0.774496793538768,0.93393273997621,0.846775238079914
