"","bcubed.precision","bcubed.recall","bcubed.f1"
"majority-vote",0.726297214300264,0.942202305341815,0.820280619348149
