"","bcubed.precision","bcubed.recall","bcubed.f1"
"majority-vote",0.970398087168547,0.906814506667281,0.937529468506834
