"","bcubed.precision","bcubed.recall","bcubed.f1"
"majority-vote",0.955762387979888,0.596762425553839,0.73475551042021
