"","bcubed.precision","bcubed.recall","bcubed.f1"
"majority-vote",0.956439335946119,0.991252089295495,0.973534593574931
