"","bcubed.precision","bcubed.recall","bcubed.f1"
"majority-vote",0.978028492783921,0.51915411392987,0.678270657557093
