"","bcubed.precision","bcubed.recall","bcubed.f1"
"majority-vote",0.871881194762173,0.917874582303476,0.894286916366501
