"","bcubed.precision","bcubed.recall","bcubed.f1"
"majority-vote",0.995041453771532,0.525145580180541,0.68747017291165
