"","bcubed.precision","bcubed.recall","bcubed.f1"
"majority-vote",0.972022026857308,0.955872094370064,0.963879416774621
