"","bcubed.precision","bcubed.recall","bcubed.f1"
"majority-vote",0.932324841125881,0.51970497973084,0.667388308008718
