"","bcubed.precision","bcubed.recall","bcubed.f1"
"majority-vote",0.991487859826298,0.60860385684059,0.754235934372417
