"","bcubed.precision","bcubed.recall","bcubed.f1"
"majority-vote",0.798840862845582,0.729552089473018,0.762625893768106
