"","bcubed.precision","bcubed.recall","bcubed.f1"
"majority-vote",0.938079570131365,0.903140562261698,0.920278564750985
