"","bcubed.precision","bcubed.recall","bcubed.f1"
"majority-vote",0.935632895044783,0.252350425487473,0.397492717421054
