"","bcubed.precision","bcubed.recall","bcubed.f1"
"majority-vote",0.917877467968079,0.587222959341635,0.716229579466207
