"","bcubed.precision","bcubed.recall","bcubed.f1"
"majority-vote",0.742894684719692,0.61415564820797,0.672418635585861
