"","bcubed.precision","bcubed.recall","bcubed.f1"
"majority-vote",0.984467442934987,0.608422049783262,0.752056815383034
