"","bcubed.precision","bcubed.recall","bcubed.f1"
"majority-vote",0.999285025674484,0.986568051953025,0.992885820438751
