"","bcubed.precision","bcubed.recall","bcubed.f1"
"majority-vote",0.97158045550836,0.612237542490712,0.75114442589229
