"","bcubed.precision","bcubed.recall","bcubed.f1"
"majority-vote",0.976061035315724,0.136652315336379,0.239740091744831
