"","bcubed.precision","bcubed.recall","bcubed.f1"
"majority-vote",0.905242982799775,0.759309509921302,0.825879158074198
