"","bcubed.precision","bcubed.recall","bcubed.f1"
"majority-vote",0.63175299959387,0.86823879859069,0.73135395278469
