"","bcubed.precision","bcubed.recall","bcubed.f1"
"majority-vote",0.776186075433604,0.609858971167591,0.683042795123164
