"","bcubed.precision","bcubed.recall","bcubed.f1"
"majority-vote",0.996008171721549,0.48718791727829,0.654320963184837
