"","bcubed.precision","bcubed.recall","bcubed.f1"
"majority-vote",0.771224120311862,0.244134751605436,0.370869087279306
