"","bcubed.precision","bcubed.recall","bcubed.f1"
"majority-vote",0.999605863305047,0.437131262207739,0.608265722347554
