"","bcubed.precision","bcubed.recall","bcubed.f1"
"majority-vote",0.749422897648929,0.830363304470426,0.787819608631512
