"","bcubed.precision","bcubed.recall","bcubed.f1"
"majority-vote",0.700612737363877,0.337623771907293,0.455664028230208
