"","bcubed.precision","bcubed.recall","bcubed.f1"
"majority-vote",0.858008333211731,0.735722790904969,0.792174132735369
