"","bcubed.precision","bcubed.recall","bcubed.f1"
"majority-vote",0.820005258006656,0.989724353697172,0.896906553067707
