"","bcubed.precision","bcubed.recall","bcubed.f1"
"majority-vote",0.423332293154445,0.469235728588876,0.445103638433173
