"","bcubed.precision","bcubed.recall","bcubed.f1"
"majority-vote",0.952093164318849,0.465048391261342,0.624876735360608
