"","bcubed.precision","bcubed.recall","bcubed.f1"
"majority-vote",0.947369422978675,0.535519818735048,0.684252184717933
