"","bcubed.precision","bcubed.recall","bcubed.f1"
"majority-vote",0.515128279302234,0.482160605139128,0.498099531133893
