"","bcubed.precision","bcubed.recall","bcubed.f1"
"majority-vote",0.908807008914574,0.619997557763012,0.73712250510797
