"","bcubed.precision","bcubed.recall","bcubed.f1"
"majority-vote",0.583836659113025,0.41851205041792,0.487540264163919
