"","bcubed.precision","bcubed.recall","bcubed.f1"
"majority-vote",0.96095671745351,0.792201777536635,0.868457269411594
