"","bcubed.precision","bcubed.recall","bcubed.f1"
"majority-vote",0.975131785232199,0.790673983879992,0.873268563195599
