"","bcubed.precision","bcubed.recall","bcubed.f1"
"majority-vote",0.978426318710565,0.377662170952126,0.544971232272372
