"","bcubed.precision","bcubed.recall","bcubed.f1"
"majority-vote",0.845377598443447,0.44340588304885,0.581704228725053
