"","bcubed.precision","bcubed.recall","bcubed.f1"
"majority-vote",0.49100531441239,0.900131134306553,0.635407362116874
