"","bcubed.precision","bcubed.recall","bcubed.f1"
"majority-vote",0.116675688467262,0.789243445076526,0.20329744435876
