"","bcubed.precision","bcubed.recall","bcubed.f1"
"majority-vote",0.803327110044274,0.612144299634691,0.69482450552236
