"","bcubed.precision","bcubed.recall","bcubed.f1"
"majority-vote",0.823440283858409,0.946408051202106,0.88065231227974
