"","bcubed.precision","bcubed.recall","bcubed.f1"
"majority-vote",0.963269710739563,0.776251998969419,0.859707624612946
