"","bcubed.precision","bcubed.recall","bcubed.f1"
"majority-vote",0.959114276507129,0.0665419045670376,0.124449677843078
