"","bcubed.precision","bcubed.recall","bcubed.f1"
"majority-vote",0.960590031489527,0.937491974817965,0.94890046122241
