"","bcubed.precision","bcubed.recall","bcubed.f1"
"majority-vote",0.971959796836828,0.779212727107922,0.864978674090231
