"","bcubed.precision","bcubed.recall","bcubed.f1"
"majority-vote",0.284706017801611,0.952024813588771,0.438328513603009
