"","bcubed.precision","bcubed.recall","bcubed.f1"
"majority-vote",0.952690812458325,0.603623979048515,0.739011184828836
