"","bcubed.precision","bcubed.recall","bcubed.f1"
"majority-vote",0.0826400701599461,0.999313308434688,0.152655971236171
