"","bcubed.precision","bcubed.recall","bcubed.f1"
"majority-vote",0.829216689099714,0.530790841438322,0.647262039744459
