"","bcubed.precision","bcubed.recall","bcubed.f1"
"majority-vote",0.649071379636441,0.951798688640794,0.771811904306588
