"","bcubed.precision","bcubed.recall","bcubed.f1"
"majority-vote",0.909068421696347,0.801685219168738,0.85200662383917
