"","bcubed.precision","bcubed.recall","bcubed.f1"
"majority-vote",0.884525052302941,0.967893501227778,0.924333270324244
