"","bcubed.precision","bcubed.recall","bcubed.f1"
"majority-vote",0.949702487605932,0.650850678892206,0.772376103139785
