"","bcubed.precision","bcubed.recall","bcubed.f1"
"majority-vote",0.937040456515525,0.565781990333056,0.705553228356013
