"","bcubed.precision","bcubed.recall","bcubed.f1"
"majority-vote",0.923153899630813,0.488435228051065,0.638855707585222
