"","bcubed.precision","bcubed.recall","bcubed.f1"
"majority-vote",0.795510879012819,0.796398962214514,0.795954672894935
