"","bcubed.precision","bcubed.recall","bcubed.f1"
"majority-vote",0.687810636934381,0.708396562578018,0.697951838493704
