"","bcubed.precision","bcubed.recall","bcubed.f1"
"majority-vote",0.904591401759854,0.423774838463444,0.577164735971854
