"","bcubed.precision","bcubed.recall","bcubed.f1"
"majority-vote",0.970722813748583,0.401392880350955,0.567942233892504
