"","bcubed.precision","bcubed.recall","bcubed.f1"
"majority-vote",0.938054168219227,0.518867665149387,0.668156609228897
