"","bcubed.precision","bcubed.recall","bcubed.f1"
"majority-vote",0.974275411718794,0.358926809038285,0.52459193242884
