"","bcubed.precision","bcubed.recall","bcubed.f1"
"majority-vote",0.861375109604793,0.711494415004267,0.779293603339192
