"","bcubed.precision","bcubed.recall","bcubed.f1"
"majority-vote",0.922725274725275,0.636581667843485,0.753398805982744
