"","bcubed.precision","bcubed.recall","bcubed.f1"
"majority-vote",0.818070770697449,0.705713749072405,0.757749908999791
