"","bcubed.precision","bcubed.recall","bcubed.f1"
"majority-vote",0.707305370969502,0.907379982347601,0.794947119209584
