"","bcubed.precision","bcubed.recall","bcubed.f1"
"majority-vote",0.956765708731905,0.836609395869106,0.892662309760966
