"","bcubed.precision","bcubed.recall","bcubed.f1"
"majority-vote",0.743130484822328,0.883934866389245,0.807440150233748
