"","bcubed.precision","bcubed.recall","bcubed.f1"
"majority-vote",0.825716176102044,0.448023546408737,0.580872658685837
