"","bcubed.precision","bcubed.recall","bcubed.f1"
"majority-vote",0.625658891930268,0.632069168797073,0.628847694698278
