"","bcubed.precision","bcubed.recall","bcubed.f1"
"majority-vote",0.964416541362963,0.584361008521344,0.727757737433146
