"","bcubed.precision","bcubed.recall","bcubed.f1"
"majority-vote",0.853953318635835,0.886067489835464,0.869714051460206
