"","bcubed.precision","bcubed.recall","bcubed.f1"
"majority-vote",0.866095227814837,0.593683864990206,0.704472018859578
