"","bcubed.precision","bcubed.recall","bcubed.f1"
"majority-vote",0.986441337406869,0.521547081223737,0.682333622681511
