"","bcubed.precision","bcubed.recall","bcubed.f1"
"majority-vote",0.800211637366895,0.690701638541198,0.741434794418077
