"","bcubed.precision","bcubed.recall","bcubed.f1"
"majority-vote",0.357332285713732,0.919583469740404,0.514672736620808
