"","bcubed.precision","bcubed.recall","bcubed.f1"
"majority-vote",0.571257952970837,0.688434037427946,0.624396157114625
