"","bcubed.precision","bcubed.recall","bcubed.f1"
"majority-vote",0.85463404036976,0.626219252674382,0.722810682981661
