"","bcubed.precision","bcubed.recall","bcubed.f1"
"majority-vote",0.960043914136307,0.635726195570047,0.764928558821497
