"","bcubed.precision","bcubed.recall","bcubed.f1"
"majority-vote",0.955684281013202,0.995432823180691,0.975153669529661
