"","bcubed.precision","bcubed.recall","bcubed.f1"
"majority-vote",0.751324690979904,0.595515010011924,0.664407398358712
