"","bcubed.precision","bcubed.recall","bcubed.f1"
"majority-vote",0.862756582771789,0.744952035074945,0.79953825584509
