"","bcubed.precision","bcubed.recall","bcubed.f1"
"majority-vote",0.937856528064247,0.491206998681611,0.644732276378811
