"","bcubed.precision","bcubed.recall","bcubed.f1"
"majority-vote",0.782278977642565,0.586156953418786,0.670164019886395
