"","bcubed.precision","bcubed.recall","bcubed.f1"
"majority-vote",0.82412705722321,0.336209918383282,0.47758486796759
