"","bcubed.precision","bcubed.recall","bcubed.f1"
"majority-vote",0.796602949853042,0.649708005685233,0.715695766377395
