"","bcubed.precision","bcubed.recall","bcubed.f1"
"majority-vote",0.998548961832582,0.598324876094492,0.748282888319256
