"","bcubed.precision","bcubed.recall","bcubed.f1"
"majority-vote",0.811009364569518,0.784960323691422,0.797772260979405
