"","bcubed.precision","bcubed.recall","bcubed.f1"
"majority-vote",0.933683934199095,0.907810923956012,0.920565671128006
