"","bcubed.precision","bcubed.recall","bcubed.f1"
"majority-vote",0.945492945786039,0.973499296860215,0.959291754759506
