"","bcubed.precision","bcubed.recall","bcubed.f1"
"majority-vote",0.921211525750687,0.605584045709431,0.730773671533185
