"","bcubed.precision","bcubed.recall","bcubed.f1"
"majority-vote",0.996648188603686,0.484266159036376,0.651817562541403
