"","bcubed.precision","bcubed.recall","bcubed.f1"
"majority-vote",0.936767158941206,0.313408135862063,0.469678852623246
