"","bcubed.precision","bcubed.recall","bcubed.f1"
"majority-vote",0.916480574695714,0.823309163543443,0.867400052744557
