"","bcubed.precision","bcubed.recall","bcubed.f1"
"majority-vote",0.741433636363992,0.885733817313848,0.807185325071758
