"","bcubed.precision","bcubed.recall","bcubed.f1"
"majority-vote",0.81691593650199,0.863529920065358,0.839576414307888
