"","bcubed.precision","bcubed.recall","bcubed.f1"
"majority-vote",0.907516740976874,0.749398306506754,0.820912948853303
