"","bcubed.precision","bcubed.recall","bcubed.f1"
"majority-vote",0.799628149261167,0.440809780514008,0.568321720108195
