"","bcubed.precision","bcubed.recall","bcubed.f1"
"majority-vote",0.959170454966117,0.597065652589818,0.735990806097697
