"","bcubed.precision","bcubed.recall","bcubed.f1"
"majority-vote",0.96320369790863,0.230654811341864,0.372184082960346
