"","bcubed.precision","bcubed.recall","bcubed.f1"
"majority-vote",0.952167501900994,0.698211027458707,0.805650143877007
