"","bcubed.precision","bcubed.recall","bcubed.f1"
"majority-vote",0.826912281049899,0.796894061386373,0.811625707862988
