"","bcubed.precision","bcubed.recall","bcubed.f1"
"majority-vote",0.819754549635456,0.596077519693477,0.690247479612109
