"","bcubed.precision","bcubed.recall","bcubed.f1"
"majority-vote",0.903156778252213,0.376662034225948,0.531614109754676
