"","bcubed.precision","bcubed.recall","bcubed.f1"
"majority-vote",0.997686242931909,0.82121778435902,0.900891606827994
