"","bcubed.precision","bcubed.recall","bcubed.f1"
"majority-vote",0.832359534046941,0.778756777343701,0.804666458582619
