"","bcubed.precision","bcubed.recall","bcubed.f1"
"majority-vote",0.958338937539791,0.726108993902941,0.826215531825941
