"","bcubed.precision","bcubed.recall","bcubed.f1"
"majority-vote",0.873626239141548,0.833360190427966,0.853018297512153
