"","bcubed.precision","bcubed.recall","bcubed.f1"
"majority-vote",0.909431181691808,0.9434557938818,0.926131090363232
