"","bcubed.precision","bcubed.recall","bcubed.f1"
"majority-vote",0.872352854810756,0.844587028010775,0.858245431180209
