"","bcubed.precision","bcubed.recall","bcubed.f1"
"majority-vote",0.941290819624493,0.480109889123287,0.635884065994052
