"","bcubed.precision","bcubed.recall","bcubed.f1"
"majority-vote",0.873777198272424,0.629751902574688,0.731961692964124
