"","bcubed.precision","bcubed.recall","bcubed.f1"
"majority-vote",0.793554917048449,0.788189886494934,0.790863303100156
