"","bcubed.precision","bcubed.recall","bcubed.f1"
"majority-vote",0.885232595314511,0.611563810157661,0.723379902419685
