"","bcubed.precision","bcubed.recall","bcubed.f1"
"majority-vote",0.973590156073609,0.678152885539718,0.799449983490768
