"","bcubed.precision","bcubed.recall","bcubed.f1"
"majority-vote",0.884800584483889,0.811700472988547,0.846675632488115
