"","bcubed.precision","bcubed.recall","bcubed.f1"
"majority-vote",0.903032326696013,0.46445711151769,0.613415759338077
