"","bcubed.precision","bcubed.recall","bcubed.f1"
"majority-vote",0.961587695803782,0.646981674395117,0.773519164339113
