"","bcubed.precision","bcubed.recall","bcubed.f1"
"majority-vote",0.934471495590466,0.913361548456528,0.923795940277913
