"","bcubed.precision","bcubed.recall","bcubed.f1"
"majority-vote",0.991211063183398,0.742030250214807,0.84870881803252
