"","bcubed.precision","bcubed.recall","bcubed.f1"
"majority-vote",0.999592589357615,0.514857206763724,0.679649401091333
