"","bcubed.precision","bcubed.recall","bcubed.f1"
"majority-vote",0.711134252525282,0.969099265405128,0.820314169872689
