"","bcubed.precision","bcubed.recall","bcubed.f1"
"majority-vote",0.837730966751613,0.559611171382036,0.670993301945407
