"","bcubed.precision","bcubed.recall","bcubed.f1"
"majority-vote",0.978024205365114,0.636726365468045,0.771306490141807
