"","bcubed.precision","bcubed.recall","bcubed.f1"
"majority-vote",0.860136730645186,0.466448325227969,0.604875406518781
