"","bcubed.precision","bcubed.recall","bcubed.f1"
"majority-vote",0.990731414107858,0.696523834300137,0.817977059448609
