"","bcubed.precision","bcubed.recall","bcubed.f1"
"majority-vote",0.998451821350627,0.512761608921519,0.677558513034351
