"","bcubed.precision","bcubed.recall","bcubed.f1"
"majority-vote",0.956466881974571,0.726491821195496,0.825766390690415
