"","bcubed.precision","bcubed.recall","bcubed.f1"
"majority-vote",0.638166964927797,0.897317013472797,0.745873070798807
