"","bcubed.precision","bcubed.recall","bcubed.f1"
"majority-vote",0.842336850565198,0.630775188921559,0.721364257176218
