"","bcubed.precision","bcubed.recall","bcubed.f1"
"majority-vote",0.723495172926955,0.895313909058721,0.800286208752663
