"","bcubed.precision","bcubed.recall","bcubed.f1"
"majority-vote",0.421630566233183,0.338455157947228,0.375491961893392
