"","bcubed.precision","bcubed.recall","bcubed.f1"
"majority-vote",0.984857560268693,0.525571965637785,0.685385865339208
