"","bcubed.precision","bcubed.recall","bcubed.f1"
"majority-vote",0.823541550358745,0.653227077962166,0.728563202392694
