"","bcubed.precision","bcubed.recall","bcubed.f1"
"majority-vote",0.954702722268156,0.661128218737793,0.781246223449987
