"","bcubed.precision","bcubed.recall","bcubed.f1"
"majority-vote",0.734379523566897,0.70079851686364,0.717196147700697
