"","bcubed.precision","bcubed.recall","bcubed.f1"
"majority-vote",0.908887401892374,0.535351640726971,0.673814164387469
