"","bcubed.precision","bcubed.recall","bcubed.f1"
"majority-vote",0.592641790008823,0.935403205878417,0.725579458463388
