"","bcubed.precision","bcubed.recall","bcubed.f1"
"majority-vote",0.933355063280795,0.26081949363315,0.407707890903217
