"","bcubed.precision","bcubed.recall","bcubed.f1"
"majority-vote",0.986183622294945,0.417276114074084,0.586423477654417
