"","bcubed.precision","bcubed.recall","bcubed.f1"
"majority-vote",0.940640192513711,0.343610662933902,0.503350258652164
