"","bcubed.precision","bcubed.recall","bcubed.f1"
"majority-vote",0.999243670867244,0.601818144975857,0.751205189492974
