"","bcubed.precision","bcubed.recall","bcubed.f1"
"majority-vote",0.852346774875342,0.537275792047122,0.659093050833437
