"","bcubed.precision","bcubed.recall","bcubed.f1"
"majority-vote",0.901107164763236,0.528433440952334,0.66619326214142
