"","bcubed.precision","bcubed.recall","bcubed.f1"
"majority-vote",0.94820968519272,0.723886701910206,0.821000974618124
