"","bcubed.precision","bcubed.recall","bcubed.f1"
"majority-vote",0.921222927037568,0.491905899244992,0.641349866907193
