"","bcubed.precision","bcubed.recall","bcubed.f1"
"majority-vote",0.67811100786251,0.678954309230105,0.678532396526054
