"","bcubed.precision","bcubed.recall","bcubed.f1"
"majority-vote",0.875446846396002,0.81263560187744,0.842872663785298
