"","bcubed.precision","bcubed.recall","bcubed.f1"
"majority-vote",0.857256665678996,0.741312379723265,0.795079800520238
