"","bcubed.precision","bcubed.recall","bcubed.f1"
"majority-vote",0.9995430912242,0.788128697102933,0.881334705093651
