"","bcubed.precision","bcubed.recall","bcubed.f1"
"majority-vote",0.856562480102844,0.882609045470339,0.869390720619253
