"","bcubed.precision","bcubed.recall","bcubed.f1"
"majority-vote",0.923887377743147,0.705779445296007,0.800238075367476
