"","bcubed.precision","bcubed.recall","bcubed.f1"
"majority-vote",0.90821621743371,0.740772675461248,0.815993073312375
