"","bcubed.precision","bcubed.recall","bcubed.f1"
"majority-vote",0.95333311342474,0.697574692178652,0.805642872223164
