"","bcubed.precision","bcubed.recall","bcubed.f1"
"majority-vote",0.808564004396775,0.421595732871222,0.55421604801342
