"","bcubed.precision","bcubed.recall","bcubed.f1"
"majority-vote",0.994367775628179,0.893170530516487,0.941056391592246
