"","bcubed.precision","bcubed.recall","bcubed.f1"
"majority-vote",0.996711932647813,0.476169441332626,0.644456196571841
