"","bcubed.precision","bcubed.recall","bcubed.f1"
"majority-vote",0.933655126871874,0.779778529992805,0.849807308775065
