"","bcubed.precision","bcubed.recall","bcubed.f1"
"majority-vote",0.996836435961683,0.325517987783878,0.490773403797129
