"","bcubed.precision","bcubed.recall","bcubed.f1"
"majority-vote",0.95441560667332,0.700641974776616,0.808072955179468
