"","bcubed.precision","bcubed.recall","bcubed.f1"
"majority-vote",0.405460733246645,0.873910699520709,0.553922752915164
