"","bcubed.precision","bcubed.recall","bcubed.f1"
"majority-vote",0.959439965798421,0.419842860398159,0.584091981674121
