"","bcubed.precision","bcubed.recall","bcubed.f1"
"majority-vote",0.984476190707949,0.383999314834914,0.552495358772496
