"","bcubed.precision","bcubed.recall","bcubed.f1"
"majority-vote",0.961685131557715,0.849845651210833,0.902313043380244
