"","bcubed.precision","bcubed.recall","bcubed.f1"
"majority-vote",0.616281485854428,0.744117127587283,0.674192996829115
