"","bcubed.precision","bcubed.recall","bcubed.f1"
"majority-vote",0.793250905941735,0.496547252389932,0.610772399164655
