"","bcubed.precision","bcubed.recall","bcubed.f1"
"majority-vote",0.897705259809915,0.544050906019409,0.677503410789353
