"","bcubed.precision","bcubed.recall","bcubed.f1"
"majority-vote",0.808243891345232,0.796326510825657,0.802240945015952
