"","bcubed.precision","bcubed.recall","bcubed.f1"
"majority-vote",0.587835701428108,0.704300238463083,0.640819300681001
