"","bcubed.precision","bcubed.recall","bcubed.f1"
"majority-vote",0.883155719855284,0.673492730168237,0.764204604989704
