"","bcubed.precision","bcubed.recall","bcubed.f1"
"majority-vote",0.855652895832493,0.676643371661819,0.755691797585674
