"","bcubed.precision","bcubed.recall","bcubed.f1"
"majority-vote",0.986145663277079,0.586780972286834,0.735764145677037
