"","bcubed.precision","bcubed.recall","bcubed.f1"
"majority-vote",0.970984693395248,0.960025381109824,0.965473937848303
