"","bcubed.precision","bcubed.recall","bcubed.f1"
"majority-vote",0.994753440438276,0.537473868947604,0.697878150332134
