"","bcubed.precision","bcubed.recall","bcubed.f1"
"majority-vote",0.957540618741558,0.860589610683893,0.906480179428313
