"","bcubed.precision","bcubed.recall","bcubed.f1"
"majority-vote",0.778775630413295,0.193131254457626,0.309506840179908
