"","bcubed.precision","bcubed.recall","bcubed.f1"
"majority-vote",0.94829677879571,0.334607169191808,0.494669770413131
