"","bcubed.precision","bcubed.recall","bcubed.f1"
"majority-vote",0.823712326771884,0.365744605966001,0.506564520484256
