"","bcubed.precision","bcubed.recall","bcubed.f1"
"majority-vote",0.957767276024752,0.534433504589365,0.686051004069654
