"","bcubed.precision","bcubed.recall","bcubed.f1"
"majority-vote",0.970909527677362,0.64672854571391,0.776335469822588
