"","bcubed.precision","bcubed.recall","bcubed.f1"
"majority-vote",0.929615114869392,0.723026826423303,0.81340869973735
