"","bcubed.precision","bcubed.recall","bcubed.f1"
"majority-vote",0.990924395235638,0.519864302616958,0.681956676545865
