"","bcubed.precision","bcubed.recall","bcubed.f1"
"majority-vote",0.975711511431225,0.542615336362254,0.697394017285784
