"","bcubed.precision","bcubed.recall","bcubed.f1"
"majority-vote",0.685711489629738,0.858302411989304,0.762360785561368
