"","bcubed.precision","bcubed.recall","bcubed.f1"
"majority-vote",0.988591997936792,0.832928812387629,0.904109087428707
