"","bcubed.precision","bcubed.recall","bcubed.f1"
"majority-vote",0.623944525768862,0.688490954636657,0.654630522567383
