"","bcubed.precision","bcubed.recall","bcubed.f1"
"majority-vote",0.781309218024869,0.938142373402431,0.852573329558652
