"","bcubed.precision","bcubed.recall","bcubed.f1"
"majority-vote",0.967455484462603,0.896033161693918,0.930375613856395
