"","bcubed.precision","bcubed.recall","bcubed.f1"
"majority-vote",0.994149111658228,0.586853612249486,0.738037940692762
