"","bcubed.precision","bcubed.recall","bcubed.f1"
"majority-vote",0.823535371974029,0.692620858751717,0.752426122044206
