"","bcubed.precision","bcubed.recall","bcubed.f1"
"majority-vote",0.824242642124659,0.637775195720466,0.719117782006016
