"","bcubed.precision","bcubed.recall","bcubed.f1"
"majority-vote",0.868724279339837,0.840059802176666,0.854151620608062
