"","bcubed.precision","bcubed.recall","bcubed.f1"
"majority-vote",0.987270242249625,0.599299755059512,0.745848989154256
