"","bcubed.precision","bcubed.recall","bcubed.f1"
"majority-vote",0.957969426787514,0.609074725855108,0.744682228658616
