"","bcubed.precision","bcubed.recall","bcubed.f1"
"majority-vote",0.702361877107668,0.654738261839799,0.67771446100753
