"","bcubed.precision","bcubed.recall","bcubed.f1"
"majority-vote",0.949829213648217,0.452370276114909,0.612857880461269
