"","bcubed.precision","bcubed.recall","bcubed.f1"
"majority-vote",0.869513640515963,0.716910497674957,0.785872380217709
