"","bcubed.precision","bcubed.recall","bcubed.f1"
"majority-vote",0.969248457410652,0.358806912929655,0.523732751859934
