"","bcubed.precision","bcubed.recall","bcubed.f1"
"majority-vote",0.970982511459159,0.267038640231664,0.418877899129035
