"","bcubed.precision","bcubed.recall","bcubed.f1"
"majority-vote",0.885921975586615,0.587323632210302,0.706362754184002
