"","bcubed.precision","bcubed.recall","bcubed.f1"
"majority-vote",0.977315155235931,0.631293644764526,0.76708873709049
