"","bcubed.precision","bcubed.recall","bcubed.f1"
"majority-vote",0.79050340215115,0.880115614309455,0.83290610311855
