"","bcubed.precision","bcubed.recall","bcubed.f1"
"majority-vote",0.291663667633451,0.972608726966285,0.448755552507493
