"","bcubed.precision","bcubed.recall","bcubed.f1"
"majority-vote",0.794871595534782,0.771668118444714,0.783098012846805
