"","bcubed.precision","bcubed.recall","bcubed.f1"
"majority-vote",0.976909794394889,0.581444457475418,0.728998281003993
