"","bcubed.precision","bcubed.recall","bcubed.f1"
"majority-vote",0.921670037205414,0.850459897431262,0.884634235883937
