"","bcubed.precision","bcubed.recall","bcubed.f1"
"majority-vote",0.958612445196352,0.503420468602301,0.660156309497702
