"","bcubed.precision","bcubed.recall","bcubed.f1"
"majority-vote",0.857809423225092,0.879333385678634,0.868438058777193
