"","bcubed.precision","bcubed.recall","bcubed.f1"
"majority-vote",0.975653805623792,0.669677912304897,0.794215289917345
