"","bcubed.precision","bcubed.recall","bcubed.f1"
"majority-vote",0.968449636423557,0.702877332550279,0.814563888209876
