"","bcubed.precision","bcubed.recall","bcubed.f1"
"majority-vote",0.997844329940122,0.899271362580417,0.945996950809242
