"","bcubed.precision","bcubed.recall","bcubed.f1"
"majority-vote",0.993574595582669,0.603639186633891,0.751008496690145
