"","bcubed.precision","bcubed.recall","bcubed.f1"
"majority-vote",0.986520728208517,0.320804436201366,0.484164513358467
