"","bcubed.precision","bcubed.recall","bcubed.f1"
"majority-vote",0.992326459544459,0.502897656080708,0.667510168351081
