"","bcubed.precision","bcubed.recall","bcubed.f1"
"majority-vote",0.359337476046157,0.945927560101323,0.52082483259117
