"","bcubed.precision","bcubed.recall","bcubed.f1"
"majority-vote",0.931617910180712,0.727819519637494,0.817204297901962
