"","bcubed.precision","bcubed.recall","bcubed.f1"
"majority-vote",0.659213746994028,0.796200751260077,0.721260481089391
