"","bcubed.precision","bcubed.recall","bcubed.f1"
"majority-vote",0.995503192101122,0.103331572813541,0.18722907913948
