"","bcubed.precision","bcubed.recall","bcubed.f1"
"majority-vote",0.876392837626168,0.818770209065869,0.846602158166758
