"","bcubed.precision","bcubed.recall","bcubed.f1"
"majority-vote",0.642709687155847,0.649873957430025,0.646271967961351
