"","bcubed.precision","bcubed.recall","bcubed.f1"
"majority-vote",0.913080136232813,0.745080513577881,0.820569728174138
