"","bcubed.precision","bcubed.recall","bcubed.f1"
"majority-vote",0.97068738891004,0.261112462273571,0.411525580186848
