"","bcubed.precision","bcubed.recall","bcubed.f1"
"majority-vote",0.972635924150814,0.541161242057641,0.695407385524007
