"","bcubed.precision","bcubed.recall","bcubed.f1"
"majority-vote",0.679060656608279,0.753771819882447,0.714468432758901
