"","bcubed.precision","bcubed.recall","bcubed.f1"
"majority-vote",0.995997127067174,0.278200141152458,0.434919377475497
