"","bcubed.precision","bcubed.recall","bcubed.f1"
"majority-vote",0.99293560575826,0.48079390210885,0.647876536212203
