"","bcubed.precision","bcubed.recall","bcubed.f1"
"majority-vote",0.966491913178578,0.592155513202089,0.734372001220184
