"","bcubed.precision","bcubed.recall","bcubed.f1"
"majority-vote",0.925203491751878,0.674906928322132,0.780478945524634
