"","bcubed.precision","bcubed.recall","bcubed.f1"
"majority-vote",0.983202801728392,0.058642779733712,0.110683860182832
