"","bcubed.precision","bcubed.recall","bcubed.f1"
"majority-vote",0.983477553470498,0.938291930288164,0.960353528182884
