"","bcubed.precision","bcubed.recall","bcubed.f1"
"majority-vote",0.83889563468808,0.839869692047317,0.839382380782717
