"","bcubed.precision","bcubed.recall","bcubed.f1"
"majority-vote",0.960776976371009,0.510141208795457,0.666429898075238
