"","bcubed.precision","bcubed.recall","bcubed.f1"
"majority-vote",0.960726618000293,0.228052758178063,0.368607261331185
