"","bcubed.precision","bcubed.recall","bcubed.f1"
"majority-vote",0.890500026744458,0.631927629679177,0.73925558138085
