"","bcubed.precision","bcubed.recall","bcubed.f1"
"majority-vote",0.813182105434564,0.707920505036875,0.756909208889948
