"","bcubed.precision","bcubed.recall","bcubed.f1"
"majority-vote",0.984081921453616,0.514883513698325,0.676049688141978
