"","bcubed.precision","bcubed.recall","bcubed.f1"
"majority-vote",0.985255604655482,0.707478615693087,0.823575565385544
