"","bcubed.precision","bcubed.recall","bcubed.f1"
"majority-vote",0.944225106029111,0.679193238330971,0.790075225779352
