"","bcubed.precision","bcubed.recall","bcubed.f1"
"majority-vote",0.799161542585146,0.596716333496567,0.683258548235567
