"","bcubed.precision","bcubed.recall","bcubed.f1"
"majority-vote",0.70460458334908,0.634167831972832,0.667533265410407
