"","bcubed.precision","bcubed.recall","bcubed.f1"
"majority-vote",0.79353186928924,0.897188429965057,0.84218260376818
