"","bcubed.precision","bcubed.recall","bcubed.f1"
"majority-vote",0.994990703378716,0.556794032938468,0.714022858331917
