"","bcubed.precision","bcubed.recall","bcubed.f1"
"majority-vote",0.996143065379291,0.615221580015226,0.760658007925713
