"","bcubed.precision","bcubed.recall","bcubed.f1"
"majority-vote",0.889213048161566,0.769745453833346,0.825177604489298
