"","bcubed.precision","bcubed.recall","bcubed.f1"
"majority-vote",0.958200582162437,0.445160093065508,0.607901686088746
