"","bcubed.precision","bcubed.recall","bcubed.f1"
"majority-vote",0.996958631661037,0.640538927270339,0.779959406930423
