"","bcubed.precision","bcubed.recall","bcubed.f1"
"majority-vote",0.818643261315899,0.858436831377097,0.838067937642473
