"","bcubed.precision","bcubed.recall","bcubed.f1"
"majority-vote",0.977117666977024,0.399652510647927,0.56728063282061
