"","bcubed.precision","bcubed.recall","bcubed.f1"
"majority-vote",0.63910228868785,0.751273139347124,0.690662929026354
