"","bcubed.precision","bcubed.recall","bcubed.f1"
"majority-vote",0.88318007942475,0.617491471860655,0.726816159998332
