"","bcubed.precision","bcubed.recall","bcubed.f1"
"majority-vote",0.890322204893422,0.351158225587418,0.503663139579834
