"","bcubed.precision","bcubed.recall","bcubed.f1"
"majority-vote",0.915103723314554,0.380213961266412,0.537219889379687
