"","bcubed.precision","bcubed.recall","bcubed.f1"
"majority-vote",0.953367851746978,0.48634290270162,0.644106723421142
