"","bcubed.precision","bcubed.recall","bcubed.f1"
"majority-vote",0.961466355110851,0.448721683105144,0.611876982959103
