"","bcubed.precision","bcubed.recall","bcubed.f1"
"majority-vote",0.931246189707756,0.864259897908621,0.896503489902483
