"","bcubed.precision","bcubed.recall","bcubed.f1"
"majority-vote",0.967541747958186,0.7948010116729,0.872705557316114
