"","bcubed.precision","bcubed.recall","bcubed.f1"
"majority-vote",0.555936554655181,0.918925514285485,0.692762116749732
