"","bcubed.precision","bcubed.recall","bcubed.f1"
"majority-vote",0.889494003839079,0.792647711731152,0.83828298200502
