"","bcubed.precision","bcubed.recall","bcubed.f1"
"majority-vote",0.894426166686006,0.943237306697173,0.918183487590571
