"","bcubed.precision","bcubed.recall","bcubed.f1"
"majority-vote",0.954129619408408,0.397323798872955,0.561023265578259
