"","bcubed.precision","bcubed.recall","bcubed.f1"
"majority-vote",0.865138629937585,0.707325485530748,0.778312961742537
