"","bcubed.precision","bcubed.recall","bcubed.f1"
"majority-vote",0.555164487486535,0.864966931394209,0.676273923351022
