"","bcubed.precision","bcubed.recall","bcubed.f1"
"majority-vote",0.938489755540449,0.710940001667602,0.809018881165724
