"","bcubed.precision","bcubed.recall","bcubed.f1"
"majority-vote",0.957896436984916,0.460641277161762,0.622114778790869
