"","bcubed.precision","bcubed.recall","bcubed.f1"
"majority-vote",0.976351425267985,0.388980270505374,0.556321138203607
