"","bcubed.precision","bcubed.recall","bcubed.f1"
"majority-vote",0.991933938407391,0.832081457895786,0.905003147757578
