"","bcubed.precision","bcubed.recall","bcubed.f1"
"majority-vote",0.973656974713155,0.29838493794296,0.456784596618957
