"","bcubed.precision","bcubed.recall","bcubed.f1"
"majority-vote",0.944212698659046,0.905386444192145,0.92439205662928
