"","bcubed.precision","bcubed.recall","bcubed.f1"
"majority-vote",0.8392423600635,0.703231019991626,0.765240124748917
