"","bcubed.precision","bcubed.recall","bcubed.f1"
"majority-vote",0.958806942049383,0.703429040808215,0.811500478297413
