"","bcubed.precision","bcubed.recall","bcubed.f1"
"majority-vote",0.869232166284022,0.921686915999404,0.894691359933829
