"","bcubed.precision","bcubed.recall","bcubed.f1"
"majority-vote",0.985615440545333,0.326518823541652,0.490532109281181
