"","bcubed.precision","bcubed.recall","bcubed.f1"
"majority-vote",0.95729920641909,0.244724095198153,0.38979973484644
