"","bcubed.precision","bcubed.recall","bcubed.f1"
"majority-vote",0.7375987100928,0.861002246891151,0.794537428392508
