"","bcubed.precision","bcubed.recall","bcubed.f1"
"majority-vote",0.89254801133907,0.752015651829703,0.816277398763824
