"","bcubed.precision","bcubed.recall","bcubed.f1"
"majority-vote",0.934083654268456,0.609495039106183,0.737661585807625
