"","bcubed.precision","bcubed.recall","bcubed.f1"
"majority-vote",0.960324865259988,0.851760285842685,0.902790446947754
