"","bcubed.precision","bcubed.recall","bcubed.f1"
"majority-vote",0.855355952322781,0.701196364479002,0.770642242641158
