"","bcubed.precision","bcubed.recall","bcubed.f1"
"majority-vote",0.958572497863293,0.80419655916517,0.874624729108318
