"","bcubed.precision","bcubed.recall","bcubed.f1"
"majority-vote",0.970028348453058,0.802269224867576,0.878209058036348
