"","bcubed.precision","bcubed.recall","bcubed.f1"
"majority-vote",0.705474651408404,0.516442369990057,0.596336730826924
