"","bcubed.precision","bcubed.recall","bcubed.f1"
"majority-vote",0.798564471125108,0.947752458745356,0.866785894392773
