"","bcubed.precision","bcubed.recall","bcubed.f1"
"majority-vote",0.850003156209172,0.956420429746025,0.900077246851467
