"","bcubed.precision","bcubed.recall","bcubed.f1"
"majority-vote",0.955851268724169,0.278313497783671,0.431103394261245
