"","bcubed.precision","bcubed.recall","bcubed.f1"
"majority-vote",0.950422697698341,0.967205261163201,0.958740541192881
