"","bcubed.precision","bcubed.recall","bcubed.f1"
"majority-vote",0.908719817217707,0.942728231404554,0.925411681700069
