"","bcubed.precision","bcubed.recall","bcubed.f1"
"majority-vote",0.999235651298325,0.748779755581722,0.856065025288472
