"","bcubed.precision","bcubed.recall","bcubed.f1"
"majority-vote",0.998883601955767,0.39691531697458,0.568093578686556
