"","bcubed.precision","bcubed.recall","bcubed.f1"
"majority-vote",0.99127334665103,0.232234008844433,0.376307313755679
