"","bcubed.precision","bcubed.recall","bcubed.f1"
"majority-vote",0.933659292225233,0.791977937912394,0.857002327088541
