"","bcubed.precision","bcubed.recall","bcubed.f1"
"majority-vote",0.982192572978229,0.732188025227147,0.838961478162446
