"","bcubed.precision","bcubed.recall","bcubed.f1"
"majority-vote",0.896941986654547,0.962640285826662,0.928630588902102
