"","bcubed.precision","bcubed.recall","bcubed.f1"
"majority-vote",0.951249922995264,0.566275635589015,0.709931574728372
