"","bcubed.precision","bcubed.recall","bcubed.f1"
"majority-vote",0.996689330311514,0.363823971551491,0.533062734572873
