"","bcubed.precision","bcubed.recall","bcubed.f1"
"majority-vote",0.992305303087739,0.94266755961565,0.966849754314902
