"","bcubed.precision","bcubed.recall","bcubed.f1"
"majority-vote",0.895986293498184,0.764485449511339,0.825028775376191
