"","bcubed.precision","bcubed.recall","bcubed.f1"
"majority-vote",0.814697308885536,0.737816410312683,0.774353278171043
