"","bcubed.precision","bcubed.recall","bcubed.f1"
"majority-vote",0.979089853808595,0.458991160240042,0.624990641818822
