"","bcubed.precision","bcubed.recall","bcubed.f1"
"majority-vote",0.945843003805804,0.723751636779134,0.82002589790383
