"","bcubed.precision","bcubed.recall","bcubed.f1"
"majority-vote",0.875575530226053,0.43733747176403,0.583316622117517
