"","bcubed.precision","bcubed.recall","bcubed.f1"
"majority-vote",0.979150871089725,0.494996976009157,0.657568670876517
