"","bcubed.precision","bcubed.recall","bcubed.f1"
"majority-vote",0.969788018606335,0.862747876503045,0.913141789957431
