"","bcubed.precision","bcubed.recall","bcubed.f1"
"majority-vote",0.860141536189699,0.99474737805483,0.922560409208376
