"","bcubed.precision","bcubed.recall","bcubed.f1"
"majority-vote",0.689001923805916,0.48891862085682,0.571967051396214
