"","bcubed.precision","bcubed.recall","bcubed.f1"
"majority-vote",0.962830365698402,0.294309977391029,0.450817738397779
