"","bcubed.precision","bcubed.recall","bcubed.f1"
"majority-vote",0.889941285478837,0.989551511495798,0.937106804139544
