"","bcubed.precision","bcubed.recall","bcubed.f1"
"majority-vote",0.818782035758267,0.905437744267799,0.859932321960434
