"","bcubed.precision","bcubed.recall","bcubed.f1"
"majority-vote",0.950136613996563,0.748000219191213,0.837037842465123
