"","bcubed.precision","bcubed.recall","bcubed.f1"
"majority-vote",0.98968815456658,0.393142448540721,0.56274199240854
