"","bcubed.precision","bcubed.recall","bcubed.f1"
"majority-vote",0.990286453030533,0.739704128761151,0.846847359370338
