"","bcubed.precision","bcubed.recall","bcubed.f1"
"majority-vote",0.945682497239718,0.742285743961001,0.831729672253958
