"","bcubed.precision","bcubed.recall","bcubed.f1"
"majority-vote",0.905876399319576,0.575979994117679,0.704206811756117
