"","bcubed.precision","bcubed.recall","bcubed.f1"
"majority-vote",0.873194117138372,0.345089041038463,0.494679284534557
