"","bcubed.precision","bcubed.recall","bcubed.f1"
"majority-vote",0.91923157298113,0.32816406597637,0.483661736729256
