"","bcubed.precision","bcubed.recall","bcubed.f1"
"majority-vote",0.808060767194473,0.962206656860764,0.878422591725076
