"","bcubed.precision","bcubed.recall","bcubed.f1"
"majority-vote",0.77513550302377,0.945008535775621,0.851684103444572
