"","bcubed.precision","bcubed.recall","bcubed.f1"
"majority-vote",0.956123861186531,0.786808120524361,0.863241969397122
