"","bcubed.precision","bcubed.recall","bcubed.f1"
"majority-vote",0.974027297012178,0.55218415686857,0.704807240700563
