"","bcubed.precision","bcubed.recall","bcubed.f1"
"majority-vote",0.93707274240804,0.640823722944622,0.761137953782835
