"","bcubed.precision","bcubed.recall","bcubed.f1"
"majority-vote",0.943757341488614,0.346352055585952,0.506735779058932
