"","bcubed.precision","bcubed.recall","bcubed.f1"
"majority-vote",0.95933896661045,0.87677403484524,0.916200142227037
