"","bcubed.precision","bcubed.recall","bcubed.f1"
"majority-vote",0.679758373220831,0.972516216381975,0.800201183675659
