"","bcubed.precision","bcubed.recall","bcubed.f1"
"majority-vote",0.934714888112494,0.723063319290305,0.815378132696697
