"","bcubed.precision","bcubed.recall","bcubed.f1"
"majority-vote",0.999587531566462,0.0645154318604833,0.121207859573435
