"","bcubed.precision","bcubed.recall","bcubed.f1"
"majority-vote",0.843675069598028,0.705457228598172,0.768400061284649
