"","bcubed.precision","bcubed.recall","bcubed.f1"
"majority-vote",0.926240038859134,0.408794848817076,0.567239343554257
