"","bcubed.precision","bcubed.recall","bcubed.f1"
"majority-vote",0.991960581352934,0.647819561088145,0.783777595296607
