"","bcubed.precision","bcubed.recall","bcubed.f1"
"majority-vote",0.895243331962363,0.974289261684757,0.933095221650303
