"","bcubed.precision","bcubed.recall","bcubed.f1"
"majority-vote",0.814742949135217,0.627378386284097,0.708889195535236
