"","bcubed.precision","bcubed.recall","bcubed.f1"
"majority-vote",0.958406345048778,0.912071888731242,0.934665231077422
