"","bcubed.precision","bcubed.recall","bcubed.f1"
"majority-vote",0.98623070676212,0.619474151079488,0.760967280950025
