"","bcubed.precision","bcubed.recall","bcubed.f1"
"majority-vote",0.949814112161722,0.275307650718953,0.426881800261384
