"","bcubed.precision","bcubed.recall","bcubed.f1"
"majority-vote",0.900178308362849,0.493513841346684,0.637515903278494
