"","bcubed.precision","bcubed.recall","bcubed.f1"
"majority-vote",0.921789436161959,0.538574141196896,0.679901856828226
