"","bcubed.precision","bcubed.recall","bcubed.f1"
"majority-vote",0.989129921780315,0.747710807601144,0.851641857685135
