"","bcubed.precision","bcubed.recall","bcubed.f1"
"majority-vote",0.991153251685395,0.629952008205681,0.770312695649088
