"","bcubed.precision","bcubed.recall","bcubed.f1"
"majority-vote",0.985335529812201,0.488776686189884,0.653422486861855
