"","bcubed.precision","bcubed.recall","bcubed.f1"
"majority-vote",0.96097633379384,0.510740202855075,0.666988833024001
