"","bcubed.precision","bcubed.recall","bcubed.f1"
"majority-vote",0.932854559746789,0.958572223013209,0.945538550299733
