"","bcubed.precision","bcubed.recall","bcubed.f1"
"majority-vote",0.998958807890463,0.770582433091791,0.870033532889475
