"","bcubed.precision","bcubed.recall","bcubed.f1"
"majority-vote",0.901701517030176,0.175296769219026,0.293529460080701
