"","bcubed.precision","bcubed.recall","bcubed.f1"
"majority-vote",0.988656050937374,0.34366223736058,0.510033906206098
