"","bcubed.precision","bcubed.recall","bcubed.f1"
"majority-vote",0.806110034559875,0.842382681392466,0.823847294972886
