"","bcubed.precision","bcubed.recall","bcubed.f1"
"majority-vote",0.616563277715327,0.625412624263048,0.620956424236456
