"","bcubed.precision","bcubed.recall","bcubed.f1"
"majority-vote",0.983290621779054,0.170971651310435,0.291293972337248
