"","bcubed.precision","bcubed.recall","bcubed.f1"
"majority-vote",0.809048592150219,0.660903846419701,0.72751105744989
