"","bcubed.precision","bcubed.recall","bcubed.f1"
"majority-vote",0.80280932250221,0.491532360550915,0.609741255386266
