"","bcubed.precision","bcubed.recall","bcubed.f1"
"majority-vote",0.962360937449905,0.566213822789313,0.712954419332872
