"","bcubed.precision","bcubed.recall","bcubed.f1"
"majority-vote",0.92486939194271,0.849840701051124,0.885769067897052
