"","bcubed.precision","bcubed.recall","bcubed.f1"
"majority-vote",0.894176732787798,0.839707657477313,0.866086636312764
