"","bcubed.precision","bcubed.recall","bcubed.f1"
"majority-vote",0.981797328882874,0.823656634268293,0.895801166848762
