"","bcubed.precision","bcubed.recall","bcubed.f1"
"majority-vote",0.677282508091545,0.976710373158612,0.79989322651969
