"","bcubed.precision","bcubed.recall","bcubed.f1"
"majority-vote",0.809388012128949,0.618508553185494,0.70119001685156
