"","bcubed.precision","bcubed.recall","bcubed.f1"
"majority-vote",0.367071811454206,0.911142328809208,0.523315545640382
