"","bcubed.precision","bcubed.recall","bcubed.f1"
"majority-vote",0.962873380052465,0.314544285856198,0.474185268892627
