"","bcubed.precision","bcubed.recall","bcubed.f1"
"majority-vote",0.993883535521543,0.691042183128725,0.815247153699672
