"","bcubed.precision","bcubed.recall","bcubed.f1"
"majority-vote",0.550181385771198,0.741790176997361,0.63177729184273
