"","bcubed.precision","bcubed.recall","bcubed.f1"
"majority-vote",0.85326891699796,0.829587241897856,0.841261451500361
