"","bcubed.precision","bcubed.recall","bcubed.f1"
"majority-vote",0.920992852503744,0.849734780301682,0.883930023661277
