"","bcubed.precision","bcubed.recall","bcubed.f1"
"majority-vote",0.917160701993029,0.55426783032656,0.690964815740094
