"","bcubed.precision","bcubed.recall","bcubed.f1"
"majority-vote",0.755782751763303,0.750165106917889,0.752963451576234
