"","bcubed.precision","bcubed.recall","bcubed.f1"
"majority-vote",0.773481020603971,0.959091001934732,0.856343837229416
