"","bcubed.precision","bcubed.recall","bcubed.f1"
"majority-vote",0.951028874331365,0.83038109184339,0.88661948685247
