"","bcubed.precision","bcubed.recall","bcubed.f1"
"majority-vote",0.966107507818599,0.484603584349173,0.645447827183768
