"","bcubed.precision","bcubed.recall","bcubed.f1"
"majority-vote",0.988112084858963,0.268432395317133,0.422175733473956
