"","bcubed.precision","bcubed.recall","bcubed.f1"
"majority-vote",0.97098847086522,0.460312726515273,0.624548279924406
