"","bcubed.precision","bcubed.recall","bcubed.f1"
"majority-vote",0.953459553988414,0.795695922798137,0.867463058292891
