"","bcubed.precision","bcubed.recall","bcubed.f1"
"majority-vote",0.87883974030636,0.726035794717297,0.795163357354146
