"","bcubed.precision","bcubed.recall","bcubed.f1"
"majority-vote",0.844302459134674,0.694775329295534,0.762275335892709
