"","bcubed.precision","bcubed.recall","bcubed.f1"
"majority-vote",0.112353097677416,0.847833762290352,0.198412941231078
