"","bcubed.precision","bcubed.recall","bcubed.f1"
"majority-vote",0.995197333543129,0.717747982667752,0.834003131036284
