"","bcubed.precision","bcubed.recall","bcubed.f1"
"majority-vote",0.730489146316223,0.964728151164269,0.83142549880609
