"","bcubed.precision","bcubed.recall","bcubed.f1"
"majority-vote",0.988574076639284,0.889859811105878,0.936623159155596
