"","bcubed.precision","bcubed.recall","bcubed.f1"
"majority-vote",0.799692307692308,0.866189247606795,0.831613599554589
