"","bcubed.precision","bcubed.recall","bcubed.f1"
"majority-vote",0.850141675042801,0.640998154028566,0.730902942488712
