"","bcubed.precision","bcubed.recall","bcubed.f1"
"majority-vote",0.870846250403105,0.960093088160138,0.913294556791035
