"","bcubed.precision","bcubed.recall","bcubed.f1"
"majority-vote",0.59280805317477,0.694055845417743,0.639448965763465
