"","bcubed.precision","bcubed.recall","bcubed.f1"
"majority-vote",0.995522484164633,0.745482682829575,0.85254746669535
