"","bcubed.precision","bcubed.recall","bcubed.f1"
"majority-vote",0.846973515419605,0.645302384505431,0.732510696099394
