"","bcubed.precision","bcubed.recall","bcubed.f1"
"majority-vote",0.988210664323303,0.958758349582112,0.973261740478917
