"","bcubed.precision","bcubed.recall","bcubed.f1"
"majority-vote",0.981354235270128,0.881038445476038,0.928494639011697
