"","bcubed.precision","bcubed.recall","bcubed.f1"
"majority-vote",0.775281341611969,0.469102755248074,0.584524688736041
