"","bcubed.precision","bcubed.recall","bcubed.f1"
"majority-vote",0.961925734767405,0.597037101743376,0.736778759990572
