"","bcubed.precision","bcubed.recall","bcubed.f1"
"majority-vote",0.924047052233581,0.932531012354168,0.928269647819636
