"","bcubed.precision","bcubed.recall","bcubed.f1"
"majority-vote",0.952418599341187,0.678102189502515,0.792185100558182
