"","bcubed.precision","bcubed.recall","bcubed.f1"
"majority-vote",0.766538728894207,0.823434080629963,0.793968437338446
