"","bcubed.precision","bcubed.recall","bcubed.f1"
"majority-vote",0.966034611188045,0.647132068813477,0.77506185099602
