"","bcubed.precision","bcubed.recall","bcubed.f1"
"majority-vote",0.993317646291488,0.516664233898444,0.67975875402484
