"","bcubed.precision","bcubed.recall","bcubed.f1"
"majority-vote",0.952623388322329,0.881601406726589,0.915737396520384
