"","bcubed.precision","bcubed.recall","bcubed.f1"
"majority-vote",0.933094407852021,0.482512350786476,0.636094132061669
