"","bcubed.precision","bcubed.recall","bcubed.f1"
"majority-vote",0.717657109846263,0.715006714793861,0.716329460735184
