"","bcubed.precision","bcubed.recall","bcubed.f1"
"majority-vote",0.968653625314134,0.964974265744301,0.966810444936651
