"","bcubed.precision","bcubed.recall","bcubed.f1"
"majority-vote",0.993988481764809,0.59051641867595,0.740883184764685
