"","bcubed.precision","bcubed.recall","bcubed.f1"
"majority-vote",0.966150580654149,0.53591469449022,0.689416501174427
