"","bcubed.precision","bcubed.recall","bcubed.f1"
"majority-vote",0.810892140948566,0.541365994903688,0.649268684736041
