"","bcubed.precision","bcubed.recall","bcubed.f1"
"majority-vote",0.923817395734235,0.930152954727681,0.926974350001809
