"","bcubed.precision","bcubed.recall","bcubed.f1"
"majority-vote",0.969968235633843,0.688735317764326,0.805510278942789
