"","bcubed.precision","bcubed.recall","bcubed.f1"
"majority-vote",0.980717977149902,0.683775283410629,0.805759601028059
