"","bcubed.precision","bcubed.recall","bcubed.f1"
"majority-vote",0.800523790777494,0.797485992656384,0.799002004307387
