"","bcubed.precision","bcubed.recall","bcubed.f1"
"majority-vote",0.996962184707108,0.404651069610255,0.575653538035625
