"","bcubed.precision","bcubed.recall","bcubed.f1"
"majority-vote",0.976538561385999,0.431617884032541,0.598643011453644
