"","bcubed.precision","bcubed.recall","bcubed.f1"
"majority-vote",0.753295756093085,0.888562812172883,0.815357191379642
