"","bcubed.precision","bcubed.recall","bcubed.f1"
"majority-vote",0.242850421704219,0.898429966624656,0.38234968110857
