"","bcubed.precision","bcubed.recall","bcubed.f1"
"majority-vote",0.980558448867315,0.886285207425048,0.931041488469081
