"","bcubed.precision","bcubed.recall","bcubed.f1"
"majority-vote",0.976554654976037,0.795407327016559,0.876721662985785
