"","bcubed.precision","bcubed.recall","bcubed.f1"
"majority-vote",0.937422526275528,0.382450144029034,0.543260555743469
