"","bcubed.precision","bcubed.recall","bcubed.f1"
"majority-vote",0.963564639270986,0.998213108073317,0.980582897016037
