"","bcubed.precision","bcubed.recall","bcubed.f1"
"majority-vote",0.92351970826798,0.830952637296769,0.874794224167496
