"","bcubed.precision","bcubed.recall","bcubed.f1"
"majority-vote",0.917078170426157,0.689451427371876,0.787138754839661
