"","bcubed.precision","bcubed.recall","bcubed.f1"
"majority-vote",0.966340741981137,0.598501232327348,0.739187898099953
