"","bcubed.precision","bcubed.recall","bcubed.f1"
"majority-vote",0.990132144055151,0.792744078814519,0.880511371877804
