"","bcubed.precision","bcubed.recall","bcubed.f1"
"majority-vote",0.92733842877195,0.663582508911582,0.773596659140863
