"","bcubed.precision","bcubed.recall","bcubed.f1"
"majority-vote",0.975731664604013,0.72652491602597,0.832886620920517
