"","bcubed.precision","bcubed.recall","bcubed.f1"
"majority-vote",0.974844870159154,0.497926227754829,0.659166695397554
