"","bcubed.precision","bcubed.recall","bcubed.f1"
"majority-vote",0.766923679489582,0.963713040630548,0.854129977134854
