"","bcubed.precision","bcubed.recall","bcubed.f1"
"majority-vote",0.886792308067903,0.987185823163499,0.934299904599017
