"","bcubed.precision","bcubed.recall","bcubed.f1"
"majority-vote",0.865958234304459,0.464913745613853,0.605010688226159
