"","bcubed.precision","bcubed.recall","bcubed.f1"
"majority-vote",0.821921857661986,0.704053260296635,0.758435385722561
