"","bcubed.precision","bcubed.recall","bcubed.f1"
"majority-vote",0.838006723877729,0.8181255018499,0.827946779702133
