"","bcubed.precision","bcubed.recall","bcubed.f1"
"majority-vote",0.992560663134556,0.84632144745182,0.913626134347364
