"","bcubed.precision","bcubed.recall","bcubed.f1"
"majority-vote",0.852336603836463,0.666287336677805,0.747915360179148
