"","bcubed.precision","bcubed.recall","bcubed.f1"
"majority-vote",0.982426993908858,0.433102705002751,0.60117677341112
