"","bcubed.precision","bcubed.recall","bcubed.f1"
"majority-vote",0.937188929623205,0.3595101238918,0.519671711466955
