"","bcubed.precision","bcubed.recall","bcubed.f1"
"majority-vote",0.992596332550761,0.560219815667166,0.716211169096435
