"","bcubed.precision","bcubed.recall","bcubed.f1"
"majority-vote",0.979892084567114,0.37402493330557,0.541398131109591
