"","bcubed.precision","bcubed.recall","bcubed.f1"
"majority-vote",0.990617610877093,0.449281795940912,0.618191044732904
