"","bcubed.precision","bcubed.recall","bcubed.f1"
"majority-vote",0.999658192795919,0.591714120023822,0.743398465726409
