"","bcubed.precision","bcubed.recall","bcubed.f1"
"majority-vote",0.951785388182526,0.572011988666622,0.714573552822196
