"","bcubed.precision","bcubed.recall","bcubed.f1"
"majority-vote",0.72959319123012,0.988021821907734,0.839366200850512
