"","bcubed.precision","bcubed.recall","bcubed.f1"
"majority-vote",0.975584934883462,0.32703863046337,0.489863640567616
