"","bcubed.precision","bcubed.recall","bcubed.f1"
"majority-vote",0.991507042905058,0.11248934179082,0.202054963555116
