"","bcubed.precision","bcubed.recall","bcubed.f1"
"majority-vote",0.801132543545884,0.450792007209279,0.576942351881958
