"","bcubed.precision","bcubed.recall","bcubed.f1"
"majority-vote",0.913613423586626,0.534132260049561,0.674138294132289
