{
      "avg_bcuded_f1": 0.6781866495846436,
      "avg_bcuded_recall": 0.5759818556461378,
      "avg_bcuded_precision": 0.9159913973551467,
      "avg_bcuded_f1star": 0.7072438111651079
}