{
      "avg_bcuded_f1": 0.7820510354351057,
      "avg_bcuded_recall": 0.7561175392000242,
      "avg_bcuded_precision": 0.8715634294641228,
      "avg_bcuded_f1star": 0.8097463916212002
}