"","bcubed.precision","bcubed.recall","bcubed.f1"
"majority-vote",0.952529536570284,0.555459849765045,0.701718351699917
