"","bcubed.precision","bcubed.recall","bcubed.f1"
"majority-vote",0.966828983668611,0.556559308161015,0.706448478233151
