"","bcubed.precision","bcubed.recall","bcubed.f1"
"majority-vote",0.96076720505618,0.750429975910564,0.842671456644927
