"","bcubed.precision","bcubed.recall","bcubed.f1"
"majority-vote",0.96969696969697,0.090126569842014,0.164924552823199
