"","bcubed.precision","bcubed.recall","bcubed.f1"
"majority-vote",0.996626984126984,0.297902470143922,0.458695844121572
