"","bcubed.precision","bcubed.recall","bcubed.f1"
"majority-vote",0.912780637061104,0.271603952802718,0.418639065704297
