"","bcubed.precision","bcubed.recall","bcubed.f1"
"majority-vote",0.967511520737327,0.306501354585865,0.465526836388045
