"","bcubed.precision","bcubed.recall","bcubed.f1"
"majority-vote",0.852216546905527,0.746582906215091,0.795910087499032
