"","bcubed.precision","bcubed.recall","bcubed.f1"
"majority-vote",0.74443874279415,0.574855704076878,0.648748061732533
