"","bcubed.precision","bcubed.recall","bcubed.f1"
"majority-vote",0.971504559270517,0.536666431060902,0.691398903606455
