"","bcubed.precision","bcubed.recall","bcubed.f1"
"majority-vote",0.988807928108016,0.64011727072643,0.777141924830017
