"","bcubed.precision","bcubed.recall","bcubed.f1"
"majority-vote",0.884615384615385,0.146766296147962,0.251762710036528
