"","bcubed.precision","bcubed.recall","bcubed.f1"
"majority-vote",0.661899929794878,0.824401658072178,0.734267397754491
