"","bcubed.precision","bcubed.recall","bcubed.f1"
"majority-vote",0.992982456140351,0.0535174016479636,0.101561104933077
