"","bcubed.precision","bcubed.recall","bcubed.f1"
"majority-vote",0.952802893309222,0.100025796595693,0.181045348242824
