"","bcubed.precision","bcubed.recall","bcubed.f1"
"majority-vote",0.973444976076555,0.438663891738341,0.604790708891508
