"","bcubed.precision","bcubed.recall","bcubed.f1"
"majority-vote",0.902190524707081,0.507268954300296,0.649402484944232
