"","bcubed.precision","bcubed.recall","bcubed.f1"
"majority-vote",0.951920037926675,0.0740223067099815,0.137363112808723
