"","bcubed.precision","bcubed.recall","bcubed.f1"
"majority-vote",0.964126016260163,0.675207394821585,0.794206976223552
