"","bcubed.precision","bcubed.recall","bcubed.f1"
"majority-vote",0.940293560606061,0.417027824579126,0.577797686421637
