"","bcubed.precision","bcubed.recall","bcubed.f1"
"majority-vote",0.919290765269866,0.779569892473118,0.843684736316238
