"","bcubed.precision","bcubed.recall","bcubed.f1"
"majority-vote",0.962765957446808,0.630564908018843,0.762034352762882
