"","bcubed.precision","bcubed.recall","bcubed.f1"
"majority-vote",0.923968381564845,0.61400369338137,0.737750714840855
