"","bcubed.precision","bcubed.recall","bcubed.f1"
"majority-vote",0.363761836249875,0.697649609304639,0.478190251297095
