"","bcubed.precision","bcubed.recall","bcubed.f1"
"majority-vote",0.983098591549296,0.0971351382997695,0.176801399574502
