"","bcubed.precision","bcubed.recall","bcubed.f1"
"majority-vote",0.96627812663527,0.505604569769505,0.6638499626206
