"","bcubed.precision","bcubed.recall","bcubed.f1"
"majority-vote",0.972222222222222,0.0698267658192833,0.130295474041016
