"","bcubed.precision","bcubed.recall","bcubed.f1"
"majority-vote",0.963433930225378,0.315767710131872,0.475642488897459
