"","bcubed.precision","bcubed.recall","bcubed.f1"
"majority-vote",0.89229491447178,0.331539578018562,0.48344948802694
