"","bcubed.precision","bcubed.recall","bcubed.f1"
"majority-vote",0.886014192785334,0.588084110740127,0.706941819851698
