"","bcubed.precision","bcubed.recall","bcubed.f1"
"majority-vote",0.879432624113475,0.177740278796772,0.295714351668691
