"","bcubed.precision","bcubed.recall","bcubed.f1"
"majority-vote",0.977611940298508,0.328801933976383,0.492096268997396
