"","bcubed.precision","bcubed.recall","bcubed.f1"
"majority-vote",0.371679912657139,0.737732662378803,0.49431639353536
