"","bcubed.precision","bcubed.recall","bcubed.f1"
"majority-vote",0.907889885707263,0.430797814249975,0.5843289340073
