"","bcubed.precision","bcubed.recall","bcubed.f1"
"majority-vote",0.959260074873376,0.524734907960179,0.678381332715074
