"","bcubed.precision","bcubed.recall","bcubed.f1"
"majority-vote",0.425011102361926,0.825058055063035,0.561023094461838
