"","bcubed.precision","bcubed.recall","bcubed.f1"
"majority-vote",0.883035757139429,0.52703527934099,0.660095817716662
