"","bcubed.precision","bcubed.recall","bcubed.f1"
"majority-vote",0.978431350787432,0.893473837209302,0.934024670736105
