"","bcubed.precision","bcubed.recall","bcubed.f1"
"majority-vote",0.963289917993246,0.394767720178181,0.560028903204502
