"","bcubed.precision","bcubed.recall","bcubed.f1"
"majority-vote",0.912087912087912,0.287321960034014,0.436986375909686
