"","bcubed.precision","bcubed.recall","bcubed.f1"
"majority-vote",0.922114781928863,0.432657650144901,0.588969786021594
