"","bcubed.precision","bcubed.recall","bcubed.f1"
"majority-vote",0.993808049535604,0.166692275412492,0.285497765987699
