"","bcubed.precision","bcubed.recall","bcubed.f1"
"majority-vote",0.94961763382816,0.273309833499711,0.424456632668601
