"","bcubed.precision","bcubed.recall","bcubed.f1"
"majority-vote",0.997058823529412,0.12258074420542,0.218320638403451
