"","bcubed.precision","bcubed.recall","bcubed.f1"
"majority-vote",0.993939393939394,0.0990125092299005,0.180085570336652
