"","bcubed.precision","bcubed.recall","bcubed.f1"
"majority-vote",0.985720231806102,0.886626637554585,0.933551180069734
