"","bcubed.precision","bcubed.recall","bcubed.f1"
"majority-vote",0.916429849148859,0.52860119018062,0.670471285103904
