"","bcubed.precision","bcubed.recall","bcubed.f1"
"majority-vote",0.868354430379747,0.103098573056147,0.184313811090178
