"","bcubed.precision","bcubed.recall","bcubed.f1"
"majority-vote",0.902863342098151,0.37648269995585,0.531384656771271
