"","bcubed.precision","bcubed.recall","bcubed.f1"
"majority-vote",0.881349083431399,0.536190443839294,0.666748188859773
