"","bcubed.precision","bcubed.recall","bcubed.f1"
"majority-vote",0.802568741288491,0.781007880384826,0.791641532109143
