"","bcubed.precision","bcubed.recall","bcubed.f1"
"majority-vote",0.786416981767778,0.585015828205355,0.670928066702218
