"","bcubed.precision","bcubed.recall","bcubed.f1"
"majority-vote",0.974910394265233,0.198105577709416,0.329296772567735
