"","bcubed.precision","bcubed.recall","bcubed.f1"
"majority-vote",0.899797570850202,0.0454086022591441,0.086454259760223
