"","bcubed.precision","bcubed.recall","bcubed.f1"
"majority-vote",0.994354838709677,0.565594787773713,0.721051378100705
