"","bcubed.precision","bcubed.recall","bcubed.f1"
"majority-vote",0.994358974358974,0.360182806659527,0.52881500036478
