"","bcubed.precision","bcubed.recall","bcubed.f1"
"majority-vote",0.960783679280387,0.50811598321226,0.66470100894899
