"","bcubed.precision","bcubed.recall","bcubed.f1"
"majority-vote",0.968145161290323,0.553348492309475,0.704204929240705
