"","bcubed.precision","bcubed.recall","bcubed.f1"
"majority-vote",0.994339622641509,0.482714344725725,0.649918025993
