"","bcubed.precision","bcubed.recall","bcubed.f1"
"majority-vote",0.918457802064359,0.938580799045915,0.928410273471027
