"","bcubed.precision","bcubed.recall","bcubed.f1"
"majority-vote",0.877769516728625,0.485265267802971,0.625003946250686
