"","bcubed.precision","bcubed.recall","bcubed.f1"
"majority-vote",0.959475008691909,0.695737619798313,0.806594690389916
