"","bcubed.precision","bcubed.recall","bcubed.f1"
"majority-vote",0.918238993710692,0.0270695875651766,0.0525888611155163
