"","bcubed.precision","bcubed.recall","bcubed.f1"
"majority-vote",0.963705936920223,0.387676361494497,0.552924234118128
