"","bcubed.precision","bcubed.recall","bcubed.f1"
"majority-vote",0.868583162217659,0.407840016294725,0.555055685286174
