"","bcubed.precision","bcubed.recall","bcubed.f1"
"majority-vote",0.948624950179354,0.779022229779789,0.855498660242583
