"","bcubed.precision","bcubed.recall","bcubed.f1"
"majority-vote",0.811550938934249,0.892430259206575,0.850071134097779
