"","bcubed.precision","bcubed.recall","bcubed.f1"
"majority-vote",0.963284532879188,0.28377721422483,0.438403634593278
