"","bcubed.precision","bcubed.recall","bcubed.f1"
"majority-vote",0.843897410522844,0.653506392684327,0.73659803903961
