"","bcubed.precision","bcubed.recall","bcubed.f1"
"majority-vote",0.902600137896942,0.869880065627866,0.885938094685776
