"","bcubed.precision","bcubed.recall","bcubed.f1"
"majority-vote",0.869759546995924,0.140324728432816,0.241660572692803
