"","bcubed.precision","bcubed.recall","bcubed.f1"
"majority-vote",0.96316758747698,0.179036622433094,0.301946482428893
