"","bcubed.precision","bcubed.recall","bcubed.f1"
"majority-vote",0.913265306122449,0.0967028587257292,0.174887425071155
