"","bcubed.precision","bcubed.recall","bcubed.f1"
"majority-vote",0.940593241345121,0.38444876172679,0.545808972221833
