"","bcubed.precision","bcubed.recall","bcubed.f1"
"majority-vote",0.791547049441786,0.752927001661579,0.771754172476398
