"","bcubed.precision","bcubed.recall","bcubed.f1"
"majority-vote",0.964777327935223,0.497854357247872,0.656786806073304
