"","bcubed.precision","bcubed.recall","bcubed.f1"
"majority-vote",0.994152046783626,0.178933885111834,0.303281257214375
