"","bcubed.precision","bcubed.recall","bcubed.f1"
"majority-vote",0.842871645994001,0.160618064372204,0.269819233611006
