"","bcubed.precision","bcubed.recall","bcubed.f1"
"majority-vote",0.975903614457831,0.0747923326394151,0.138936688502867
