"","bcubed.precision","bcubed.recall","bcubed.f1"
"majority-vote",0.934555680539933,0.0556474236460364,0.105040300633209
