"","bcubed.precision","bcubed.recall","bcubed.f1"
"majority-vote",0.829748830587757,0.216557071979943,0.34347121007327
