"","bcubed.precision","bcubed.recall","bcubed.f1"
"majority-vote",0.874399930173693,0.89217032967033,0.883195751337573
