"","bcubed.precision","bcubed.recall","bcubed.f1"
"majority-vote",0.894320573533281,0.074557706619774,0.137640593893774
