"","bcubed.precision","bcubed.recall","bcubed.f1"
"majority-vote",0.917051191986409,0.809707241580856,0.860042698060262
