"","bcubed.precision","bcubed.recall","bcubed.f1"
"majority-vote",0.96978021978022,0.335117341857785,0.498108325117956
