"","bcubed.precision","bcubed.recall","bcubed.f1"
"majority-vote",0.909747292418773,0.57874219353685,0.707440863434285
