"","bcubed.precision","bcubed.recall","bcubed.f1"
"majority-vote",0.986214502343534,0.850115454395514,0.91312150816299
