"","bcubed.precision","bcubed.recall","bcubed.f1"
"majority-vote",0.908866995073892,0.132837862427196,0.23179684338972
