"","bcubed.precision","bcubed.recall","bcubed.f1"
"majority-vote",0.647173157137745,0.534717215034277,0.585595138732999
