"","bcubed.precision","bcubed.recall","bcubed.f1"
"majority-vote",0.987711968542639,0.791989769259652,0.879088621925011
