"","bcubed.precision","bcubed.recall","bcubed.f1"
"majority-vote",0.987854251012146,0.109928377654714,0.197841015766396
