"","bcubed.precision","bcubed.recall","bcubed.f1"
"majority-vote",0.990291262135922,0.0922737378354804,0.16881734825255
