"","bcubed.precision","bcubed.recall","bcubed.f1"
"majority-vote",0.586198830409357,0.734986295712248,0.652214588849026
