"","bcubed.precision","bcubed.recall","bcubed.f1"
"majority-vote",0.977164622816797,0.68732382781703,0.807008938639464
