"","bcubed.precision","bcubed.recall","bcubed.f1"
"majority-vote",0.941358274936777,0.2896328875881,0.442973635758139
