"","bcubed.precision","bcubed.recall","bcubed.f1"
"majority-vote",0.812115800865801,0.936425859538822,0.869852007637994
