"","bcubed.precision","bcubed.recall","bcubed.f1"
"majority-vote",0.962616822429907,0.100045303103124,0.181252892068322
