"","bcubed.precision","bcubed.recall","bcubed.f1"
"majority-vote",0.981723237597911,0.831493764747333,0.900385061153096
