"","bcubed.precision","bcubed.recall","bcubed.f1"
"majority-vote",0.96509167842031,0.101930412262599,0.184386421821176
