"","bcubed.precision","bcubed.recall","bcubed.f1"
"majority-vote",0.986928104575163,0.490809145185222,0.655587912457849
