"","bcubed.precision","bcubed.recall","bcubed.f1"
"majority-vote",0.982431593326986,0.399760328322985,0.568281683826432
