"","bcubed.precision","bcubed.recall","bcubed.f1"
"majority-vote",0.966442953020134,0.128102146717617,0.226218941534076
