"","bcubed.precision","bcubed.recall","bcubed.f1"
"majority-vote",0.975110469834972,0.166462908197491,0.284378959331225
