"","bcubed.precision","bcubed.recall","bcubed.f1"
"majority-vote",0.658291873963516,0.759873279666452,0.705444501955306
