"","bcubed.precision","bcubed.recall","bcubed.f1"
"majority-vote",0.6470476308601,0.88898489827801,0.748962748365694
