"","bcubed.precision","bcubed.recall","bcubed.f1"
"majority-vote",0.918781725888325,0.076214856031299,0.140753884455904
