"","bcubed.precision","bcubed.recall","bcubed.f1"
"majority-vote",0.966789667896679,0.618530874164971,0.754408010937816
