"","bcubed.precision","bcubed.recall","bcubed.f1"
"majority-vote",0.962098266868585,0.321397063867404,0.48183355360735
