"","bcubed.precision","bcubed.recall","bcubed.f1"
"majority-vote",0.984613271053716,0.72141066247812,0.832708730744609
