"","bcubed.precision","bcubed.recall","bcubed.f1"
"majority-vote",0.99143604971985,0.968212191066236,0.979686507019495
