"","bcubed.precision","bcubed.recall","bcubed.f1"
"majority-vote",0.963812067151107,0.251870737162471,0.399374006078015
