"","bcubed.precision","bcubed.recall","bcubed.f1"
"majority-vote",0.937743190661479,0.423872135150824,0.583840679395555
