"","bcubed.precision","bcubed.recall","bcubed.f1"
"majority-vote",0.897770723104056,0.698721748636216,0.785837629209589
