"","bcubed.precision","bcubed.recall","bcubed.f1"
"majority-vote",0.969230769230769,0.674886804281258,0.795710801947017
