"","bcubed.precision","bcubed.recall","bcubed.f1"
"majority-vote",0.84906521027655,0.704185643396098,0.769868601675135
