"","bcubed.precision","bcubed.recall","bcubed.f1"
"majority-vote",0.815141414141414,0.844648200928536,0.829632530178075
