"","bcubed.precision","bcubed.recall","bcubed.f1"
"majority-vote",0.989661654135338,0.0903857596054128,0.165643321253012
