"","bcubed.precision","bcubed.recall","bcubed.f1"
"majority-vote",0.565801927379109,0.593558282208589,0.579347846007042
