"","bcubed.precision","bcubed.recall","bcubed.f1"
"majority-vote",0.986803519061584,0.34373945146596,0.509871996411236
