"","bcubed.precision","bcubed.recall","bcubed.f1"
"majority-vote",0.992932862190813,0.219006933022085,0.3588613587972
