"","bcubed.precision","bcubed.recall","bcubed.f1"
"majority-vote",0.957937584803257,0.117403063659973,0.209170568250463
