"","bcubed.precision","bcubed.recall","bcubed.f1"
"majority-vote",0.912380952380952,0.0630122540529737,0.117883085478343
