"","bcubed.precision","bcubed.recall","bcubed.f1"
"majority-vote",0.994405182567727,0.162609956742091,0.279512649796279
