"","bcubed.precision","bcubed.recall","bcubed.f1"
"majority-vote",0.901538753799392,0.742452301317113,0.814298253511466
