"","bcubed.precision","bcubed.recall","bcubed.f1"
"majority-vote",0.859953343061107,0.108575503587811,0.192807612510331
