"","bcubed.precision","bcubed.recall","bcubed.f1"
"majority-vote",0.854085150478213,0.200669435699978,0.324983247159334
