"","bcubed.precision","bcubed.recall","bcubed.f1"
"majority-vote",0.924170616113744,0.0922159094824867,0.167698472452545
