"","bcubed.precision","bcubed.recall","bcubed.f1"
"majority-vote",0.926904402027077,0.794087396694535,0.855370843878668
