"","bcubed.precision","bcubed.recall","bcubed.f1"
"majority-vote",0.976760563380282,0.160816533614968,0.276164575376074
