"","bcubed.precision","bcubed.recall","bcubed.f1"
"majority-vote",0.991053187742163,0.485228387987629,0.651484308419153
