"","bcubed.precision","bcubed.recall","bcubed.f1"
"majority-vote",0.584895006747638,0.919351362354589,0.714941424932626
