"","bcubed.precision","bcubed.recall","bcubed.f1"
"majority-vote",0.984536082474227,0.884383063570256,0.931776036065383
