"","bcubed.precision","bcubed.recall","bcubed.f1"
"majority-vote",0.558551133386056,0.93566493955095,0.699519596825822
