"","bcubed.precision","bcubed.recall","bcubed.f1"
"majority-vote",0.970833333333333,0.0472541957761857,0.0901218158315055
