"","bcubed.precision","bcubed.recall","bcubed.f1"
"majority-vote",0.909090909090909,0.107983108845178,0.193037007838881
