"","bcubed.precision","bcubed.recall","bcubed.f1"
"majority-vote",0.993103448275862,0.431061442260542,0.60117842754356
