"","bcubed.precision","bcubed.recall","bcubed.f1"
"majority-vote",0.97700205338809,0.0580112114587276,0.109519509825984
