"","bcubed.precision","bcubed.recall","bcubed.f1"
"majority-vote",0.968010291595197,0.175485487754142,0.297109549924656
