"","bcubed.precision","bcubed.recall","bcubed.f1"
"majority-vote",0.984311554078996,0.299693757623449,0.459487239851033
