"","bcubed.precision","bcubed.recall","bcubed.f1"
"majority-vote",0.994256724418493,0.266184334851243,0.419941199018137
