"","bcubed.precision","bcubed.recall","bcubed.f1"
"majority-vote",0.989734299516908,0.447846393357551,0.616659556737129
