"","bcubed.precision","bcubed.recall","bcubed.f1"
"majority-vote",0.991967871485944,0.190469241808198,0.319576180848476
