"","bcubed.precision","bcubed.recall","bcubed.f1"
"majority-vote",0.994791666666667,0.4807653312359,0.648245165473836
