"","bcubed.precision","bcubed.recall","bcubed.f1"
"majority-vote",0.969187675070028,0.497812142419259,0.657768852021653
