"","bcubed.precision","bcubed.recall","bcubed.f1"
"majority-vote",0.966951566951567,0.0923170809793201,0.168542977805896
