"","bcubed.precision","bcubed.recall","bcubed.f1"
"majority-vote",0.887895050685748,0.658829403489567,0.756400230209751
