"","bcubed.precision","bcubed.recall","bcubed.f1"
"majority-vote",0.972165648336728,0.111116493414458,0.199437678694757
