"","bcubed.precision","bcubed.recall","bcubed.f1"
"majority-vote",0.977380952380952,0.41900899107528,0.586557370557539
