"","bcubed.precision","bcubed.recall","bcubed.f1"
"majority-vote",0.911847056147448,0.21035951366829,0.341854536286549
