"","bcubed.precision","bcubed.recall","bcubed.f1"
"majority-vote",0.987179487179487,0.213143975145509,0.350591097622935
