"","bcubed.precision","bcubed.recall","bcubed.f1"
"majority-vote",0.946612751992499,0.427546217686168,0.589044951360362
