"","bcubed.precision","bcubed.recall","bcubed.f1"
"majority-vote",0.988652482269504,0.88713983129922,0.935149365939641
