"","bcubed.precision","bcubed.recall","bcubed.f1"
"majority-vote",0.941600063238958,0.581261374267296,0.718799141259629
