"","bcubed.precision","bcubed.recall","bcubed.f1"
"majority-vote",0.987642225031606,0.034686743431862,0.0670197040657736
