"","bcubed.precision","bcubed.recall","bcubed.f1"
"majority-vote",0.857788296041308,0.622794446932378,0.721642596407877
