"","bcubed.precision","bcubed.recall","bcubed.f1"
"majority-vote",0.702946273830156,0.0877349813213121,0.155999596051029
