"","bcubed.precision","bcubed.recall","bcubed.f1"
"majority-vote",0.778317571464753,0.617724512116139,0.688784167410271
