"","bcubed.precision","bcubed.recall","bcubed.f1"
"majority-vote",0.791166023318771,0.823006358854248,0.806772158032107
