"","bcubed.precision","bcubed.recall","bcubed.f1"
"majority-vote",0.795729853732335,0.577818611148282,0.669488599330649
