"","bcubed.precision","bcubed.recall","bcubed.f1"
"majority-vote",0.996677740863787,0.0580712872735225,0.109748116120173
