"","bcubed.precision","bcubed.recall","bcubed.f1"
"majority-vote",0.848476890756303,0.750649350649351,0.796570790467859
