"","bcubed.precision","bcubed.recall","bcubed.f1"
"majority-vote",0.986803519061584,0.0208519053928169,0.0408408134792949
