"","bcubed.precision","bcubed.recall","bcubed.f1"
"majority-vote",0.821995328661995,0.87473154078568,0.847543883822855
