"","bcubed.precision","bcubed.recall","bcubed.f1"
"majority-vote",0.969857330560642,0.0923596248202179,0.168657935134544
