"","bcubed.precision","bcubed.recall","bcubed.f1"
"majority-vote",0.787017294479981,0.0608809327169971,0.113019099263237
