"","bcubed.precision","bcubed.recall","bcubed.f1"
"majority-vote",0.901639344262295,0.0776132924009762,0.142923685771024
