"","bcubed.precision","bcubed.recall","bcubed.f1"
"majority-vote",0.994990892531876,0.0821194828910242,0.151717297391951
