"","bcubed.precision","bcubed.recall","bcubed.f1"
"majority-vote",0.975124378109453,0.0798497098263021,0.147611964174299
