"","bcubed.precision","bcubed.recall","bcubed.f1"
"majority-vote",0.985862271721085,0.539355862827058,0.697251867320996
