"","bcubed.precision","bcubed.recall","bcubed.f1"
"majority-vote",0.939641109298532,0.118397562186083,0.210297070738762
