"","bcubed.precision","bcubed.recall","bcubed.f1"
"majority-vote",0.976401179941003,0.281885633177922,0.437473335925879
