"","bcubed.precision","bcubed.recall","bcubed.f1"
"majority-vote",0.986737400530504,0.066234461103573,0.124136308587495
