"","bcubed.precision","bcubed.recall","bcubed.f1"
"majority-vote",0.847125322997416,0.458500471920717,0.59497501027032
