"","bcubed.precision","bcubed.recall","bcubed.f1"
"majority-vote",0.907370417820591,0.810811843787613,0.856377926731515
