"","bcubed.precision","bcubed.recall","bcubed.f1"
"majority-vote",0.981530343007916,0.619631018602549,0.759681891918231
