"","bcubed.precision","bcubed.recall","bcubed.f1"
"majority-vote",0.876629393491087,0.236810763625722,0.37288986707096
