"","bcubed.precision","bcubed.recall","bcubed.f1"
"majority-vote",0.993104982206406,0.506462484412399,0.670820656978743
