"","bcubed.precision","bcubed.recall","bcubed.f1"
"majority-vote",0.5824397315223,0.828656462585034,0.684067393290034
