"","bcubed.precision","bcubed.recall","bcubed.f1"
"majority-vote",0.933250869943454,0.131280788278345,0.23018180609543
