"","bcubed.precision","bcubed.recall","bcubed.f1"
"majority-vote",0.991967871485944,0.0603011038890442,0.113691003104509
