"","bcubed.precision","bcubed.recall","bcubed.f1"
"majority-vote",0.941424099571672,0.363978279737697,0.524984372170354
