"","bcubed.precision","bcubed.recall","bcubed.f1"
"majority-vote",0.906310520836212,0.696690340255558,0.787794692397766
