"","bcubed.precision","bcubed.recall","bcubed.f1"
"majority-vote",0.851909559958189,0.837026268213168,0.84440233658727
