"","bcubed.precision","bcubed.recall","bcubed.f1"
"majority-vote",0.826344445505779,0.842857278036948,0.83451918391471
