"","bcubed.precision","bcubed.recall","bcubed.f1"
"majority-vote",0.963457681508223,0.836210477010389,0.895335513516541
