"","bcubed.precision","bcubed.recall","bcubed.f1"
"majority-vote",0.968023255813954,0.103281237444444,0.186648409233079
