"","bcubed.precision","bcubed.recall","bcubed.f1"
"majority-vote",0.872893316728933,0.733965566557145,0.79742364985617
