"","bcubed.precision","bcubed.recall","bcubed.f1"
"majority-vote",0.905506381107756,0.863089793675193,0.883789444741706
