"","bcubed.precision","bcubed.recall","bcubed.f1"
"majority-vote",0.837425983977708,0.316485969387755,0.459365332955761
