"","bcubed.precision","bcubed.recall","bcubed.f1"
"majority-vote",0.942307692307692,0.114382682076683,0.204002390483472
