"","bcubed.precision","bcubed.recall","bcubed.f1"
"majority-vote",0.95672514619883,0.483329258439983,0.642216368983844
