"","bcubed.precision","bcubed.recall","bcubed.f1"
"majority-vote",0.985271317829457,0.514813333915554,0.676269584323932
