"","bcubed.precision","bcubed.recall","bcubed.f1"
"majority-vote",0.946708463949843,0.0669251373555169,0.125012813118824
