"","bcubed.precision","bcubed.recall","bcubed.f1"
"majority-vote",0.920656417074482,0.856520404592213,0.887431117972284
