"","bcubed.precision","bcubed.recall","bcubed.f1"
"majority-vote",0.736638946489453,0.419512063568879,0.534582285287116
