"","bcubed.precision","bcubed.recall","bcubed.f1"
"majority-vote",0.92657294934365,0.956852791878173,0.941469466041289
