"","bcubed.precision","bcubed.recall","bcubed.f1"
"majority-vote",0.964658634538153,0.140573349190123,0.245387931363987
