"","bcubed.precision","bcubed.recall","bcubed.f1"
"majority-vote",0.910526315789474,0.121149399959946,0.21384571745106
