"","bcubed.precision","bcubed.recall","bcubed.f1"
"majority-vote",0.782069885072941,0.853824771334653,0.816373643834127
