"","bcubed.precision","bcubed.recall","bcubed.f1"
"majority-vote",0.782443822373151,0.861869065467266,0.820238205217828
