"","bcubed.precision","bcubed.recall","bcubed.f1"
"majority-vote",0.991341991341991,0.217410485421766,0.356612536809331
