"","bcubed.precision","bcubed.recall","bcubed.f1"
"majority-vote",0.985611257108073,0.863959013892931,0.920784403949149
