"","bcubed.precision","bcubed.recall","bcubed.f1"
"majority-vote",0.914497098646035,0.111629935941313,0.198971957855932
