"","bcubed.precision","bcubed.recall","bcubed.f1"
"majority-vote",0.927836248258783,0.611096071271368,0.73687072381093
