"","bcubed.precision","bcubed.recall","bcubed.f1"
"majority-vote",0.9588730904415,0.59766119653212,0.736355431874185
