"","bcubed.precision","bcubed.recall","bcubed.f1"
"majority-vote",0.981535353535353,0.799492947618272,0.881210694385068
