"","bcubed.precision","bcubed.recall","bcubed.f1"
"majority-vote",0.965809231591154,0.946005708080262,0.955804902496342
