"","bcubed.precision","bcubed.recall","bcubed.f1"
"majority-vote",0.761194029850746,0.192642405360342,0.307470428772053
