"","bcubed.precision","bcubed.recall","bcubed.f1"
"majority-vote",0.704258802414667,0.769763244792536,0.735555539277785
