"","bcubed.precision","bcubed.recall","bcubed.f1"
"majority-vote",0.985645933014354,0.224625305175113,0.365870081865563
