"","bcubed.precision","bcubed.recall","bcubed.f1"
"majority-vote",0.92367306606437,0.610832620055361,0.735363373524371
