"","bcubed.precision","bcubed.recall","bcubed.f1"
"majority-vote",0.992283950617284,0.778379681912291,0.872411509061987
