"","bcubed.precision","bcubed.recall","bcubed.f1"
"majority-vote",0.992452830188679,0.0733119226149179,0.13653787084692
