"","bcubed.precision","bcubed.recall","bcubed.f1"
"majority-vote",0.757907379306639,0.458948836534213,0.571703879892034
