"","bcubed.precision","bcubed.recall","bcubed.f1"
"majority-vote",0.852424242424242,0.475522080104443,0.610486345738984
