"","bcubed.precision","bcubed.recall","bcubed.f1"
"majority-vote",0.872722454117803,0.269108528471118,0.411369211332562
