"","bcubed.precision","bcubed.recall","bcubed.f1"
"majority-vote",0.985781990521327,0.665837383234168,0.794820539693255
