"","bcubed.precision","bcubed.recall","bcubed.f1"
"majority-vote",0.942583095916429,0.881656710473915,0.911102486397751
