"","bcubed.precision","bcubed.recall","bcubed.f1"
"majority-vote",0.930189813047569,0.60535961205392,0.73341741419462
