"","bcubed.precision","bcubed.recall","bcubed.f1"
"majority-vote",0.987577639751553,0.142466355156169,0.249010812681898
