"","bcubed.precision","bcubed.recall","bcubed.f1"
"majority-vote",0.946246616352652,0.135254431196183,0.236678546278175
