"","bcubed.precision","bcubed.recall","bcubed.f1"
"majority-vote",0.929832713754647,0.540757492572481,0.683826132716647
