"","bcubed.precision","bcubed.recall","bcubed.f1"
"majority-vote",0.966931216931217,0.259904372339298,0.409687578726359
