"","bcubed.precision","bcubed.recall","bcubed.f1"
"majority-vote",0.887323943661972,0.0753788221561078,0.138953446731431
