"","bcubed.precision","bcubed.recall","bcubed.f1"
"majority-vote",0.984677419354839,0.509282474339493,0.671341921121027
