"","bcubed.precision","bcubed.recall","bcubed.f1"
"majority-vote",0.94811320754717,0.148095124489938,0.256175654569828
