"","bcubed.precision","bcubed.recall","bcubed.f1"
"majority-vote",0.928571428571429,0.290894247013792,0.443007280845651
