"","bcubed.precision","bcubed.recall","bcubed.f1"
"majority-vote",0.964440321583179,0.381853879462033,0.547094799963087
