"","bcubed.precision","bcubed.recall","bcubed.f1"
"majority-vote",0.991458281752909,0.272142800295409,0.427062364864284
