"","bcubed.precision","bcubed.recall","bcubed.f1"
"majority-vote",0.969888824251826,0.454101232866598,0.61858256472315
