"","bcubed.precision","bcubed.recall","bcubed.f1"
"majority-vote",0.992458521870287,0.45600712693104,0.624893188914515
