"","bcubed.precision","bcubed.recall","bcubed.f1"
"majority-vote",0.986296296296296,0.716554112390594,0.830060777554387
