"","bcubed.precision","bcubed.recall","bcubed.f1"
"majority-vote",0.997628458498024,0.400991070726862,0.572049932668127
