"","bcubed.precision","bcubed.recall","bcubed.f1"
"majority-vote",0.933383954907859,0.720045429637959,0.812951381063571
