"","bcubed.precision","bcubed.recall","bcubed.f1"
"majority-vote",0.880549105995495,0.221238450977751,0.353627737012131
