"","bcubed.precision","bcubed.recall","bcubed.f1"
"majority-vote",0.838337134275225,0.862680628267758,0.850334689763086
