"","bcubed.precision","bcubed.recall","bcubed.f1"
"majority-vote",0.973425196850394,0.0575330341095561,0.108644760518277
