"","bcubed.precision","bcubed.recall","bcubed.f1"
"majority-vote",0.992307692307692,0.252130391545406,0.402094616423827
