"","bcubed.precision","bcubed.recall","bcubed.f1"
"majority-vote",0.941787697784648,0.351257162577352,0.511675479505759
