"","bcubed.precision","bcubed.recall","bcubed.f1"
"majority-vote",0.246640238416554,0.669233565913783,0.360442509596666
