"","bcubed.precision","bcubed.recall","bcubed.f1"
"majority-vote",0.96919319846972,0.516667772181024,0.674021191157668
