"","bcubed.precision","bcubed.recall","bcubed.f1"
"majority-vote",0.992079207920792,0.217061153607349,0.356190007699351
