"","bcubed.precision","bcubed.recall","bcubed.f1"
"majority-vote",0.99364406779661,0.232297574656432,0.376561328904765
