"","bcubed.precision","bcubed.recall","bcubed.f1"
"majority-vote",0.989971751412429,0.0469616665008281,0.0896696401754126
