"","bcubed.precision","bcubed.recall","bcubed.f1"
"majority-vote",0.868332057402975,0.242526617822776,0.37915468767661
