"","bcubed.precision","bcubed.recall","bcubed.f1"
"majority-vote",0.936507936507937,0.0501583582801857,0.0952169965868545
