"","bcubed.precision","bcubed.recall","bcubed.f1"
"majority-vote",0.950657894736842,0.0299562959535932,0.0580823518886784
