"","bcubed.precision","bcubed.recall","bcubed.f1"
"majority-vote",0.971439224459359,0.480136862188026,0.642644619636241
