"","bcubed.precision","bcubed.recall","bcubed.f1"
"majority-vote",0.975301536459637,0.49639465743725,0.657927191898175
