"","bcubed.precision","bcubed.recall","bcubed.f1"
"majority-vote",0.841966533988257,0.89004641004641,0.865339134486823
