"","bcubed.precision","bcubed.recall","bcubed.f1"
"majority-vote",0.981099656357388,0.536505893845961,0.693679260747901
