"","bcubed.precision","bcubed.recall","bcubed.f1"
"majority-vote",0.979357798165138,0.0344388403687029,0.0665378944708895
