"","bcubed.precision","bcubed.recall","bcubed.f1"
"majority-vote",0.989333333333333,0.0828729138962093,0.152935009210836
