"","bcubed.precision","bcubed.recall","bcubed.f1"
"majority-vote",0.809961685823755,0.854609041398339,0.831686594713095
