"","bcubed.precision","bcubed.recall","bcubed.f1"
"majority-vote",0.948834794646977,0.840728660557454,0.891516423934499
