"","bcubed.precision","bcubed.recall","bcubed.f1"
"majority-vote",0.954336940572267,0.818885030861198,0.881437572534416
