"","bcubed.precision","bcubed.recall","bcubed.f1"
"majority-vote",0.99615806805708,0.431705898049589,0.602364543931349
