"","bcubed.precision","bcubed.recall","bcubed.f1"
"majority-vote",0.866666666666667,0.445738396051876,0.588700273849024
