"","bcubed.precision","bcubed.recall","bcubed.f1"
"majority-vote",0.998256915498295,0.783725322028637,0.878077464623876
