"","bcubed.precision","bcubed.recall","bcubed.f1"
"majority-vote",0.953068264342774,0.119994088488124,0.213151747137647
