"","bcubed.precision","bcubed.recall","bcubed.f1"
"majority-vote",0.493137688944575,0.52781073497203,0.509885435829823
