"","bcubed.precision","bcubed.recall","bcubed.f1"
"majority-vote",0.879819925621452,0.288030153566856,0.43398493146322
