"","bcubed.precision","bcubed.recall","bcubed.f1"
"majority-vote",0.790546740931651,0.700798955142713,0.742972379234
