"","bcubed.precision","bcubed.recall","bcubed.f1"
"majority-vote",0.99546485260771,0.419538124139492,0.590296223785892
