"","bcubed.precision","bcubed.recall","bcubed.f1"
"majority-vote",0.824283838135106,0.433645874364938,0.568310426506398
