"","bcubed.precision","bcubed.recall","bcubed.f1"
"majority-vote",0.9923900789177,0.0765995399769751,0.142221443836677
