"","bcubed.precision","bcubed.recall","bcubed.f1"
"majority-vote",0.947214076246334,0.0281670665305543,0.054707315395395
