"","bcubed.precision","bcubed.recall","bcubed.f1"
"majority-vote",0.984939719989629,0.730345270073085,0.838748161348085
