"","bcubed.precision","bcubed.recall","bcubed.f1"
"majority-vote",0.990881458966565,0.0353232389842933,0.0682147385410962
