"","bcubed.precision","bcubed.recall","bcubed.f1"
"majority-vote",0.859159779614325,0.143647408334689,0.246141186800658
