"","bcubed.precision","bcubed.recall","bcubed.f1"
"majority-vote",0.882620564149227,0.217153048034309,0.348551272079039
