"","bcubed.precision","bcubed.recall","bcubed.f1"
"majority-vote",0.991452991452991,0.554845878908171,0.711510067016197
