"","bcubed.precision","bcubed.recall","bcubed.f1"
"majority-vote",0.950495708297292,0.592028039787105,0.729609656523114
