"","bcubed.precision","bcubed.recall","bcubed.f1"
"majority-vote",0.67849035452832,0.638445057891443,0.65785885866595
