"","bcubed.precision","bcubed.recall","bcubed.f1"
"majority-vote",0.259053299172582,0.81906776079246,0.393614805532258
