"","bcubed.precision","bcubed.recall","bcubed.f1"
"majority-vote",0.976689189189189,0.545400951789591,0.699941743323878
