"","bcubed.precision","bcubed.recall","bcubed.f1"
"majority-vote",0.921659480260107,0.564789196077505,0.700385186787422
