"","bcubed.precision","bcubed.recall","bcubed.f1"
"majority-vote",0.973104812129202,0.676703933634292,0.798279019792139
