"","bcubed.precision","bcubed.recall","bcubed.f1"
"majority-vote",0.958640274776009,0.0518212598445401,0.0983272397306328
