"","bcubed.precision","bcubed.recall","bcubed.f1"
"majority-vote",0.980876301137739,0.0982716769943138,0.178645303498849
