"","bcubed.precision","bcubed.recall","bcubed.f1"
"majority-vote",0.944137529137529,0.752045623605257,0.837214419588132
