"","bcubed.precision","bcubed.recall","bcubed.f1"
"majority-vote",0.919388642834546,0.535411445233732,0.676726934551052
