"","bcubed.precision","bcubed.recall","bcubed.f1"
"majority-vote",0.922843031253648,0.457030993977269,0.611313583916864
