"","bcubed.precision","bcubed.recall","bcubed.f1"
"majority-vote",0.951299463984453,0.658369455423803,0.77818053451469
