"","bcubed.precision","bcubed.recall","bcubed.f1"
"majority-vote",0.99455068430972,0.842326836131534,0.912131290153541
