"","bcubed.precision","bcubed.recall","bcubed.f1"
"majority-vote",0.963789176027021,0.394049932272366,0.559390368442018
