"","bcubed.precision","bcubed.recall","bcubed.f1"
"majority-vote",0.994219653179191,0.0479630734565729,0.0915114577101754
