"","bcubed.precision","bcubed.recall","bcubed.f1"
"majority-vote",0.984271259524218,0.396688718826651,0.565475192676948
