"","bcubed.precision","bcubed.recall","bcubed.f1"
"majority-vote",0.953703703703704,0.47882431294196,0.637553353749287
