"","bcubed.precision","bcubed.recall","bcubed.f1"
"majority-vote",0.947076971196224,0.583776843357814,0.722317963224822
