"","bcubed.precision","bcubed.recall","bcubed.f1"
"majority-vote",0.990363436123348,0.18245318441824,0.308138475337523
