"","bcubed.precision","bcubed.recall","bcubed.f1"
"majority-vote",0.949685534591195,0.0271232443678404,0.0527402156536112
