"","bcubed.precision","bcubed.recall","bcubed.f1"
"majority-vote",0.996698113207547,0.737954444030295,0.848028959954165
