"","bcubed.precision","bcubed.recall","bcubed.f1"
"majority-vote",0.980511136493432,0.0538465657289267,0.102086845287083
