"","bcubed.precision","bcubed.recall","bcubed.f1"
"majority-vote",0.922360248447205,0.489408053673597,0.639496627456955
