"","bcubed.precision","bcubed.recall","bcubed.f1"
"majority-vote",0.989276139410188,0.438425124457858,0.607583008463579
