"","bcubed.precision","bcubed.recall","bcubed.f1"
"majority-vote",0.957311193014439,0.382122682037901,0.546216319346539
