"","bcubed.precision","bcubed.recall","bcubed.f1"
"majority-vote",0.839285714285714,0.0553721796698385,0.103890167805452
