"","bcubed.precision","bcubed.recall","bcubed.f1"
"majority-vote",0.993957703927492,0.0195815802402873,0.0384065281710107
