"","bcubed.precision","bcubed.recall","bcubed.f1"
"majority-vote",0.99702380952381,0.0468348295134066,0.0894669802856132
