"","bcubed.precision","bcubed.recall","bcubed.f1"
"majority-vote",0.966923868312757,0.685543202385991,0.802276906935619
