"","bcubed.precision","bcubed.recall","bcubed.f1"
"majority-vote",0.995776826076612,0.207179599381193,0.342996037983862
