"","bcubed.precision","bcubed.recall","bcubed.f1"
"majority-vote",0.958927604260697,0.525524835796388,0.678957786953885
