"","bcubed.precision","bcubed.recall","bcubed.f1"
"majority-vote",0.771476238624874,0.643968552713975,0.701979250452516
