"","bcubed.precision","bcubed.recall","bcubed.f1"
"majority-vote",0.930611224999745,0.516160543737904,0.664022904350118
