"","bcubed.precision","bcubed.recall","bcubed.f1"
"majority-vote",0.81608581184996,0.779030770809881,0.797127891420156
