"","bcubed.precision","bcubed.recall","bcubed.f1"
"majority-vote",0.946621811045697,0.647879311189496,0.769264666352209
