"","bcubed.precision","bcubed.recall","bcubed.f1"
"majority-vote",0.574879974999083,0.811037429516964,0.672838331757359
