"","bcubed.precision","bcubed.recall","bcubed.f1"
"majority-vote",0.950828005691515,0.998289828982898,0.97398105984956
