"","bcubed.precision","bcubed.recall","bcubed.f1"
"majority-vote",0.860269694057494,0.105316707985085,0.187659585855429
