"","bcubed.precision","bcubed.recall","bcubed.f1"
"majority-vote",0.989949748743719,0.168311667611675,0.287707232080826
