"","bcubed.precision","bcubed.recall","bcubed.f1"
"majority-vote",0.817246298075485,0.741436189409495,0.777497644221069
