"","bcubed.precision","bcubed.recall","bcubed.f1"
"majority-vote",0.995612587574547,0.278168657020231,0.434844236517477
