"","bcubed.precision","bcubed.recall","bcubed.f1"
"majority-vote",0.900566818423544,0.163144081340511,0.276244506491463
