"","bcubed.precision","bcubed.recall","bcubed.f1"
"majority-vote",0.998445797176531,0.708096122707291,0.828571029491292
