"","bcubed.precision","bcubed.recall","bcubed.f1"
"majority-vote",0.956068622735289,0.824158102766798,0.88522623656956
