"","bcubed.precision","bcubed.recall","bcubed.f1"
"majority-vote",0.944596990169782,0.732111800566762,0.824890532099326
