"","bcubed.precision","bcubed.recall","bcubed.f1"
"majority-vote",0.990653717627402,0.163412931214789,0.280548143348102
