"","bcubed.precision","bcubed.recall","bcubed.f1"
"majority-vote",0.910983606557377,0.693770099652267,0.787676245965096
