"","bcubed.precision","bcubed.recall","bcubed.f1"
"majority-vote",0.892815420560748,0.415705474576662,0.567279069815072
