"","bcubed.precision","bcubed.recall","bcubed.f1"
"majority-vote",0.932974804590525,0.920444865609347,0.926667481127601
