"","bcubed.precision","bcubed.recall","bcubed.f1"
"majority-vote",0.954915169660679,0.636050220466439,0.763528871160286
