"","bcubed.precision","bcubed.recall","bcubed.f1"
"majority-vote",0.810904872389791,0.0628007341553916,0.116573410848611
