"","bcubed.precision","bcubed.recall","bcubed.f1"
"majority-vote",0.998943848571023,0.851935370269028,0.919601440059031
