"","bcubed.precision","bcubed.recall","bcubed.f1"
"majority-vote",0.893934827020329,0.875526747027298,0.884635035464695
