"","bcubed.precision","bcubed.recall","bcubed.f1"
"majority-vote",0.737178505447201,0.717992962660132,0.727459259249803
