"","bcubed.precision","bcubed.recall","bcubed.f1"
"majority-vote",0.996319330694331,0.0369710237051135,0.071296408480212
