"","bcubed.precision","bcubed.recall","bcubed.f1"
"majority-vote",0.712117334113374,0.914170854271357,0.800592313610112
