"","bcubed.precision","bcubed.recall","bcubed.f1"
"majority-vote",0.611304347826087,0.62343936556798,0.617312225433477
