"","bcubed.precision","bcubed.recall","bcubed.f1"
"majority-vote",0.958107326528379,0.645811432362087,0.771556117131439
