"","bcubed.precision","bcubed.recall","bcubed.f1"
"majority-vote",0.769028871391076,0.115698032214966,0.201135800830271
