"","bcubed.precision","bcubed.recall","bcubed.f1"
"majority-vote",0.954873903391085,0.0904612116896052,0.165265758445076
