"","bcubed.precision","bcubed.recall","bcubed.f1"
"majority-vote",0.733715189212572,0.812211738574535,0.770970579187626
