"","bcubed.precision","bcubed.recall","bcubed.f1"
"majority-vote",0.96262233653538,0.415707469039604,0.58065826269378
