"","bcubed.precision","bcubed.recall","bcubed.f1"
"majority-vote",0.898826979472141,0.0502882743254392,0.0952475635260225
