"","bcubed.precision","bcubed.recall","bcubed.f1"
"majority-vote",0.98726079825041,0.756523367117117,0.85662650016978
