"","bcubed.precision","bcubed.recall","bcubed.f1"
"majority-vote",0.855022282665079,0.950699696455214,0.900326222963899
