"","bcubed.precision","bcubed.recall","bcubed.f1"
"majority-vote",0.639017747958578,0.819449660118202,0.718072784450715
