"","bcubed.precision","bcubed.recall","bcubed.f1"
"majority-vote",0.601092896174863,0.0429821996185633,0.0802275853279529
