"","bcubed.precision","bcubed.recall","bcubed.f1"
"majority-vote",0.992202729044834,0.142320328202193,0.248933888366141
