"","bcubed.precision","bcubed.recall","bcubed.f1"
"majority-vote",0.753138075313807,0.145001271455817,0.243182706325192
