"","bcubed.precision","bcubed.recall","bcubed.f1"
"majority-vote",0.988795518207283,0.0247516969653193,0.048294478364611
