"","bcubed.precision","bcubed.recall","bcubed.f1"
"majority-vote",0.975531914893617,0.353632283512697,0.519092493037322
