"","bcubed.precision","bcubed.recall","bcubed.f1"
"majority-vote",0.95766795154185,0.793883392446021,0.868118065526876
