"","bcubed.precision","bcubed.recall","bcubed.f1"
"majority-vote",0.837089880991518,0.529375381038003,0.648585495769988
