"","bcubed.precision","bcubed.recall","bcubed.f1"
"majority-vote",0.99571714962639,0.772842774497186,0.870236619110361
