"","bcubed.precision","bcubed.recall","bcubed.f1"
"majority-vote",0.987903225806452,0.357738731856379,0.525267877066863
