"","bcubed.precision","bcubed.recall","bcubed.f1"
"majority-vote",0.987996306555863,0.0321479244559486,0.0622696863058502
