"","bcubed.precision","bcubed.recall","bcubed.f1"
"majority-vote",0.890388352098805,0.883454095840031,0.886907670367203
