"","bcubed.precision","bcubed.recall","bcubed.f1"
"majority-vote",0.966101694915254,0.12049663227426,0.214268691123135
