"","bcubed.precision","bcubed.recall","bcubed.f1"
"majority-vote",0.954344361759877,0.882944044669891,0.917256831133639
