"","bcubed.precision","bcubed.recall","bcubed.f1"
"majority-vote",0.986348122866894,0.448951047004306,0.617044908500242
