"","bcubed.precision","bcubed.recall","bcubed.f1"
"majority-vote",0.914003944773175,0.122049197754527,0.215343100899009
