"","bcubed.precision","bcubed.recall","bcubed.f1"
"majority-vote",0.991399082568807,0.0296002832835739,0.0574842544914074
