"","bcubed.precision","bcubed.recall","bcubed.f1"
"majority-vote",0.980561713827107,0.784192034139403,0.871451539175188
