"","bcubed.precision","bcubed.recall","bcubed.f1"
"majority-vote",0.985973282442748,0.316147866235265,0.478777799939313
