"","bcubed.precision","bcubed.recall","bcubed.f1"
"majority-vote",0.930188229866325,0.805459567901235,0.863342217999094
