"","bcubed.precision","bcubed.recall","bcubed.f1"
"majority-vote",0.853357835982627,0.614244826708467,0.714322274562117
