"","bcubed.precision","bcubed.recall","bcubed.f1"
"majority-vote",0.860278393647652,0.929240182739353,0.893430515076118
