"","bcubed.precision","bcubed.recall","bcubed.f1"
"majority-vote",0.996535796766744,0.177940074723847,0.301962191724912
