"","bcubed.precision","bcubed.recall","bcubed.f1"
"majority-vote",0.925752051187594,0.110095525669269,0.196787946396839
