"","bcubed.precision","bcubed.recall","bcubed.f1"
"majority-vote",0.995196324143693,0.66055348010891,0.794057645202561
