"","bcubed.precision","bcubed.recall","bcubed.f1"
"majority-vote",0.985981308411215,0.0420760345610114,0.080707917496665
