"","bcubed.precision","bcubed.recall","bcubed.f1"
"majority-vote",0.974358974358974,0.125001310006761,0.221576402101855
