"","bcubed.precision","bcubed.recall","bcubed.f1"
"majority-vote",0.976302566481138,0.499649616094062,0.661009493793806
