"","bcubed.precision","bcubed.recall","bcubed.f1"
"majority-vote",0.972615533430063,0.682745358223422,0.802300868811848
