"","bcubed.precision","bcubed.recall","bcubed.f1"
"majority-vote",0.963512758440829,0.877391345924179,0.918437580685516
