"","bcubed.precision","bcubed.recall","bcubed.f1"
"majority-vote",0.949823859262461,0.924521786379815,0.937002044583505
