"","bcubed.precision","bcubed.recall","bcubed.f1"
"majority-vote",0.970579687820928,0.337185167793346,0.500495289332411
