"","bcubed.precision","bcubed.recall","bcubed.f1"
"majority-vote",0.989463228850021,0.848766082430345,0.913730211248735
