"","bcubed.precision","bcubed.recall","bcubed.f1"
"majority-vote",0.992584242754566,0.952139843279084,0.971941482213192
