"","bcubed.precision","bcubed.recall","bcubed.f1"
"majority-vote",0.993730407523511,0.0386159031838856,0.0743428766292896
