"","bcubed.precision","bcubed.recall","bcubed.f1"
"majority-vote",0.850018992951505,0.690286611882322,0.761870538987513
