"","bcubed.precision","bcubed.recall","bcubed.f1"
"majority-vote",0.446960109344943,0.793753095441075,0.571890375572197
