"","bcubed.precision","bcubed.recall","bcubed.f1"
"majority-vote",0.969859514687101,0.584754463508857,0.729608363418858
