"","bcubed.precision","bcubed.recall","bcubed.f1"
"majority-vote",0.779026217228464,0.620626191989828,0.69086306210664
