"","bcubed.precision","bcubed.recall","bcubed.f1"
"majority-vote",0.949869565217391,0.0961956978533208,0.174699168247862
