"","bcubed.precision","bcubed.recall","bcubed.f1"
"majority-vote",0.874321576582204,0.839178795837411,0.856389808395377
