"","bcubed.precision","bcubed.recall","bcubed.f1"
"majority-vote",0.993798076923077,0.320152867689954,0.484290993565802
