"","bcubed.precision","bcubed.recall","bcubed.f1"
"majority-vote",0.994350282485876,0.0986130049831075,0.179431222413345
