"","bcubed.precision","bcubed.recall","bcubed.f1"
"majority-vote",0.708935559355433,0.251470814511796,0.371252435215787
