"","bcubed.precision","bcubed.recall","bcubed.f1"
"majority-vote",0.96339338714278,0.799998015873016,0.874125616016179
