"","bcubed.precision","bcubed.recall","bcubed.f1"
"majority-vote",0.873152709359606,0.0378188546669621,0.0724976206093126
