"","bcubed.precision","bcubed.recall","bcubed.f1"
"majority-vote",0.998080614203455,0.192661981002758,0.322978600256735
