"","bcubed.precision","bcubed.recall","bcubed.f1"
"majority-vote",0.904761904761905,0.0501865968463445,0.0950981563503071
