"","bcubed.precision","bcubed.recall","bcubed.f1"
"majority-vote",0.972637475066428,0.862224460864127,0.914108910466969
