"","bcubed.precision","bcubed.recall","bcubed.f1"
"majority-vote",0.985576923076923,0.0405206926625651,0.0778410532930345
