"","bcubed.precision","bcubed.recall","bcubed.f1"
"majority-vote",0.989703362043788,0.0457384518450095,0.0874361049717959
