"","bcubed.precision","bcubed.recall","bcubed.f1"
"majority-vote",0.953153153153153,0.123379770200597,0.218478811842835
