"","bcubed.precision","bcubed.recall","bcubed.f1"
"majority-vote",0.96667164401971,0.708244725834067,0.817521526224114
