"","bcubed.precision","bcubed.recall","bcubed.f1"
"majority-vote",0.996735582154516,0.0534143784163075,0.101395064638693
