"","bcubed.precision","bcubed.recall","bcubed.f1"
"majority-vote",0.944469546358214,0.544438817702716,0.6907152858931
