"","bcubed.precision","bcubed.recall","bcubed.f1"
"majority-vote",0.970802919708029,0.166490619345684,0.284235465716744
