"","bcubed.precision","bcubed.recall","bcubed.f1"
"majority-vote",0.983073992938193,0.613043082125189,0.755166046405479
