"","bcubed.precision","bcubed.recall","bcubed.f1"
"majority-vote",0.889875398435236,0.390666442445789,0.542964618614164
