"","bcubed.precision","bcubed.recall","bcubed.f1"
"majority-vote",0.921590909090909,0.323742130658234,0.479161469231476
