"","bcubed.precision","bcubed.recall","bcubed.f1"
"majority-vote",0.933333333333333,0.0529962194668077,0.100297386463981
