"","bcubed.precision","bcubed.recall","bcubed.f1"
"majority-vote",0.958571451073886,0.667060179616954,0.786678645096609
