"","bcubed.precision","bcubed.recall","bcubed.f1"
"majority-vote",0.990279465370595,0.0974563632965503,0.17744940048638
