"","bcubed.precision","bcubed.recall","bcubed.f1"
"majority-vote",0.927000879507476,0.163298148006064,0.277680751800328
