"","bcubed.precision","bcubed.recall","bcubed.f1"
"majority-vote",0.976022263486721,0.275369966419776,0.429549123764935
