"","bcubed.precision","bcubed.recall","bcubed.f1"
"majority-vote",0.903508771929825,0.050875444263727,0.096326844866391
