"","bcubed.precision","bcubed.recall","bcubed.f1"
"majority-vote",0.965277777777778,0.151622183946311,0.262078126595305
