"","bcubed.precision","bcubed.recall","bcubed.f1"
"majority-vote",0.997404844290657,0.169432487635253,0.289659542635114
