"","bcubed.precision","bcubed.recall","bcubed.f1"
"majority-vote",0.869450158893348,0.579321224079845,0.695335283739284
