"","bcubed.precision","bcubed.recall","bcubed.f1"
"majority-vote",0.983269394714407,0.122862937213135,0.21843203099556
