"","bcubed.precision","bcubed.recall","bcubed.f1"
"majority-vote",0.997849462365591,0.960798316624469,0.978973446854078
