"","bcubed.precision","bcubed.recall","bcubed.f1"
"majority-vote",0.967143409354465,0.354707491787952,0.51904948225989
