"","bcubed.precision","bcubed.recall","bcubed.f1"
"majority-vote",0.957754488585588,0.738551280442274,0.833989740304424
