"","bcubed.precision","bcubed.recall","bcubed.f1"
"majority-vote",0.730635359116022,0.902104617090362,0.807366194829696
