"","bcubed.precision","bcubed.recall","bcubed.f1"
"majority-vote",0.995055264688772,0.684381191812613,0.810982880990657
