"","bcubed.precision","bcubed.recall","bcubed.f1"
"majority-vote",0.994962216624685,0.104876233063229,0.189751302747139
