"","bcubed.precision","bcubed.recall","bcubed.f1"
"majority-vote",0.945823109163528,0.421523932236911,0.583154187055271
