"","bcubed.precision","bcubed.recall","bcubed.f1"
"majority-vote",0.765882352941176,0.0875556577372017,0.157146347648092
