"","bcubed.precision","bcubed.recall","bcubed.f1"
"majority-vote",0.907142857142857,0.106560268856185,0.190717349624118
