"","bcubed.precision","bcubed.recall","bcubed.f1"
"majority-vote",0.996296296296296,0.0369261929834481,0.0712129859491878
