"","bcubed.precision","bcubed.recall","bcubed.f1"
"majority-vote",0.972493773829634,0.723977304750602,0.830032919692501
