"","bcubed.precision","bcubed.recall","bcubed.f1"
"majority-vote",0.986225895316804,0.0792145343797576,0.146650010480698
