"","bcubed.precision","bcubed.recall","bcubed.f1"
"majority-vote",0.967042889390519,0.906025746590151,0.9355404698088
