"","bcubed.precision","bcubed.recall","bcubed.f1"
"majority-vote",0.855026595933556,0.139419487638866,0.239746270596034
