"","bcubed.precision","bcubed.recall","bcubed.f1"
"majority-vote",0.959249198264478,0.383577675574754,0.548017894094197
