"","bcubed.precision","bcubed.recall","bcubed.f1"
"majority-vote",0.992307692307692,0.0628953775827644,0.11829299737055
