"","bcubed.precision","bcubed.recall","bcubed.f1"
"majority-vote",0.978707274981734,0.651555617488416,0.782306002101197
