"","bcubed.precision","bcubed.recall","bcubed.f1"
"majority-vote",0.960822093770071,0.0725200319102758,0.134861140698058
