"","bcubed.precision","bcubed.recall","bcubed.f1"
"majority-vote",0.980327116601627,0.205564845998765,0.339863662303162
