"","bcubed.precision","bcubed.recall","bcubed.f1"
"majority-vote",0.980765027322404,0.123599771636847,0.219533135284092
