"","bcubed.precision","bcubed.recall","bcubed.f1"
"majority-vote",0.834170854271357,0.046880653318429,0.0887722778760423
