"","bcubed.precision","bcubed.recall","bcubed.f1"
"majority-vote",0.997289972899729,0.0874137706850455,0.160738593395919
