"","bcubed.precision","bcubed.recall","bcubed.f1"
"majority-vote",0.914340202362664,0.449325097723448,0.602546681730683
