"","bcubed.precision","bcubed.recall","bcubed.f1"
"majority-vote",0.976767676767677,0.132494139802068,0.233337145814683
