"","bcubed.precision","bcubed.recall","bcubed.f1"
"majority-vote",0.939481523198147,0.713281060406016,0.810902163137456
