"","bcubed.precision","bcubed.recall","bcubed.f1"
"majority-vote",0.996385542168675,0.0611647407733368,0.11525440327529
