"","bcubed.precision","bcubed.recall","bcubed.f1"
"majority-vote",0.935587761674718,0.127389653792594,0.22424597045636
