"","bcubed.precision","bcubed.recall","bcubed.f1"
"majority-vote",0.996023856858847,0.624837435042058,0.767928748832666
