"","bcubed.precision","bcubed.recall","bcubed.f1"
"majority-vote",0.996483001172333,0.0624099124828764,0.117463090161144
