"","bcubed.precision","bcubed.recall","bcubed.f1"
"majority-vote",0.993055555555556,0.0252002539696475,0.0491531734400578
