"","bcubed.precision","bcubed.recall","bcubed.f1"
"majority-vote",0.943957967973768,0.77904403540728,0.853608786504129
