"","bcubed.precision","bcubed.recall","bcubed.f1"
"majority-vote",0.952331860579283,0.720286127251831,0.820212903012787
