"","bcubed.precision","bcubed.recall","bcubed.f1"
"majority-vote",0.98463687150838,0.410457962921498,0.579390066571192
