"","bcubed.precision","bcubed.recall","bcubed.f1"
"majority-vote",0.373013177929433,0.868920131999472,0.521958235941896
