"","bcubed.precision","bcubed.recall","bcubed.f1"
"majority-vote",0.927464343225213,0.776562613606069,0.845331855243319
