"","bcubed.precision","bcubed.recall","bcubed.f1"
"majority-vote",0.996319018404908,0.70413739202207,0.825126090783433
