"","bcubed.precision","bcubed.recall","bcubed.f1"
"majority-vote",0.994252873563218,0.0778474701323766,0.144389601838834
