"","bcubed.precision","bcubed.recall","bcubed.f1"
"majority-vote",0.910714285714286,0.192458528853137,0.31776477686832
