"","bcubed.precision","bcubed.recall","bcubed.f1"
"majority-vote",0.99438202247191,0.121796287922604,0.217011991697353
