"","bcubed.precision","bcubed.recall","bcubed.f1"
"majority-vote",0.966145833333333,0.453311500675566,0.617087963246993
