"","bcubed.precision","bcubed.recall","bcubed.f1"
"majority-vote",0.973039215686275,0.156843156843157,0.270142354692677
