"","bcubed.precision","bcubed.recall","bcubed.f1"
"majority-vote",0.865616362631288,0.607627994191043,0.714033258269628
