"","bcubed.precision","bcubed.recall","bcubed.f1"
"majority-vote",0.956896404544781,0.0832216380973083,0.153125862663348
