"","bcubed.precision","bcubed.recall","bcubed.f1"
"majority-vote",0.781625562758159,0.558790300358225,0.651685488063156
