"","bcubed.precision","bcubed.recall","bcubed.f1"
"majority-vote",0.994172057780929,0.0257100116568837,0.0501237857992449
