"","bcubed.precision","bcubed.recall","bcubed.f1"
"majority-vote",0.96448087431694,0.319884910947041,0.480428367262348
