"","bcubed.precision","bcubed.recall","bcubed.f1"
"majority-vote",0.947368421052632,0.0336293725330067,0.0649530626182882
