"","bcubed.precision","bcubed.recall","bcubed.f1"
"majority-vote",0.990963855421687,0.0185537261687578,0.036425461729283
