"","bcubed.precision","bcubed.recall","bcubed.f1"
"majority-vote",0.932432432432432,0.336379224387751,0.494401035377713
