"","bcubed.precision","bcubed.recall","bcubed.f1"
"majority-vote",0.849335019783433,0.775377761141982,0.810673115680243
