"","bcubed.precision","bcubed.recall","bcubed.f1"
"majority-vote",0.671193445176864,0.808469195371999,0.733463439152338
