"","bcubed.precision","bcubed.recall","bcubed.f1"
"majority-vote",0.143646938576694,0.97271696219319,0.250326642816581
