"","bcubed.precision","bcubed.recall","bcubed.f1"
"majority-vote",0.986690709256397,0.54651085897719,0.70341329963781
