"","bcubed.precision","bcubed.recall","bcubed.f1"
"majority-vote",0.992481203007519,0.463316885629156,0.631726753335068
