"","bcubed.precision","bcubed.recall","bcubed.f1"
"majority-vote",0.937791886169948,0.128173660279676,0.22552364667194
