"","bcubed.precision","bcubed.recall","bcubed.f1"
"majority-vote",0.989092805005214,0.524228431143325,0.685261736949735
