"","bcubed.precision","bcubed.recall","bcubed.f1"
"majority-vote",0.991809991809992,0.621892103805564,0.764451882485551
