"","bcubed.precision","bcubed.recall","bcubed.f1"
"majority-vote",0.985732814526589,0.333746574169236,0.49865871754104
