"","bcubed.precision","bcubed.recall","bcubed.f1"
"majority-vote",0.796261802285432,0.259524715960503,0.391460990450321
