"","bcubed.precision","bcubed.recall","bcubed.f1"
"majority-vote",0.92556965838377,0.991665277546258,0.957478162919346
