"","bcubed.precision","bcubed.recall","bcubed.f1"
"majority-vote",0.84988038277512,0.578551540105321,0.688446675664221
