"","bcubed.precision","bcubed.recall","bcubed.f1"
"majority-vote",0.993939393939394,0.6470636248744,0.783840151144617
