"","bcubed.precision","bcubed.recall","bcubed.f1"
"majority-vote",0.967916666666667,0.700356481481481,0.812680719325169
