"","bcubed.precision","bcubed.recall","bcubed.f1"
"majority-vote",0.997159090909091,0.0367707552546028,0.070926074951347
