"","bcubed.precision","bcubed.recall","bcubed.f1"
"majority-vote",0.98134328358209,0.045501236209247,0.0869699972839129
