"","bcubed.precision","bcubed.recall","bcubed.f1"
"majority-vote",0.981132075471698,0.407467986021073,0.57580281306247
