"","bcubed.precision","bcubed.recall","bcubed.f1"
"majority-vote",0.849692496924969,0.0710963204628243,0.131213604934112
