"","bcubed.precision","bcubed.recall","bcubed.f1"
"majority-vote",0.981632653061224,0.0924221388955546,0.168938475178438
