"","bcubed.precision","bcubed.recall","bcubed.f1"
"majority-vote",0.89777811265153,0.88816418970415,0.892945274777938
