"","bcubed.precision","bcubed.recall","bcubed.f1"
"majority-vote",0.813984134145424,0.193748498554502,0.312996123615307
