"","bcubed.precision","bcubed.recall","bcubed.f1"
"majority-vote",0.972677595628415,0.210994283380972,0.346767403855366
