"","bcubed.precision","bcubed.recall","bcubed.f1"
"majority-vote",0.880850709849157,0.553069724345826,0.679496362097108
