"","bcubed.precision","bcubed.recall","bcubed.f1"
"majority-vote",0.911547206796683,0.385101590050639,0.541454678548482
