"","bcubed.precision","bcubed.recall","bcubed.f1"
"majority-vote",0.990777338603426,0.105842120684557,0.191253171290751
