"","bcubed.precision","bcubed.recall","bcubed.f1"
"majority-vote",0.991111111111111,0.202465804390457,0.336243279750607
