"","bcubed.precision","bcubed.recall","bcubed.f1"
"majority-vote",0.709677419354839,0.14984655368631,0.247445606765469
