"","bcubed.precision","bcubed.recall","bcubed.f1"
"majority-vote",0.979166666666667,0.903556969346443,0.939843585001056
