"","bcubed.precision","bcubed.recall","bcubed.f1"
"majority-vote",0.97812858783008,0.605269965439457,0.7477989105507
