"","bcubed.precision","bcubed.recall","bcubed.f1"
"majority-vote",0.972631578947369,0.100629734110358,0.182389239202079
