"","bcubed.precision","bcubed.recall","bcubed.f1"
"majority-vote",0.931605461258837,0.439687497475421,0.597414682670608
