"","bcubed.precision","bcubed.recall","bcubed.f1"
"majority-vote",0.874016421484776,0.846538769785614,0.860058183509757
