"","bcubed.precision","bcubed.recall","bcubed.f1"
"majority-vote",0.900496280571427,0.647665921633801,0.753436238984977
