"","bcubed.precision","bcubed.recall","bcubed.f1"
"majority-vote",0.910731065589175,0.401285147013822,0.557101118163686
