"","bcubed.precision","bcubed.recall","bcubed.f1"
"majority-vote",0.767360809013133,0.351161722128316,0.481828010941967
