"","bcubed.precision","bcubed.recall","bcubed.f1"
"majority-vote",0.958762886597938,0.208247422680412,0.342173327019052
