"","bcubed.precision","bcubed.recall","bcubed.f1"
"majority-vote",0.639682609907031,0.359715815680489,0.460484919543594
