"","bcubed.precision","bcubed.recall","bcubed.f1"
"majority-vote",0.934615384615385,0.473317794050407,0.628396430789325
