"","bcubed.precision","bcubed.recall","bcubed.f1"
"majority-vote",0.987215227226578,0.293181022559482,0.45209874654497
