"","bcubed.precision","bcubed.recall","bcubed.f1"
"majority-vote",0.318572449675028,0.977753198185773,0.48056633306245
