"","bcubed.precision","bcubed.recall","bcubed.f1"
"majority-vote",0.529535353535354,0.120029855922713,0.195700296953587
