"","bcubed.precision","bcubed.recall","bcubed.f1"
"majority-vote",0.794469166180665,0.319161861502628,0.455382890169927
