"","bcubed.precision","bcubed.recall","bcubed.f1"
"majority-vote",0.952619414483821,0.906207827260459,0.928834213765278
