"","bcubed.precision","bcubed.recall","bcubed.f1"
"majority-vote",0.898998643020916,0.929680998613037,0.914082420088263
