"","bcubed.precision","bcubed.recall","bcubed.f1"
"majority-vote",0.966824644549763,0.120677882570792,0.214573020313709
