"","bcubed.precision","bcubed.recall","bcubed.f1"
"majority-vote",0.984848484848485,0.1501049693359,0.260505223493813
