"","bcubed.precision","bcubed.recall","bcubed.f1"
"majority-vote",0.939163722025913,0.302669481412848,0.457800928369783
