"","bcubed.precision","bcubed.recall","bcubed.f1"
"majority-vote",0.98936170212766,0.0850798685850232,0.156685604679727
