"","bcubed.precision","bcubed.recall","bcubed.f1"
"majority-vote",0.954993638676845,0.856795465626524,0.903233403244365
