"","bcubed.precision","bcubed.recall","bcubed.f1"
"majority-vote",0.655246663059163,0.730938353664095,0.691025961703891
