"","bcubed.precision","bcubed.recall","bcubed.f1"
"majority-vote",0.957646552716975,0.782885836887721,0.861492641382843
