"","bcubed.precision","bcubed.recall","bcubed.f1"
"majority-vote",0.950354609929078,0.328395520961165,0.488120688610575
