"","bcubed.precision","bcubed.recall","bcubed.f1"
"majority-vote",0.985102420856611,0.0871732388074048,0.160172559750155
