"","bcubed.precision","bcubed.recall","bcubed.f1"
"majority-vote",0.841666666666667,0.207381140005253,0.332769949524984
