"","bcubed.precision","bcubed.recall","bcubed.f1"
"majority-vote",0.631917631917632,0.701771274547555,0.665015116809003
