"","bcubed.precision","bcubed.recall","bcubed.f1"
"majority-vote",0.893360168269873,0.902815552124399,0.898062972798086
