"","bcubed.precision","bcubed.recall","bcubed.f1"
"majority-vote",0.924458325584255,0.202599605710547,0.33236071910524
