"","bcubed.precision","bcubed.recall","bcubed.f1"
"majority-vote",0.968930511798752,0.676873478301524,0.796988425959203
