"","bcubed.precision","bcubed.recall","bcubed.f1"
"majority-vote",0.994708994708995,0.582577562397312,0.734800076525587
