"","bcubed.precision","bcubed.recall","bcubed.f1"
"majority-vote",0.850741194070447,0.437221175429021,0.577597721278026
