"","bcubed.precision","bcubed.recall","bcubed.f1"
"majority-vote",0.948372552212678,0.0568849947381396,0.107332032086805
