"","bcubed.precision","bcubed.recall","bcubed.f1"
"majority-vote",0.954495614035088,0.293504452027941,0.448956245722334
