"","bcubed.precision","bcubed.recall","bcubed.f1"
"majority-vote",0.795476557735768,0.444471139112196,0.570292396449716
