"","bcubed.precision","bcubed.recall","bcubed.f1"
"majority-vote",0.883928571428571,0.114680508616679,0.203021142462773
