"","bcubed.precision","bcubed.recall","bcubed.f1"
"majority-vote",0.943729903536977,0.0647531681622306,0.121190930930534
