"","bcubed.precision","bcubed.recall","bcubed.f1"
"majority-vote",0.951950405197057,0.660544914655969,0.779916681203042
