"","bcubed.precision","bcubed.recall","bcubed.f1"
"majority-vote",0.864492753623188,0.158418497261989,0.267768377372627
