"","bcubed.precision","bcubed.recall","bcubed.f1"
"majority-vote",0.514990573818782,0.823012604861788,0.633546676706437
