"","bcubed.precision","bcubed.recall","bcubed.f1"
"majority-vote",0.989974937343359,0.281129485485601,0.43790445502435
