"","bcubed.precision","bcubed.recall","bcubed.f1"
"majority-vote",0.825294774582541,0.396957571961142,0.536070985336079
