"","bcubed.precision","bcubed.recall","bcubed.f1"
"majority-vote",0.985074626865672,0.149476254739413,0.25956573345462
