"","bcubed.precision","bcubed.recall","bcubed.f1"
"majority-vote",0.972355289421158,0.173047468328514,0.29380690767805
