"","bcubed.precision","bcubed.recall","bcubed.f1"
"majority-vote",0.972752463054187,0.392805238622625,0.5596281473885
