"","bcubed.precision","bcubed.recall","bcubed.f1"
"majority-vote",0.76150553023507,0.814254536369902,0.786997139482804
