"","bcubed.precision","bcubed.recall","bcubed.f1"
"majority-vote",0.869846437615033,0.251208215651037,0.389833931551992
