"","bcubed.precision","bcubed.recall","bcubed.f1"
"majority-vote",0.928154256205231,0.711931126411023,0.805789640109224
