"","bcubed.precision","bcubed.recall","bcubed.f1"
"majority-vote",0.932989591918882,0.701642183623548,0.800944731855319
