"","bcubed.precision","bcubed.recall","bcubed.f1"
"majority-vote",0.532906681190995,0.506621726086012,0.519431890033587
