"","bcubed.precision","bcubed.recall","bcubed.f1"
"majority-vote",0.912280701754386,0.0100632118389779,0.0199068348000466
