"","bcubed.precision","bcubed.recall","bcubed.f1"
"majority-vote",0.836125320209783,0.558002685044856,0.669321858469992
