"","bcubed.precision","bcubed.recall","bcubed.f1"
"majority-vote",0.968946127946128,0.716836679979993,0.824039872954751
