"","bcubed.precision","bcubed.recall","bcubed.f1"
"majority-vote",0.994718309859155,0.798032299376934,0.885585910231533
