"","bcubed.precision","bcubed.recall","bcubed.f1"
"majority-vote",0.99468085106383,0.645078118285407,0.782611180902312
