"","bcubed.precision","bcubed.recall","bcubed.f1"
"majority-vote",0.947879354896195,0.539004336270216,0.687224004924382
