"","bcubed.precision","bcubed.recall","bcubed.f1"
"majority-vote",0.710289329406977,0.73193213036963,0.720948337756938
