"","bcubed.precision","bcubed.recall","bcubed.f1"
"majority-vote",0.74001924001924,0.124980807836779,0.213845542925932
