"","bcubed.precision","bcubed.recall","bcubed.f1"
"majority-vote",0.940629039207238,0.79866028708134,0.863850593613835
