"","bcubed.precision","bcubed.recall","bcubed.f1"
"majority-vote",0.956854838709677,0.116062470746407,0.207014903660375
