"","bcubed.precision","bcubed.recall","bcubed.f1"
"majority-vote",0.945765393039669,0.484539516570135,0.64078743385873
