"","bcubed.precision","bcubed.recall","bcubed.f1"
"majority-vote",0.909090874469953,0.140032865280881,0.242683670437128
