"","bcubed.precision","bcubed.recall","bcubed.f1"
"majority-vote",0.927652733118971,0.623327880403385,0.74563383558001
