"","bcubed.precision","bcubed.recall","bcubed.f1"
"majority-vote",0.988444667251535,0.53117678386306,0.691012697921793
