"","bcubed.precision","bcubed.recall","bcubed.f1"
"majority-vote",0.848310841205578,0.450005070284326,0.588060542648044
