"","bcubed.precision","bcubed.recall","bcubed.f1"
"majority-vote",0.971498371335505,0.0595761376786361,0.112267581477879
