"","bcubed.precision","bcubed.recall","bcubed.f1"
"majority-vote",0.862739656455311,0.768186879068174,0.812722424591651
