"","bcubed.precision","bcubed.recall","bcubed.f1"
"majority-vote",0.732185344827586,0.629543125511932,0.676995833570057
