"","bcubed.precision","bcubed.recall","bcubed.f1"
"majority-vote",0.968384074941452,0.91044776119403,0.93852264587965
