"","bcubed.precision","bcubed.recall","bcubed.f1"
"majority-vote",0.702321414000714,0.843267918468862,0.766368018255131
