"","bcubed.precision","bcubed.recall","bcubed.f1"
"majority-vote",0.76416356847553,0.907519407835349,0.829694719608478
