"","bcubed.precision","bcubed.recall","bcubed.f1"
"majority-vote",0.916437728937729,0.23958010300287,0.379856156934955
