"","bcubed.precision","bcubed.recall","bcubed.f1"
"majority-vote",0.935483870967742,0.288299441730308,0.440763450439779
