"","bcubed.precision","bcubed.recall","bcubed.f1"
"majority-vote",0.955156950672646,0.173638232271326,0.293856258358431
