"","bcubed.precision","bcubed.recall","bcubed.f1"
"majority-vote",0.92219387755102,0.105207253738939,0.188867779715582
