"","bcubed.precision","bcubed.recall","bcubed.f1"
"majority-vote",0.934435366864373,0.0388388189647892,0.0745778868408457
