"","bcubed.precision","bcubed.recall","bcubed.f1"
"majority-vote",0.897683397683398,0.137418715026193,0.238350395570315
