"","bcubed.precision","bcubed.recall","bcubed.f1"
"majority-vote",0.721046508249023,0.49487531492786,0.586926085289055
