"","bcubed.precision","bcubed.recall","bcubed.f1"
"majority-vote",0.955719557195572,0.131040955733411,0.230480225768387
