"","bcubed.precision","bcubed.recall","bcubed.f1"
"majority-vote",0.992395437262357,0.227005559452368,0.369491712801055
