"","bcubed.precision","bcubed.recall","bcubed.f1"
"majority-vote",0.993657505285412,0.266368074527242,0.420116290753036
