"","bcubed.precision","bcubed.recall","bcubed.f1"
"majority-vote",0.961456102783726,0.142065431075405,0.247552352194488
