"","bcubed.precision","bcubed.recall","bcubed.f1"
"majority-vote",0.91965811965812,0.128078780501468,0.224844024155575
