"","bcubed.precision","bcubed.recall","bcubed.f1"
"majority-vote",0.541977861671516,0.265050665229237,0.356001276255308
