"","bcubed.precision","bcubed.recall","bcubed.f1"
"majority-vote",0.83864118895966,0.172971011917912,0.28679095598996
