"","bcubed.precision","bcubed.recall","bcubed.f1"
"majority-vote",0.822308347268392,0.71610901050446,0.765543126404157
