"","bcubed.precision","bcubed.recall","bcubed.f1"
"majority-vote",0.992309967465247,0.661848764296356,0.794070258380116
