"","bcubed.precision","bcubed.recall","bcubed.f1"
"majority-vote",0.939828391441295,0.971134020618557,0.955224779631374
