"","bcubed.precision","bcubed.recall","bcubed.f1"
"majority-vote",0.853776151608969,0.199511754241473,0.323441248666964
