"","bcubed.precision","bcubed.recall","bcubed.f1"
"majority-vote",0.96780303030303,0.196111966772893,0.326136798990163
