"","bcubed.precision","bcubed.recall","bcubed.f1"
"majority-vote",0.75418244949495,0.966513409961686,0.847247288925078
