"","bcubed.precision","bcubed.recall","bcubed.f1"
"majority-vote",0.903402676987583,0.378216733702028,0.533203549911998
