"","bcubed.precision","bcubed.recall","bcubed.f1"
"majority-vote",0.886244019138756,0.740388661325364,0.806777130225286
