"","bcubed.precision","bcubed.recall","bcubed.f1"
"majority-vote",0.983343028892767,0.100880579421063,0.182988479062249
