"","bcubed.precision","bcubed.recall","bcubed.f1"
"majority-vote",0.995689655172414,0.16872752106011,0.288556800245772
