"","bcubed.precision","bcubed.recall","bcubed.f1"
"majority-vote",0.582230601275315,0.730472607465585,0.647981207980395
