"","bcubed.precision","bcubed.recall","bcubed.f1"
"majority-vote",0.933786848072562,0.138467833307775,0.241173004640006
