"","bcubed.precision","bcubed.recall","bcubed.f1"
"majority-vote",0.994915254237288,0.970651322708981,0.982633525453119
