"","bcubed.precision","bcubed.recall","bcubed.f1"
"majority-vote",0.944041000984958,0.762883439684666,0.843849005703181
