"","bcubed.precision","bcubed.recall","bcubed.f1"
"majority-vote",0.955367360952163,0.14004060283285,0.244274691398588
