"","bcubed.precision","bcubed.recall","bcubed.f1"
"majority-vote",0.97136669133062,0.647477997118748,0.777021494721711
