"","bcubed.precision","bcubed.recall","bcubed.f1"
"majority-vote",0.147997916768539,0.388315296638109,0.2143145218696
