"","bcubed.precision","bcubed.recall","bcubed.f1"
"majority-vote",0.979998461420109,0.690688007983995,0.810293490180789
