"","bcubed.precision","bcubed.recall","bcubed.f1"
"majority-vote",0.995901639344262,0.0324704741530083,0.0628904615651119
