"","bcubed.precision","bcubed.recall","bcubed.f1"
"majority-vote",0.825478790756569,0.48245278317059,0.608983754177616
