"","bcubed.precision","bcubed.recall","bcubed.f1"
"majority-vote",0.918103448275862,0.0808868280860664,0.148675072306729
