"","bcubed.precision","bcubed.recall","bcubed.f1"
"majority-vote",0.972301169180022,0.339840693882205,0.503646005509616
