"","bcubed.precision","bcubed.recall","bcubed.f1"
"majority-vote",0.996984924623116,0.0729654864106901,0.135979180378954
