"","bcubed.precision","bcubed.recall","bcubed.f1"
"majority-vote",0.957575757575758,0.415272437079108,0.579313605225418
