"","bcubed.precision","bcubed.recall","bcubed.f1"
"majority-vote",0.942582006358077,0.0911940676793618,0.166298852217495
