"","bcubed.precision","bcubed.recall","bcubed.f1"
"majority-vote",0.990585774058577,0.214787797925983,0.353028707467916
