"","bcubed.precision","bcubed.recall","bcubed.f1"
"majority-vote",0.917197495027684,0.401044213196024,0.558071779164673
