"","bcubed.precision","bcubed.recall","bcubed.f1"
"majority-vote",0.89840376539708,0.79382633743007,0.842883682812484
