"","bcubed.precision","bcubed.recall","bcubed.f1"
"majority-vote",0.677724666014989,0.747488613360324,0.710899173015954
