"","bcubed.precision","bcubed.recall","bcubed.f1"
"majority-vote",0.948453608247423,0.0671136438884998,0.125356893056179
