"","bcubed.precision","bcubed.recall","bcubed.f1"
"majority-vote",0.898922565902436,0.622762913967805,0.73578363463198
