"","bcubed.precision","bcubed.recall","bcubed.f1"
"majority-vote",0.947066666666667,0.511388307268574,0.664153269305745
