"","bcubed.precision","bcubed.recall","bcubed.f1"
"majority-vote",0.982919254658385,0.0462430132813925,0.0883303820274994
