"","bcubed.precision","bcubed.recall","bcubed.f1"
"majority-vote",0.877894736842105,0.0968313713078515,0.174423872555773
