"","bcubed.precision","bcubed.recall","bcubed.f1"
"majority-vote",0.886178861788618,0.508553964253761,0.646245309188405
