"","bcubed.precision","bcubed.recall","bcubed.f1"
"majority-vote",0.958408679927667,0.13308727741179,0.233719604734609
