"","bcubed.precision","bcubed.recall","bcubed.f1"
"majority-vote",0.976645368085869,0.609986767174768,0.750950062734041
