"","bcubed.precision","bcubed.recall","bcubed.f1"
"majority-vote",0.727414016872161,0.662994443188016,0.693711905438843
