"","bcubed.precision","bcubed.recall","bcubed.f1"
"majority-vote",0.810527124635009,0.562743715962858,0.664281265605581
