"","bcubed.precision","bcubed.recall","bcubed.f1"
"majority-vote",0.730436991869919,0.168922182938355,0.274388730602312
