"","bcubed.precision","bcubed.recall","bcubed.f1"
"majority-vote",0.990350877192982,0.155766493714391,0.26919316922174
