"","bcubed.precision","bcubed.recall","bcubed.f1"
"majority-vote",0.877626050420168,0.560021013921723,0.683740874642843
