"","bcubed.precision","bcubed.recall","bcubed.f1"
"majority-vote",0.981715893108298,0.715914756588441,0.828006839743595
