"","bcubed.precision","bcubed.recall","bcubed.f1"
"majority-vote",0.847863247863248,0.385483145859114,0.530000320604537
