"","bcubed.precision","bcubed.recall","bcubed.f1"
"majority-vote",0.993957703927492,0.0845318662716782,0.155812540111234
