"","bcubed.precision","bcubed.recall","bcubed.f1"
"majority-vote",0.970793229339529,0.308530692799782,0.468246551839037
