"","bcubed.precision","bcubed.recall","bcubed.f1"
"majority-vote",0.989304812834225,0.0362392022606418,0.0699172667033886
