"","bcubed.precision","bcubed.recall","bcubed.f1"
"majority-vote",0.773737373737374,0.409578067361304,0.535623633688623
