"","bcubed.precision","bcubed.recall","bcubed.f1"
"majority-vote",0.772458628841608,0.0766471886526437,0.139456781549105
