"","bcubed.precision","bcubed.recall","bcubed.f1"
"majority-vote",0.981962481962482,0.435118934240764,0.603028822099307
