"","bcubed.precision","bcubed.recall","bcubed.f1"
"majority-vote",0.98186119873817,0.803205460120805,0.883593082637438
