"","bcubed.precision","bcubed.recall","bcubed.f1"
"majority-vote",0.920677066047129,0.447746397349345,0.602488703930285
