"","bcubed.precision","bcubed.recall","bcubed.f1"
"majority-vote",0.977207267087626,0.728795788757385,0.834915903059527
