"","bcubed.precision","bcubed.recall","bcubed.f1"
"majority-vote",0.993548387096774,0.0343778801843318,0.0664562984644664
