"","bcubed.precision","bcubed.recall","bcubed.f1"
"majority-vote",0.794668345191222,0.402316373390527,0.534189086497931
