"","bcubed.precision","bcubed.recall","bcubed.f1"
"majority-vote",0.940684517965835,0.715184072870048,0.812579680015542
