"","bcubed.precision","bcubed.recall","bcubed.f1"
"majority-vote",0.987740384615385,0.44903756266051,0.61739886207187
