"","bcubed.precision","bcubed.recall","bcubed.f1"
"majority-vote",0.944778455963835,0.738211791275701,0.828818345774392
