"","bcubed.precision","bcubed.recall","bcubed.f1"
"majority-vote",0.964553156925657,0.83559183227779,0.895453138006927
