"","bcubed.precision","bcubed.recall","bcubed.f1"
"majority-vote",0.975582437275986,0.840794781454248,0.90318752479563
