"","bcubed.precision","bcubed.recall","bcubed.f1"
"majority-vote",0.926358241964744,0.527707926432292,0.672385614390002
