"","bcubed.precision","bcubed.recall","bcubed.f1"
"majority-vote",0.957894736842105,0.0584047370254267,0.110096662729544
