"","bcubed.precision","bcubed.recall","bcubed.f1"
"majority-vote",0.606738024008555,0.885260886980873,0.720002457565657
