"","bcubed.precision","bcubed.recall","bcubed.f1"
"majority-vote",0.985428370786517,0.304305492941463,0.465012627122801
