"","bcubed.precision","bcubed.recall","bcubed.f1"
"majority-vote",0.976495726495727,0.556158127586699,0.708687135582109
