"","bcubed.precision","bcubed.recall","bcubed.f1"
"majority-vote",0.991159135559921,0.121487252845139,0.216444688566591
