"","bcubed.precision","bcubed.recall","bcubed.f1"
"majority-vote",0.991620609734355,0.649743412990196,0.785077472687293
