"","bcubed.precision","bcubed.recall","bcubed.f1"
"majority-vote",0.913253346004593,0.77861348172806,0.840576049812828
