"","bcubed.precision","bcubed.recall","bcubed.f1"
"majority-vote",0.98558809855881,0.10514927155566,0.190025341492628
