"","bcubed.precision","bcubed.recall","bcubed.f1"
"majority-vote",0.991536458333333,0.0441424712774218,0.0845220818559003
