"","bcubed.precision","bcubed.recall","bcubed.f1"
"majority-vote",0.835027661660021,0.583977131577235,0.687294448852976
