"","bcubed.precision","bcubed.recall","bcubed.f1"
"majority-vote",0.943394457366438,0.619385924766109,0.747802128918167
