"","bcubed.precision","bcubed.recall","bcubed.f1"
"majority-vote",0.891849529780564,0.45237820898437,0.600275208330954
