"","bcubed.precision","bcubed.recall","bcubed.f1"
"majority-vote",0.982950078616352,0.785213339198751,0.873025090010917
