"","bcubed.precision","bcubed.recall","bcubed.f1"
"majority-vote",0.780359057534379,0.645003317937114,0.706254339182282
