"","bcubed.precision","bcubed.recall","bcubed.f1"
"majority-vote",0.977032898820608,0.564540429742171,0.715599527252671
