"","bcubed.precision","bcubed.recall","bcubed.f1"
"majority-vote",0.944139703002784,0.367755193423961,0.529329415096811
