"","bcubed.precision","bcubed.recall","bcubed.f1"
"majority-vote",0.995405819295559,0.051474469828268,0.0978870026392312
