"","bcubed.precision","bcubed.recall","bcubed.f1"
"majority-vote",0.95679012345679,0.11092986802424,0.198809805883163
