"","bcubed.precision","bcubed.recall","bcubed.f1"
"majority-vote",0.926736626468769,0.660440729527264,0.771249175591438
