"","bcubed.precision","bcubed.recall","bcubed.f1"
"majority-vote",0.781104673147882,0.316748304437036,0.450722611968868
