"","bcubed.precision","bcubed.recall","bcubed.f1"
"majority-vote",0.985828488372093,0.711609780351554,0.826569315657372
