"","bcubed.precision","bcubed.recall","bcubed.f1"
"majority-vote",0.855670103092783,0.168033737178047,0.280904377922753
