"","bcubed.precision","bcubed.recall","bcubed.f1"
"majority-vote",0.900662251655629,0.0741847725711808,0.13707878803962
