"","bcubed.precision","bcubed.recall","bcubed.f1"
"majority-vote",0.871444750304053,0.801266587182623,0.834883515578376
