"","bcubed.precision","bcubed.recall","bcubed.f1"
"majority-vote",0.905955335373439,0.62328075876463,0.738492285138857
