"","bcubed.precision","bcubed.recall","bcubed.f1"
"majority-vote",0.874765042981812,0.507624902631873,0.642441767141586
