"","bcubed.precision","bcubed.recall","bcubed.f1"
"majority-vote",0.942009132420091,0.0743590757763112,0.137837700736241
