"","bcubed.precision","bcubed.recall","bcubed.f1"
"majority-vote",0.988727509213093,0.703086775290428,0.82179378961512
