"","bcubed.precision","bcubed.recall","bcubed.f1"
"majority-vote",0.979516250944822,0.400582428944465,0.568621656859392
