"","bcubed.precision","bcubed.recall","bcubed.f1"
"majority-vote",0.938191881918819,0.131949014100653,0.231359243099466
