"","bcubed.precision","bcubed.recall","bcubed.f1"
"majority-vote",0.980179950768186,0.426329660610132,0.594208219221983
