"","bcubed.precision","bcubed.recall","bcubed.f1"
"majority-vote",0.916689924519287,0.719691836681551,0.806332936588856
