"","bcubed.precision","bcubed.recall","bcubed.f1"
"majority-vote",0.840183208604261,0.159786515943198,0.268508024515657
