"","bcubed.precision","bcubed.recall","bcubed.f1"
"majority-vote",0.993886230728336,0.651167165102031,0.786826836062225
