"","bcubed.precision","bcubed.recall","bcubed.f1"
"majority-vote",0.97606884563032,0.282093007137512,0.437689626706407
