"","bcubed.precision","bcubed.recall","bcubed.f1"
"majority-vote",0.445808041532648,0.649389055480674,0.528677192089113
