"","bcubed.precision","bcubed.recall","bcubed.f1"
"majority-vote",0.754762208338646,0.759809046509782,0.757277218914068
