"","bcubed.precision","bcubed.recall","bcubed.f1"
"majority-vote",0.92203842940685,0.904761904761905,0.913318472796769
