"","bcubed.precision","bcubed.recall","bcubed.f1"
"majority-vote",0.0358868184955141,0.666666666666667,0.0681074001309758
