"","bcubed.precision","bcubed.recall","bcubed.f1"
"majority-vote",0.878204977464237,0.610126180150089,0.720022349257163
