"","bcubed.precision","bcubed.recall","bcubed.f1"
"majority-vote",0.831293936957552,0.483203220343459,0.611159796213844
