"","bcubed.precision","bcubed.recall","bcubed.f1"
"majority-vote",0.819899941483164,0.843798986960213,0.831677809253067
