"","bcubed.precision","bcubed.recall","bcubed.f1"
"majority-vote",0.968898473843815,0.664142840651093,0.788084145832119
