"","bcubed.precision","bcubed.recall","bcubed.f1"
"majority-vote",0.98552544613351,0.432579365327748,0.601250300481653
