"","bcubed.precision","bcubed.recall","bcubed.f1"
"majority-vote",0.991100323624595,0.125828835560003,0.223306910056619
