"","bcubed.precision","bcubed.recall","bcubed.f1"
"majority-vote",0.939292114695341,0.506633567564196,0.65823149957385
