"","bcubed.precision","bcubed.recall","bcubed.f1"
"majority-vote",0.211238924141861,0.987239243927044,0.348013608114025
