"","bcubed.precision","bcubed.recall","bcubed.f1"
"majority-vote",0.946601941747573,0.0876505065874732,0.160444657132651
