"","bcubed.precision","bcubed.recall","bcubed.f1"
"majority-vote",0.981684981684982,0.483218201754386,0.647644236017511
