"","bcubed.precision","bcubed.recall","bcubed.f1"
"majority-vote",0.924099767355609,0.373547507932323,0.532032350778732
