"","bcubed.precision","bcubed.recall","bcubed.f1"
"majority-vote",0.993806921675774,0.0486639611943103,0.0927845223607917
