"","bcubed.precision","bcubed.recall","bcubed.f1"
"majority-vote",0.971673819742489,0.067633254453547,0.126463995729712
