"","bcubed.precision","bcubed.recall","bcubed.f1"
"majority-vote",0.971910112359551,0.359162728184613,0.524500052698188
