"","bcubed.precision","bcubed.recall","bcubed.f1"
"majority-vote",0.834847260290018,0.522497612141812,0.642733779548831
