"","bcubed.precision","bcubed.recall","bcubed.f1"
"majority-vote",0.852422853969246,0.735915781920754,0.789896331841597
