"","bcubed.precision","bcubed.recall","bcubed.f1"
"majority-vote",0.973278198299224,0.150813951377361,0.261159960804238
