"","bcubed.precision","bcubed.recall","bcubed.f1"
"majority-vote",0.948685343141091,0.321242355201384,0.47996104718946
