"","bcubed.precision","bcubed.recall","bcubed.f1"
"majority-vote",0.826469950886249,0.428386778007614,0.564285613214761
