"","bcubed.precision","bcubed.recall","bcubed.f1"
"majority-vote",0.931394481730052,0.0753660522264137,0.139448305303744
