"","bcubed.precision","bcubed.recall","bcubed.f1"
"majority-vote",0.985663082437276,0.0779871153275409,0.144538158589487
