"","bcubed.precision","bcubed.recall","bcubed.f1"
"majority-vote",0.918856292517007,0.767047632537198,0.836117092252948
