"","bcubed.precision","bcubed.recall","bcubed.f1"
"majority-vote",0.92072964913874,0.151210066088343,0.259760113592343
