"","bcubed.precision","bcubed.recall","bcubed.f1"
"majority-vote",0.940813713733918,0.562057919121849,0.703708535928343
