"","bcubed.precision","bcubed.recall","bcubed.f1"
"majority-vote",0.888732394366197,0.446669583371711,0.59453218572124
