"","bcubed.precision","bcubed.recall","bcubed.f1"
"majority-vote",0.842619986850756,0.595051445369917,0.697519933742637
