"","bcubed.precision","bcubed.recall","bcubed.f1"
"majority-vote",0.859506172839506,0.168262923369971,0.281430959210383
