"","bcubed.precision","bcubed.recall","bcubed.f1"
"majority-vote",0.991466083150985,0.282695628508635,0.439949066051103
