"","bcubed.precision","bcubed.recall","bcubed.f1"
"majority-vote",0.944874274661509,0.817730263157895,0.876716555179148
