"","bcubed.precision","bcubed.recall","bcubed.f1"
"majority-vote",0.991329479768786,0.0373969354432868,0.0720749151761556
