"","bcubed.precision","bcubed.recall","bcubed.f1"
"majority-vote",0.992599444958372,0.294170017077838,0.453838864364718
