"","bcubed.precision","bcubed.recall","bcubed.f1"
"majority-vote",0.994818652849741,0.0892653410282677,0.163830158565937
