"","bcubed.precision","bcubed.recall","bcubed.f1"
"majority-vote",0.914282884415964,0.159390515575418,0.271456888714968
