"","bcubed.precision","bcubed.recall","bcubed.f1"
"majority-vote",0.979002624671916,0.0879720629064953,0.161437532653618
