"","bcubed.precision","bcubed.recall","bcubed.f1"
"majority-vote",0.760071413568578,0.629208503622928,0.688476657382106
