"","bcubed.precision","bcubed.recall","bcubed.f1"
"majority-vote",0.991825613079019,0.0830733293994313,0.153306050654633
