"","bcubed.precision","bcubed.recall","bcubed.f1"
"majority-vote",0.957957957957958,0.075712820930945,0.140334235641656
