"","bcubed.precision","bcubed.recall","bcubed.f1"
"majority-vote",0.997555012224939,0.300391793651198,0.461740555208221
