"","bcubed.precision","bcubed.recall","bcubed.f1"
"majority-vote",0.984568439407149,0.652592098869623,0.784921905129475
