"","bcubed.precision","bcubed.recall","bcubed.f1"
"majority-vote",0.960900506742724,0.208187414190094,0.342228139066052
