"","bcubed.precision","bcubed.recall","bcubed.f1"
"majority-vote",0.932408500590319,0.0902844983707517,0.164628160822339
