"","bcubed.precision","bcubed.recall","bcubed.f1"
"majority-vote",0.95906432748538,0.0745591820625584,0.138361891234385
