"","bcubed.precision","bcubed.recall","bcubed.f1"
"majority-vote",0.980874316939891,0.056042941105716,0.106027903672819
