"","bcubed.precision","bcubed.recall","bcubed.f1"
"majority-vote",0.984771620255491,0.376545102948133,0.544782745718225
