"","bcubed.precision","bcubed.recall","bcubed.f1"
"majority-vote",0.896004700352526,0.910488378934981,0.903188477714902
