"","bcubed.precision","bcubed.recall","bcubed.f1"
"majority-vote",0.993695997788069,0.49714020598986,0.662723687256586
