"","bcubed.precision","bcubed.recall","bcubed.f1"
"majority-vote",0.971179487179487,0.800089976780186,0.877371838850285
