"","bcubed.precision","bcubed.recall","bcubed.f1"
"majority-vote",0.995010057248956,0.506029571108084,0.670874376673225
