"","bcubed.precision","bcubed.recall","bcubed.f1"
"majority-vote",0.997101449275362,0.108442591508754,0.195610959251997
