"","bcubed.precision","bcubed.recall","bcubed.f1"
"majority-vote",0.887319200226886,0.900992297308838,0.894103477789325
