"","bcubed.precision","bcubed.recall","bcubed.f1"
"majority-vote",0.951861377393292,0.322517804235884,0.481791049005317
