"","bcubed.precision","bcubed.recall","bcubed.f1"
"majority-vote",0.948589029306518,0.0847850740808487,0.155657454272173
