"","bcubed.precision","bcubed.recall","bcubed.f1"
"majority-vote",0.612537795063621,0.702677971308058,0.654518940830855
