"","bcubed.precision","bcubed.recall","bcubed.f1"
"majority-vote",0.99702380952381,0.0632660708065299,0.118982138940112
