"","bcubed.precision","bcubed.recall","bcubed.f1"
"majority-vote",0.991459627329193,0.227925368283271,0.370643892634578
