"","bcubed.precision","bcubed.recall","bcubed.f1"
"majority-vote",0.676574112751435,0.466544836415804,0.552264764724158
