"","bcubed.precision","bcubed.recall","bcubed.f1"
"majority-vote",0.870879120879121,0.0833580784986315,0.152152546910557
