"","bcubed.precision","bcubed.recall","bcubed.f1"
"majority-vote",0.825331690398375,0.957744157189531,0.886621402327567
