"","bcubed.precision","bcubed.recall","bcubed.f1"
"majority-vote",0.976860531481841,0.14245001133639,0.248641978182918
