"","bcubed.precision","bcubed.recall","bcubed.f1"
"majority-vote",0.895630279402209,0.291837641256314,0.44022852934591
