"","bcubed.precision","bcubed.recall","bcubed.f1"
"majority-vote",0.872242924319049,0.349885705016934,0.499432421752886
