"","bcubed.precision","bcubed.recall","bcubed.f1"
"majority-vote",0.635621387283237,0.459295925332648,0.533260931889005
