"","bcubed.precision","bcubed.recall","bcubed.f1"
"majority-vote",0.903509888804006,0.0918944007033058,0.166821663592087
