"","bcubed.precision","bcubed.recall","bcubed.f1"
"majority-vote",0.973929884377646,0.747788565811363,0.846007814296971
