"","bcubed.precision","bcubed.recall","bcubed.f1"
"majority-vote",0.925806451612903,0.155227538742396,0.265876296430733
