"","bcubed.precision","bcubed.recall","bcubed.f1"
"majority-vote",0.985288424312814,0.298874369326497,0.458629478878831
