"","bcubed.precision","bcubed.recall","bcubed.f1"
"majority-vote",0.997368421052632,0.0422582788498038,0.0810811666471936
