"","bcubed.precision","bcubed.recall","bcubed.f1"
"majority-vote",0.948553329909262,0.231251528234808,0.371848625032441
