"","bcubed.precision","bcubed.recall","bcubed.f1"
"majority-vote",0.99097065462754,0.0523653299739678,0.0994741983214734
