"","bcubed.precision","bcubed.recall","bcubed.f1"
"majority-vote",0.86049960816316,0.904120046620047,0.881770690630315
