"","bcubed.precision","bcubed.recall","bcubed.f1"
"majority-vote",0.877955837038459,0.228463759736483,0.362576895776363
