"","bcubed.precision","bcubed.recall","bcubed.f1"
"majority-vote",0.99541547277937,0.117100043799571,0.209548889384797
