"","bcubed.precision","bcubed.recall","bcubed.f1"
"majority-vote",0.985872078088877,0.133884688391902,0.235753299145564
