"","bcubed.precision","bcubed.recall","bcubed.f1"
"majority-vote",0.997572815533981,0.167178112255083,0.286365670391913
