"","bcubed.precision","bcubed.recall","bcubed.f1"
"majority-vote",0.883933919762408,0.792490058774798,0.835717996156068
