"","bcubed.precision","bcubed.recall","bcubed.f1"
"majority-vote",0.972346119536128,0.615110553656038,0.753532830260453
