"","bcubed.precision","bcubed.recall","bcubed.f1"
"majority-vote",0.708165126423829,0.831291170544358,0.764804324803413
