"","bcubed.precision","bcubed.recall","bcubed.f1"
"majority-vote",0.961609792284866,0.0646261408272497,0.121112753611356
