"","bcubed.precision","bcubed.recall","bcubed.f1"
"majority-vote",0.573573127229489,0.0278672073886959,0.0531520098306481
