"","bcubed.precision","bcubed.recall","bcubed.f1"
"majority-vote",0.974687933425798,0.480521253624898,0.643698887872001
