"","bcubed.precision","bcubed.recall","bcubed.f1"
"majority-vote",0.98478561549101,0.118681440556546,0.211833737754652
