"","bcubed.precision","bcubed.recall","bcubed.f1"
"majority-vote",0.953467153284672,0.0893104699943386,0.163322644604225
