"","bcubed.precision","bcubed.recall","bcubed.f1"
"majority-vote",0.982107190412783,0.344822665760565,0.510430627339074
