"","bcubed.precision","bcubed.recall","bcubed.f1"
"majority-vote",0.940132707075226,0.920289855072464,0.930105461357503
