"","bcubed.precision","bcubed.recall","bcubed.f1"
"majority-vote",0.905440179768765,0.105985545213217,0.189759007983419
