"","bcubed.precision","bcubed.recall","bcubed.f1"
"majority-vote",0.968510807001373,0.332963645293451,0.495559306963987
