"","bcubed.precision","bcubed.recall","bcubed.f1"
"majority-vote",0.987179487179487,0.0283687540902863,0.055152578630345
