"","bcubed.precision","bcubed.recall","bcubed.f1"
"majority-vote",0.919965760837358,0.667633649873023,0.773746947148626
