"","bcubed.precision","bcubed.recall","bcubed.f1"
"majority-vote",0.576570626763252,0.681607942661705,0.624704836431741
