"","bcubed.precision","bcubed.recall","bcubed.f1"
"majority-vote",0.990460704607046,0.36769203321913,0.53629389413671
