"","bcubed.precision","bcubed.recall","bcubed.f1"
"majority-vote",0.562167966607142,0.59046582383017,0.57596953045716
