"","bcubed.precision","bcubed.recall","bcubed.f1"
"majority-vote",0.974307681446825,0.744658348231016,0.844142741867863
