"","bcubed.precision","bcubed.recall","bcubed.f1"
"majority-vote",0.927797833935018,0.173337041748276,0.292101785941451
