"","bcubed.precision","bcubed.recall","bcubed.f1"
"majority-vote",0.97894171367177,0.657570388843052,0.786701280515583
