"","bcubed.precision","bcubed.recall","bcubed.f1"
"majority-vote",0.995853489979267,0.0513848720448701,0.0977271383739522
