"","bcubed.precision","bcubed.recall","bcubed.f1"
"majority-vote",0.618150542436964,0.799607836449328,0.697266932361599
