"","bcubed.precision","bcubed.recall","bcubed.f1"
"majority-vote",0.453654485049834,0.34944209606589,0.394786823585451
