"","bcubed.precision","bcubed.recall","bcubed.f1"
"majority-vote",0.801286765323152,0.354840350901444,0.491864385827129
