"","bcubed.precision","bcubed.recall","bcubed.f1"
"majority-vote",0.713618827160494,0.521381433485406,0.60253850776116
