"","bcubed.precision","bcubed.recall","bcubed.f1"
"majority-vote",0.991373998767714,0.0348293632739542,0.0672945079321057
