"","bcubed.precision","bcubed.recall","bcubed.f1"
"majority-vote",0.991140215716487,0.338024941351841,0.504121119196316
