"","bcubed.precision","bcubed.recall","bcubed.f1"
"majority-vote",0.909391534391534,0.387564677219687,0.543500286806015
