"","bcubed.precision","bcubed.recall","bcubed.f1"
"majority-vote",0.954473771097923,0.69543156548266,0.804617300314245
