"","bcubed.precision","bcubed.recall","bcubed.f1"
"majority-vote",0.984508533216287,0.730201714314505,0.838497139382007
