"","bcubed.precision","bcubed.recall","bcubed.f1"
"majority-vote",0.982530229041857,0.634691830506894,0.771203813251146
