"","bcubed.precision","bcubed.recall","bcubed.f1"
"majority-vote",0.890504455087533,0.567852595504325,0.693486229485979
