"","bcubed.precision","bcubed.recall","bcubed.f1"
"majority-vote",0.922345890410959,0.411249017376067,0.568859162400066
