"","bcubed.precision","bcubed.recall","bcubed.f1"
"majority-vote",0.912392885344337,0.663336891185532,0.768182297648721
