"","bcubed.precision","bcubed.recall","bcubed.f1"
"majority-vote",0.962962962962963,0.109261158122725,0.196254582402209
