"","bcubed.precision","bcubed.recall","bcubed.f1"
"majority-vote",0.990196078431372,0.41871300078909,0.588551777377982
