"","bcubed.precision","bcubed.recall","bcubed.f1"
"majority-vote",0.768794056308352,0.938225062226168,0.845101081162174
