"","bcubed.precision","bcubed.recall","bcubed.f1"
"majority-vote",0.987577639751553,0.190845682523829,0.319876440224785
