"","bcubed.precision","bcubed.recall","bcubed.f1"
"majority-vote",0.94279176201373,0.15401977164879,0.264783087050203
