"","bcubed.precision","bcubed.recall","bcubed.f1"
"majority-vote",0.905309218668902,0.771143339535372,0.832857656221764
