"","bcubed.precision","bcubed.recall","bcubed.f1"
"majority-vote",0.871099034780719,0.59337350532495,0.705902054968842
