"","bcubed.precision","bcubed.recall","bcubed.f1"
"majority-vote",0.921262458471761,0.384395213907161,0.542452876095252
