"","bcubed.precision","bcubed.recall","bcubed.f1"
"majority-vote",0.988750432675666,0.639105057902247,0.776377763485276
