"","bcubed.precision","bcubed.recall","bcubed.f1"
"majority-vote",0.989153439153439,0.0515040033943692,0.097909955773694
