"","bcubed.precision","bcubed.recall","bcubed.f1"
"majority-vote",0.974193548387097,0.0734792347675001,0.13665143850617
