"","bcubed.precision","bcubed.recall","bcubed.f1"
"majority-vote",0.679709071588997,0.205161194494979,0.315187277460259
