"","bcubed.precision","bcubed.recall","bcubed.f1"
"majority-vote",0.967213114754098,0.174775945900532,0.296054652085098
