"","bcubed.precision","bcubed.recall","bcubed.f1"
"majority-vote",0.912809171287563,0.611295964797359,0.732228439924393
