"","bcubed.precision","bcubed.recall","bcubed.f1"
"majority-vote",0.941281138790036,0.0983102822149133,0.178026891196485
