"","bcubed.precision","bcubed.recall","bcubed.f1"
"majority-vote",0.89448619675688,0.679628765418222,0.772394093434576
