"","bcubed.precision","bcubed.recall","bcubed.f1"
"majority-vote",0.939474020171071,0.378871071877991,0.539979298546959
