"","bcubed.precision","bcubed.recall","bcubed.f1"
"majority-vote",0.944242902208202,0.479154466055722,0.635715947945446
