"","bcubed.precision","bcubed.recall","bcubed.f1"
"majority-vote",0.98034188034188,0.42210633190779,0.590123059821091
