"","bcubed.precision","bcubed.recall","bcubed.f1"
"majority-vote",0.986136368738915,0.44867420992682,0.616741976540882
