"","bcubed.precision","bcubed.recall","bcubed.f1"
"majority-vote",0.927273058724397,0.425530012660659,0.583355441401963
