"","bcubed.precision","bcubed.recall","bcubed.f1"
"majority-vote",0.992111302352266,0.609652400471813,0.755221305050019
