"","bcubed.precision","bcubed.recall","bcubed.f1"
"majority-vote",0.973718357439288,0.0760587100134612,0.141096170757401
