"","bcubed.precision","bcubed.recall","bcubed.f1"
"majority-vote",0.916305916305916,0.63706199119733,0.751584565083492
