"","bcubed.precision","bcubed.recall","bcubed.f1"
"majority-vote",0.912450790293202,0.722227158884841,0.806271036110871
