"","bcubed.precision","bcubed.recall","bcubed.f1"
"majority-vote",0.981954887218045,0.557840348672267,0.711489481066523
