"","bcubed.precision","bcubed.recall","bcubed.f1"
"majority-vote",0.850051990493167,0.503435974122304,0.632361370143564
