"","bcubed.precision","bcubed.recall","bcubed.f1"
"majority-vote",0.936727855477856,0.573941376610468,0.711773118115507
