"","bcubed.precision","bcubed.recall","bcubed.f1"
"majority-vote",0.913119765878267,0.229094306180714,0.366289549990723
