"","bcubed.precision","bcubed.recall","bcubed.f1"
"majority-vote",0.93452380952381,0.182967117767974,0.306019715665168
