"","bcubed.precision","bcubed.recall","bcubed.f1"
"majority-vote",0.891969823548771,0.12449107362296,0.218488052578983
