"","bcubed.precision","bcubed.recall","bcubed.f1"
"majority-vote",0.919658979172253,0.394803642185245,0.552445856802832
