"","bcubed.precision","bcubed.recall","bcubed.f1"
"majority-vote",0.98354028822623,0.253209352161221,0.402735672723873
