"","bcubed.precision","bcubed.recall","bcubed.f1"
"majority-vote",0.982018428720807,0.725924482346103,0.834771718544353
