"","bcubed.precision","bcubed.recall","bcubed.f1"
"majority-vote",0.955686747156802,0.835269683275546,0.891430023694764
