"","bcubed.precision","bcubed.recall","bcubed.f1"
"majority-vote",0.729424626128533,0.919988305563133,0.813698150334929
