"","bcubed.precision","bcubed.recall","bcubed.f1"
"majority-vote",0.958333333333333,0.123472075732724,0.218759131575578
