"","bcubed.precision","bcubed.recall","bcubed.f1"
"majority-vote",0.957384204494826,0.64729062444393,0.772375572152584
