"","bcubed.precision","bcubed.recall","bcubed.f1"
"majority-vote",0.993548387096774,0.0737448749435979,0.137298911485292
