"","bcubed.precision","bcubed.recall","bcubed.f1"
"majority-vote",0.986376821040967,0.362335889345872,0.529986438074752
