"","bcubed.precision","bcubed.recall","bcubed.f1"
"majority-vote",0.914711578411269,0.133189181976209,0.232521420879044
