"","bcubed.precision","bcubed.recall","bcubed.f1"
"majority-vote",0.948174048174048,0.135497767692301,0.2371113930072
