"","bcubed.precision","bcubed.recall","bcubed.f1"
"majority-vote",0.97037037037037,0.0677549745914604,0.126665667316248
