"","bcubed.precision","bcubed.recall","bcubed.f1"
"majority-vote",0.965930599369085,0.161402853475498,0.27658889143062
