"","bcubed.precision","bcubed.recall","bcubed.f1"
"majority-vote",0.94458832674872,0.323434147539391,0.481871775039558
