"","bcubed.precision","bcubed.recall","bcubed.f1"
"majority-vote",0.997949419002051,0.190382474204941,0.319762653189852
