"","bcubed.precision","bcubed.recall","bcubed.f1"
"majority-vote",0.98021582733813,0.561739050543749,0.714191467046362
