"","bcubed.precision","bcubed.recall","bcubed.f1"
"majority-vote",0.972727272727273,0.380892744514703,0.547428016509836
