"","bcubed.precision","bcubed.recall","bcubed.f1"
"majority-vote",0.0251572327044025,0.666666666666667,0.0484848484848485
