"","bcubed.precision","bcubed.recall","bcubed.f1"
"majority-vote",0.953296703296703,0.169872152643852,0.288360137909431
