"","bcubed.precision","bcubed.recall","bcubed.f1"
"majority-vote",0.987343852728468,0.525951370560127,0.686310039924868
