"","bcubed.precision","bcubed.recall","bcubed.f1"
"majority-vote",0.998091603053435,0.0167089116058904,0.0328675914706248
