"","bcubed.precision","bcubed.recall","bcubed.f1"
"majority-vote",0.970780922431866,0.688367288610359,0.805538440703029
