"","bcubed.precision","bcubed.recall","bcubed.f1"
"majority-vote",0.995049504950495,0.0412097732543653,0.079141900754633
