"","bcubed.precision","bcubed.recall","bcubed.f1"
"majority-vote",0.971433411684984,0.302997832610108,0.46191933787436
