"","bcubed.precision","bcubed.recall","bcubed.f1"
"majority-vote",0.981310344827586,0.513930840763385,0.674574316741712
