"","bcubed.precision","bcubed.recall","bcubed.f1"
"majority-vote",0.910781838429692,0.881317204301075,0.895807301308447
