"","bcubed.precision","bcubed.recall","bcubed.f1"
"majority-vote",0.996345029239766,0.0451791220951847,0.0864386940374988
