"","bcubed.precision","bcubed.recall","bcubed.f1"
"majority-vote",0.967065868263473,0.0848309349412982,0.155979372700192
