"","bcubed.precision","bcubed.recall","bcubed.f1"
"majority-vote",0.989509226541029,0.0417656931546151,0.0801484413905266
