"","bcubed.precision","bcubed.recall","bcubed.f1"
"majority-vote",0.82998873159648,0.517026789589121,0.637151395129837
