"","bcubed.precision","bcubed.recall","bcubed.f1"
"majority-vote",0.992408557625949,0.611965797550881,0.757080281798628
