"","bcubed.precision","bcubed.recall","bcubed.f1"
"majority-vote",0.837469273973167,0.631149970799427,0.71981721565337
