"","bcubed.precision","bcubed.recall","bcubed.f1"
"majority-vote",0.998875140607424,0.658665041124874,0.79385603174845
