"","bcubed.precision","bcubed.recall","bcubed.f1"
"majority-vote",0.997290640394089,0.370671335463555,0.540463931080275
