"","bcubed.precision","bcubed.recall","bcubed.f1"
"majority-vote",0.95534703679601,0.220810632797782,0.358711742804464
