"","bcubed.precision","bcubed.recall","bcubed.f1"
"majority-vote",0.979037267080745,0.114713597530378,0.205364659644081
