"","bcubed.precision","bcubed.recall","bcubed.f1"
"majority-vote",0.991928974979822,0.359353971502158,0.527578058370497
