"","bcubed.precision","bcubed.recall","bcubed.f1"
"majority-vote",0.990784623486045,0.513515403376651,0.676438418537978
