"","bcubed.precision","bcubed.recall","bcubed.f1"
"majority-vote",0.97840696268821,0.793909728441191,0.876555313100139
