"","bcubed.precision","bcubed.recall","bcubed.f1"
"majority-vote",0.943261183261183,0.506678070357316,0.659241075079529
