"","bcubed.precision","bcubed.recall","bcubed.f1"
"majority-vote",0.998507462686567,0.0947081693162259,0.173006698900538
