"","bcubed.precision","bcubed.recall","bcubed.f1"
"majority-vote",0.515312969012631,0.7386845942185,0.607104451510749
