"","bcubed.precision","bcubed.recall","bcubed.f1"
"majority-vote",0.992406075139888,0.0867680372371629,0.15958338194836
