"","bcubed.precision","bcubed.recall","bcubed.f1"
"majority-vote",0.998103020574931,0.132798904550501,0.234409341457609
