"","bcubed.precision","bcubed.recall","bcubed.f1"
"majority-vote",0.436168759417378,0.363996662494785,0.396827876748327
