"","bcubed.precision","bcubed.recall","bcubed.f1"
"majority-vote",0.969530355097365,0.278396917547861,0.432580116237148
