"","bcubed.precision","bcubed.recall","bcubed.f1"
"majority-vote",0.91323513418589,0.688028917142921,0.784795212194224
