"","bcubed.precision","bcubed.recall","bcubed.f1"
"majority-vote",0.961283312248307,0.593413580043131,0.733826091227633
