"","bcubed.precision","bcubed.recall","bcubed.f1"
"majority-vote",0.976635514018692,0.101262662877299,0.183499174467229
