"","bcubed.precision","bcubed.recall","bcubed.f1"
"majority-vote",0.958260740078922,0.549435332829138,0.698419685668924
