"","bcubed.precision","bcubed.recall","bcubed.f1"
"majority-vote",0.986590038314176,0.0773222084970778,0.143405287179108
