"","bcubed.precision","bcubed.recall","bcubed.f1"
"majority-vote",0.833903117788769,0.43020778153181,0.567595154047298
