"","bcubed.precision","bcubed.recall","bcubed.f1"
"majority-vote",0.992681047765794,0.164038815743795,0.281551702575151
