"","bcubed.precision","bcubed.recall","bcubed.f1"
"majority-vote",0.873933427940146,0.847409354852653,0.860467037429199
