"","bcubed.precision","bcubed.recall","bcubed.f1"
"majority-vote",0.981963422641389,0.677138181387706,0.801548168697903
