"","bcubed.precision","bcubed.recall","bcubed.f1"
"majority-vote",0.960871086297126,0.75238093335391,0.843940151768529
