"","bcubed.precision","bcubed.recall","bcubed.f1"
"majority-vote",0.995073891625616,0.121490565485681,0.216542966281405
