"","bcubed.precision","bcubed.recall","bcubed.f1"
"majority-vote",0.87209850915267,0.0231099671244514,0.0450267583694378
