"","bcubed.precision","bcubed.recall","bcubed.f1"
"majority-vote",0.802581795233011,0.951916095199677,0.870893641722353
