"","bcubed.precision","bcubed.recall","bcubed.f1"
"majority-vote",0.94744931248688,0.835267241446334,0.887828602819817
