"","bcubed.precision","bcubed.recall","bcubed.f1"
"majority-vote",0.807761097677469,0.211531948959023,0.335266251150893
