"","bcubed.precision","bcubed.recall","bcubed.f1"
"majority-vote",0.973648158179848,0.415770169214334,0.582709831157731
