"","bcubed.precision","bcubed.recall","bcubed.f1"
"majority-vote",0.96912372254838,0.893417874396135,0.929732208554628
