"","bcubed.precision","bcubed.recall","bcubed.f1"
"majority-vote",0.955419372504616,0.397273191937238,0.561195520299465
