"","bcubed.precision","bcubed.recall","bcubed.f1"
"majority-vote",0.993333333333333,0.251093222060475,0.400858156177498
