"","bcubed.precision","bcubed.recall","bcubed.f1"
"majority-vote",0.947248230189541,0.897135548627974,0.921511098110837
