"","bcubed.precision","bcubed.recall","bcubed.f1"
"majority-vote",0.985541674197241,0.0899234550284591,0.164809271839718
