"","bcubed.precision","bcubed.recall","bcubed.f1"
"majority-vote",0.993021294539321,0.910606973745132,0.950030140810879
