"","bcubed.precision","bcubed.recall","bcubed.f1"
"majority-vote",0.985866094845582,0.368150022983853,0.536103847948614
