"","bcubed.precision","bcubed.recall","bcubed.f1"
"majority-vote",0.963200379867047,0.74032144755829,0.837180819208634
