"","bcubed.precision","bcubed.recall","bcubed.f1"
"majority-vote",0.9696607740086,0.10400238948626,0.187856007203835
