"","bcubed.precision","bcubed.recall","bcubed.f1"
"majority-vote",0.934278965433118,0.315239622952331,0.471416354319295
