"","bcubed.precision","bcubed.recall","bcubed.f1"
"majority-vote",0.966187163048763,0.029722154878931,0.0576702396196583
