"","bcubed.precision","bcubed.recall","bcubed.f1"
"majority-vote",0.790958831555332,0.957357636216678,0.866239598243337
