"","bcubed.precision","bcubed.recall","bcubed.f1"
"majority-vote",0.945526376946316,0.11099968651977,0.198675896537565
