"","bcubed.precision","bcubed.recall","bcubed.f1"
"majority-vote",0.997146932952924,0.544225335792984,0.704142192544801
