"","bcubed.precision","bcubed.recall","bcubed.f1"
"majority-vote",0.962871287128713,0.0374692134052922,0.0721314986646943
