"","bcubed.precision","bcubed.recall","bcubed.f1"
"majority-vote",0.978308993995882,0.355896845083285,0.521924090393787
