"","bcubed.precision","bcubed.recall","bcubed.f1"
"majority-vote",0.980817051509769,0.0949470852282049,0.17313408581431
