"","bcubed.precision","bcubed.recall","bcubed.f1"
"majority-vote",0.916491445062874,0.818242347234833,0.864584657955626
