"","bcubed.precision","bcubed.recall","bcubed.f1"
"majority-vote",0.980425055928412,0.449584996984751,0.616477338624858
