"","bcubed.precision","bcubed.recall","bcubed.f1"
"majority-vote",0.971278060873158,0.309193622338457,0.469066182215001
