"","bcubed.precision","bcubed.recall","bcubed.f1"
"majority-vote",0.928889683678643,0.816412573943962,0.869026799512749
