"","bcubed.precision","bcubed.recall","bcubed.f1"
"majority-vote",0.980344965904533,0.791273866622563,0.875720372297837
