"","bcubed.precision","bcubed.recall","bcubed.f1"
"majority-vote",0.996913580246914,0.096080191668427,0.175268423898028
