"","bcubed.precision","bcubed.recall","bcubed.f1"
"majority-vote",0.920204535742179,0.763946172227479,0.834826395785082
