"","bcubed.precision","bcubed.recall","bcubed.f1"
"majority-vote",0.0790622111692346,0.890080168790317,0.145224701174218
