"","bcubed.precision","bcubed.recall","bcubed.f1"
"majority-vote",0.902675087286917,0.355008455010361,0.509599239135667
