"","bcubed.precision","bcubed.recall","bcubed.f1"
"majority-vote",0.995859664414905,0.512333314439401,0.67658726666899
