"","bcubed.precision","bcubed.recall","bcubed.f1"
"majority-vote",0.995321637426901,0.0456803090789847,0.0873516138625297
