"","bcubed.precision","bcubed.recall","bcubed.f1"
"majority-vote",0.961923847695391,0.128876464503289,0.2272997967199
