"","bcubed.precision","bcubed.recall","bcubed.f1"
"majority-vote",0.985688729874776,0.121003361246469,0.215546221780208
