"","bcubed.precision","bcubed.recall","bcubed.f1"
"majority-vote",0.932867132867133,0.299983382521071,0.453979836918181
