"","bcubed.precision","bcubed.recall","bcubed.f1"
"majority-vote",0.924515235457064,0.148271981731714,0.255558052717288
