"","bcubed.precision","bcubed.recall","bcubed.f1"
"majority-vote",0.803682702279517,0.574148539420704,0.669796468110373
