"","bcubed.precision","bcubed.recall","bcubed.f1"
"majority-vote",0.948419721871049,0.781019656019656,0.856617993562069
