"","bcubed.precision","bcubed.recall","bcubed.f1"
"majority-vote",0.994594594594595,0.530632500874453,0.692046736717119
