"","bcubed.precision","bcubed.recall","bcubed.f1"
"majority-vote",0.966966563716933,0.546650143278285,0.698449492739171
