"","bcubed.precision","bcubed.recall","bcubed.f1"
"majority-vote",0.986425339366516,0.098042608370905,0.178357900639521
