"","bcubed.precision","bcubed.recall","bcubed.f1"
"majority-vote",0.987570621468927,0.177625310268881,0.301095349327605
