"","bcubed.precision","bcubed.recall","bcubed.f1"
"majority-vote",0.986666666666667,0.0128533316394588,0.0253760883339162
