"","bcubed.precision","bcubed.recall","bcubed.f1"
"majority-vote",0.536495388770326,0.504758097066969,0.520143068338747
