"","bcubed.precision","bcubed.recall","bcubed.f1"
"majority-vote",0.971070707070707,0.417266551801474,0.583713104154497
