"","bcubed.precision","bcubed.recall","bcubed.f1"
"majority-vote",0.960264900662252,0.044571666022497,0.0851891896941131
