"","bcubed.precision","bcubed.recall","bcubed.f1"
"majority-vote",0.800638068504255,0.606744075800837,0.690334756471478
