"","bcubed.precision","bcubed.recall","bcubed.f1"
"majority-vote",0.535516167589154,0.829859054978729,0.650960898390363
