"","bcubed.precision","bcubed.recall","bcubed.f1"
"majority-vote",0.990406578346277,0.553977147705272,0.710526279299184
