"","bcubed.precision","bcubed.recall","bcubed.f1"
"majority-vote",0.979695370664303,0.82434206874188,0.89532965441791
