"","bcubed.precision","bcubed.recall","bcubed.f1"
"majority-vote",0.188435578534184,0.932451344118582,0.313514244716358
