"","bcubed.precision","bcubed.recall","bcubed.f1"
"majority-vote",0.962666666666667,0.501040226868457,0.65905916983207
