"","bcubed.precision","bcubed.recall","bcubed.f1"
"majority-vote",0.786872586872587,0.585549075770478,0.671444540018456
