"","bcubed.precision","bcubed.recall","bcubed.f1"
"majority-vote",0.959018353576395,0.932600680256555,0.94562504703878
