"","bcubed.precision","bcubed.recall","bcubed.f1"
"majority-vote",0.98491879350348,0.439313289523543,0.607608718050994
