"","bcubed.precision","bcubed.recall","bcubed.f1"
"majority-vote",0.969109195402299,0.0829091140247765,0.152750164258692
