"","bcubed.precision","bcubed.recall","bcubed.f1"
"majority-vote",0.989795918367347,0.0829562783654726,0.15308248443427
