"","bcubed.precision","bcubed.recall","bcubed.f1"
"majority-vote",0.744892613933997,0.905967570441255,0.817572024660353
