"","bcubed.precision","bcubed.recall","bcubed.f1"
"majority-vote",0.989054726368159,0.0621329059598096,0.116920790185562
