"","bcubed.precision","bcubed.recall","bcubed.f1"
"majority-vote",0.955615328278366,0.712351958354084,0.816244366406786
