"","bcubed.precision","bcubed.recall","bcubed.f1"
"majority-vote",0.985098515961601,0.858543391132677,0.917477322726307
