"","bcubed.precision","bcubed.recall","bcubed.f1"
"majority-vote",0.970338452530677,0.0762551877921941,0.141398414950978
