"","bcubed.precision","bcubed.recall","bcubed.f1"
"majority-vote",0.98148328781376,0.493539148689321,0.656804146611891
