"","bcubed.precision","bcubed.recall","bcubed.f1"
"majority-vote",0.898776357277399,0.899439110228206,0.899107611620199
