"","bcubed.precision","bcubed.recall","bcubed.f1"
"majority-vote",0.952385617525552,0.830188844229229,0.887098892122292
