"","bcubed.precision","bcubed.recall","bcubed.f1"
"majority-vote",0.978415194741141,0.18067030801651,0.305017316119217
