"","bcubed.precision","bcubed.recall","bcubed.f1"
"majority-vote",0.83523022291188,0.663579824781682,0.739575940026721
