"","bcubed.precision","bcubed.recall","bcubed.f1"
"majority-vote",0.991301907968575,0.17480509613753,0.297201928662794
