"","bcubed.precision","bcubed.recall","bcubed.f1"
"majority-vote",0.983143939393939,0.635280355849887,0.771827305738445
