"","bcubed.precision","bcubed.recall","bcubed.f1"
"majority-vote",0.982954545454545,0.210750815892629,0.347084765048088
