"","bcubed.precision","bcubed.recall","bcubed.f1"
"majority-vote",0.948255968291118,0.785014274998334,0.85894796191523
