"","bcubed.precision","bcubed.recall","bcubed.f1"
"majority-vote",0.967267267267267,0.182912685795211,0.307648300192621
