"","bcubed.precision","bcubed.recall","bcubed.f1"
"majority-vote",0.955414012738854,0.0481596551596552,0.0916971237090266
