"","bcubed.precision","bcubed.recall","bcubed.f1"
"majority-vote",0.981972789115646,0.163415422391441,0.280201064578954
