"","bcubed.precision","bcubed.recall","bcubed.f1"
"majority-vote",0.97562582345191,0.461964241965076,0.627027488315014
