"","bcubed.precision","bcubed.recall","bcubed.f1"
"majority-vote",0.972058823529412,0.172039766411685,0.292339793805754
