"","bcubed.precision","bcubed.recall","bcubed.f1"
"majority-vote",0.98949809056192,0.446272012760136,0.615119793169739
