"","bcubed.precision","bcubed.recall","bcubed.f1"
"majority-vote",0.848402304871661,0.958222222222222,0.899974432673394
