"","bcubed.precision","bcubed.recall","bcubed.f1"
"majority-vote",0.979283314669653,0.0361407962879362,0.0697089588512421
