"","bcubed.precision","bcubed.recall","bcubed.f1"
"majority-vote",0.765433556616177,0.416074041983938,0.539102810932025
