"","bcubed.precision","bcubed.recall","bcubed.f1"
"majority-vote",0.990513833992095,0.157322825042691,0.271520226124405
