"","bcubed.precision","bcubed.recall","bcubed.f1"
"majority-vote",0.963833992094862,0.812630509136184,0.881797420861539
