"","bcubed.precision","bcubed.recall","bcubed.f1"
"majority-vote",0.997252747252747,0.259003169826638,0.411208606694208
