"","bcubed.precision","bcubed.recall","bcubed.f1"
"majority-vote",0.967775779376499,0.108096208720987,0.194470892076278
