"","bcubed.precision","bcubed.recall","bcubed.f1"
"majority-vote",0.508505335950818,0.691520061896609,0.58605699849725
