"","bcubed.precision","bcubed.recall","bcubed.f1"
"majority-vote",0.958693941778127,0.457164595621753,0.619102709262032
