"","bcubed.precision","bcubed.recall","bcubed.f1"
"majority-vote",0.99896265560166,0.0355151272875039,0.0685916825977056
