"","bcubed.precision","bcubed.recall","bcubed.f1"
"majority-vote",0.993243243243243,0.228959696372991,0.372135696988103
