"","bcubed.precision","bcubed.recall","bcubed.f1"
"majority-vote",0.956654594839294,0.583803670090039,0.725106906419564
