"","bcubed.precision","bcubed.recall","bcubed.f1"
"majority-vote",0.987341772151899,0.032246109671476,0.0624525489869542
