"","bcubed.precision","bcubed.recall","bcubed.f1"
"majority-vote",0.963224893917963,0.134542574071192,0.236106025030164
