"","bcubed.precision","bcubed.recall","bcubed.f1"
"majority-vote",0.957258505633957,0.527221465502315,0.679951554777241
