"","bcubed.precision","bcubed.recall","bcubed.f1"
"majority-vote",0.854289143274051,0.344800065031663,0.491304483630441
