"","bcubed.precision","bcubed.recall","bcubed.f1"
"majority-vote",0.958660387231816,0.462336484869976,0.623820758959557
