"","bcubed.precision","bcubed.recall","bcubed.f1"
"majority-vote",0.992647058823529,0.107888426602299,0.194623673232004
