"","bcubed.precision","bcubed.recall","bcubed.f1"
"majority-vote",0.99327731092437,0.0720810295643236,0.134408205189381
