"","bcubed.precision","bcubed.recall","bcubed.f1"
"majority-vote",0.998344370860927,0.0559012175184244,0.105874127336086
