"","bcubed.precision","bcubed.recall","bcubed.f1"
"majority-vote",0.928378073339254,0.415681821708486,0.574245076699008
