"","bcubed.precision","bcubed.recall","bcubed.f1"
"majority-vote",0.981328998089416,0.852575874246171,0.91243274511144
