"","bcubed.precision","bcubed.recall","bcubed.f1"
"majority-vote",0.98755832037325,0.42760613373266,0.596801303177336
