"","bcubed.precision","bcubed.recall","bcubed.f1"
"majority-vote",0.984561878630225,0.499846530435818,0.663065280453815
