"","bcubed.precision","bcubed.recall","bcubed.f1"
"majority-vote",0.979821497865735,0.00923781879381985,0.0183030750433513
