"","bcubed.precision","bcubed.recall","bcubed.f1"
"majority-vote",0.911497727382728,0.624646458330122,0.741289564457599
