"","bcubed.precision","bcubed.recall","bcubed.f1"
"majority-vote",0.961520343873285,0.859738769818266,0.907785511004292
