"","bcubed.precision","bcubed.recall","bcubed.f1"
"majority-vote",0.977287909151637,0.0778483812562835,0.144209392550378
