"","bcubed.precision","bcubed.recall","bcubed.f1"
"majority-vote",0.998129092609916,0.340891139501467,0.508212431133835
