"","bcubed.precision","bcubed.recall","bcubed.f1"
"majority-vote",0.985346186056422,0.906561258681794,0.944313297305322
