"","bcubed.precision","bcubed.recall","bcubed.f1"
"majority-vote",0.939093484419263,0.548656469615544,0.692642892581636
