"","bcubed.precision","bcubed.recall","bcubed.f1"
"majority-vote",0.996259351620948,0.451534374384458,0.621421871056169
