"","bcubed.precision","bcubed.recall","bcubed.f1"
"majority-vote",0.918399186487194,0.233758343307978,0.372663401968665
