"","bcubed.precision","bcubed.recall","bcubed.f1"
"majority-vote",0.997005988023952,0.352194255691486,0.520515443882635
