"","bcubed.precision","bcubed.recall","bcubed.f1"
"majority-vote",0.985176470588235,0.797399753967303,0.881397905390899
