"","bcubed.precision","bcubed.recall","bcubed.f1"
"majority-vote",0.946143238092203,0.887615971972096,0.915945610846683
