"","bcubed.precision","bcubed.recall","bcubed.f1"
"majority-vote",0.992781333642,0.541303867651416,0.700608251979038
