"","bcubed.precision","bcubed.recall","bcubed.f1"
"majority-vote",0.842706937069704,0.403204637663865,0.545437336178013
