"","bcubed.precision","bcubed.recall","bcubed.f1"
"majority-vote",0.894040853074848,0.162268041521052,0.274681504644086
