"","bcubed.precision","bcubed.recall","bcubed.f1"
"majority-vote",0.978912783751493,0.434234265162152,0.601604020808654
