"","bcubed.precision","bcubed.recall","bcubed.f1"
"majority-vote",0.974358974358974,0.112915894341466,0.202378659098188
