"","bcubed.precision","bcubed.recall","bcubed.f1"
"majority-vote",0.991974317817014,0.135234692791916,0.238020350910761
