"","bcubed.precision","bcubed.recall","bcubed.f1"
"majority-vote",0.971900123685838,0.840617712622862,0.901504462471417
