"","bcubed.precision","bcubed.recall","bcubed.f1"
"majority-vote",0.868447183701421,0.847906090915019,0.858053720744626
