"","bcubed.precision","bcubed.recall","bcubed.f1"
"majority-vote",0.992512479201331,0.128230293449211,0.227117532346871
