"","bcubed.precision","bcubed.recall","bcubed.f1"
"majority-vote",0.992327667610954,0.763541018783604,0.863029091145336
