"","bcubed.precision","bcubed.recall","bcubed.f1"
"majority-vote",0.955929235325466,0.874840577143939,0.913589112344915
