"","bcubed.precision","bcubed.recall","bcubed.f1"
"majority-vote",0.941630706336589,0.0761713071676171,0.140941442086326
