"","bcubed.precision","bcubed.recall","bcubed.f1"
"majority-vote",0.916187040657692,0.32079048795192,0.47519713338392
