"","bcubed.precision","bcubed.recall","bcubed.f1"
"majority-vote",0.960077190897624,0.172533395630313,0.292501906274021
