"","bcubed.precision","bcubed.recall","bcubed.f1"
"majority-vote",0.944666192560711,0.347017791943004,0.507579222469921
