"","bcubed.precision","bcubed.recall","bcubed.f1"
"majority-vote",0.99723036819811,0.929130007063177,0.961976451495322
