"","bcubed.precision","bcubed.recall","bcubed.f1"
"majority-vote",0.963114754098361,0.231765451960739,0.373621933214319
