"","bcubed.precision","bcubed.recall","bcubed.f1"
"majority-vote",0.991742361684558,0.156590407120076,0.270474455476994
