"","bcubed.precision","bcubed.recall","bcubed.f1"
"majority-vote",0.972862957937585,0.787039962217513,0.870141207096282
