"","bcubed.precision","bcubed.recall","bcubed.f1"
"majority-vote",0.884027246402905,0.553624215383596,0.680858891986729
