"","bcubed.precision","bcubed.recall","bcubed.f1"
"majority-vote",0.949051008303677,0.304234444318746,0.460763356882914
