"","bcubed.precision","bcubed.recall","bcubed.f1"
"majority-vote",0.410152354879576,0.540815087005375,0.466507204599951
