"","bcubed.precision","bcubed.recall","bcubed.f1"
"majority-vote",0.982747724974722,0.843624989851896,0.907887566188788
