"","bcubed.precision","bcubed.recall","bcubed.f1"
"majority-vote",0.995305164319249,0.0293331628625746,0.0569868366396904
