"","bcubed.precision","bcubed.recall","bcubed.f1"
"majority-vote",0.953526328345845,0.539036647873433,0.688728909774451
