"","bcubed.precision","bcubed.recall","bcubed.f1"
"majority-vote",0.987381703470032,0.73602065283066,0.843370468102417
