"","bcubed.precision","bcubed.recall","bcubed.f1"
"majority-vote",0.954416282642089,0.71379316979317,0.816750945386157
