"","bcubed.precision","bcubed.recall","bcubed.f1"
"majority-vote",0.892725202893761,0.807752735990493,0.848115942742832
