"","bcubed.precision","bcubed.recall","bcubed.f1"
"majority-vote",0.895613562280229,0.532906589635545,0.668213701383247
