"","bcubed.precision","bcubed.recall","bcubed.f1"
"majority-vote",0.989285714285714,0.675722096899624,0.802977875297876
