"","bcubed.precision","bcubed.recall","bcubed.f1"
"majority-vote",0.980392156862745,0.0854509268679776,0.157200285439357
