"","bcubed.precision","bcubed.recall","bcubed.f1"
"majority-vote",0.982011153085087,0.824101149985467,0.896153045610876
