"","bcubed.precision","bcubed.recall","bcubed.f1"
"majority-vote",0.976330856792311,0.789181244226202,0.872836838552726
