"","bcubed.precision","bcubed.recall","bcubed.f1"
"majority-vote",0.965831435079727,0.0709100978553703,0.13212010785254
