"","bcubed.precision","bcubed.recall","bcubed.f1"
"majority-vote",0.943120939245412,0.103175238046087,0.186002261166218
