"","bcubed.precision","bcubed.recall","bcubed.f1"
"majority-vote",0.969074039352049,0.58527899098722,0.729793894788597
