"","bcubed.precision","bcubed.recall","bcubed.f1"
"majority-vote",0.986918604651163,0.143322827182507,0.250296902296598
