"","bcubed.precision","bcubed.recall","bcubed.f1"
"majority-vote",0.993164455166868,0.0365661168160349,0.0705352807292747
