"","bcubed.precision","bcubed.recall","bcubed.f1"
"majority-vote",0.967587809917355,0.0413284664286373,0.0792710381554286
