"","bcubed.precision","bcubed.recall","bcubed.f1"
"majority-vote",0.995989974937343,0.561090276358663,0.717805379424615
