"","bcubed.precision","bcubed.recall","bcubed.f1"
"majority-vote",0.968916013581472,0.593026221313573,0.735741168229619
