"","bcubed.precision","bcubed.recall","bcubed.f1"
"majority-vote",0.990212183436003,0.867773168063219,0.924958383317391
