"","bcubed.precision","bcubed.recall","bcubed.f1"
"majority-vote",0.994447973924813,0.538008314804123,0.698253232469587
