"","bcubed.precision","bcubed.recall","bcubed.f1"
"majority-vote",0.336445558152423,0.4343564735131,0.379182462330735
