"","bcubed.precision","bcubed.recall","bcubed.f1"
"majority-vote",0.982743279668564,0.783149928263988,0.871666899806943
