"","bcubed.precision","bcubed.recall","bcubed.f1"
"majority-vote",0.990825688073395,0.0835271587089556,0.1540664312446
