"","bcubed.precision","bcubed.recall","bcubed.f1"
"majority-vote",0.601426174453691,0.542252307368721,0.57030841445891
