"","bcubed.precision","bcubed.recall","bcubed.f1"
"majority-vote",0.928247973554318,0.665726958133521,0.775369408317572
