"","bcubed.precision","bcubed.recall","bcubed.f1"
"majority-vote",0.938318260120586,0.0719785140671669,0.133700821008497
