"","bcubed.precision","bcubed.recall","bcubed.f1"
"majority-vote",0.960521240438709,0.611644793829613,0.747373754770776
