"","bcubed.precision","bcubed.recall","bcubed.f1"
"majority-vote",0.996133496133496,0.38021264755648,0.550359450812573
