"","bcubed.precision","bcubed.recall","bcubed.f1"
"majority-vote",0.984768578277706,0.320197464437144,0.483262232886766
