"","bcubed.precision","bcubed.recall","bcubed.f1"
"majority-vote",0.997373111924195,0.500981764329791,0.666952467970851
