"","bcubed.precision","bcubed.recall","bcubed.f1"
"majority-vote",0.963972431077694,0.0653627452423289,0.122424426722536
