"","bcubed.precision","bcubed.recall","bcubed.f1"
"majority-vote",0.776182561667326,0.821532788199455,0.798214054952307
