"","bcubed.precision","bcubed.recall","bcubed.f1"
"majority-vote",0.996309963099631,0.707235131979274,0.82724597109934
