"","bcubed.precision","bcubed.recall","bcubed.f1"
"majority-vote",0.945072412796756,0.210471313970213,0.34427192655851
