"","bcubed.precision","bcubed.recall","bcubed.f1"
"majority-vote",0.949265452533426,0.908848750228061,0.928617540178635
