"","bcubed.precision","bcubed.recall","bcubed.f1"
"majority-vote",0.997133704265722,0.378327631183401,0.548533386705198
