"","bcubed.precision","bcubed.recall","bcubed.f1"
"majority-vote",0.997840172786177,0.0448532608590845,0.0858476405844119
