"","bcubed.precision","bcubed.recall","bcubed.f1"
"majority-vote",0.959336819450241,0.88100857312622,0.918505804248034
