"","bcubed.precision","bcubed.recall","bcubed.f1"
"majority-vote",0.996455696202532,0.167821646055499,0.287262886751301
