"","bcubed.precision","bcubed.recall","bcubed.f1"
"majority-vote",0.336990567233357,0.7877223178428,0.472040454474291
