"","bcubed.precision","bcubed.recall","bcubed.f1"
"majority-vote",0.982378854625551,0.135442692386201,0.238063110108144
