"","bcubed.precision","bcubed.recall","bcubed.f1"
"majority-vote",0.590690091117947,0.459235379500373,0.516733417281337
