"","bcubed.precision","bcubed.recall","bcubed.f1"
"majority-vote",0.963842058562555,0.535190307107373,0.688229205904523
