"","bcubed.precision","bcubed.recall","bcubed.f1"
"majority-vote",0.991976088265681,0.71367853957936,0.830123560085008
