{
      "avg_bcuded_f1": 0.1857296668195427,
      "avg_bcuded_recall": 0.10930884933520187,
      "avg_bcuded_precision": 0.9496544755549106,
      "avg_bcuded_f1star": 0.1960514317145094
}