{
      "avg_bcuded_f1": 0.5762816034855823,
      "avg_bcuded_recall": 0.4467843107233688,
      "avg_bcuded_precision": 0.9397088364742735,
      "avg_bcuded_f1star": 0.6056245797296663
}