{
      "avg_bcuded_f1": 0.7549196530150913,
      "avg_bcuded_recall": 0.7003596277856773,
      "avg_bcuded_precision": 0.8882637872421343,
      "avg_bcuded_f1star": 0.7831989501394906
}