"","bcubed.precision","bcubed.recall","bcubed.f1"
"majority-vote",0.304069734808523,0.840611984931125,0.446595169516658
