"","bcubed.precision","bcubed.recall","bcubed.f1"
"majority-vote",0.66839350524299,0.667979120952377,0.668186248851254
