"","bcubed.precision","bcubed.recall","bcubed.f1"
"majority-vote",0.454140353410346,0.939193261875519,0.612237521853308
