"","bcubed.precision","bcubed.recall","bcubed.f1"
"majority-vote",0.811483007928219,0.804974352916864,0.808215576894084
