"","bcubed.precision","bcubed.recall","bcubed.f1"
"majority-vote",0.724341972830973,0.481473114887775,0.578448867417439
