"","bcubed.precision","bcubed.recall","bcubed.f1"
"majority-vote",0.605161675805764,0.221227216642017,0.324007823387794
