"","bcubed.precision","bcubed.recall","bcubed.f1"
"majority-vote",0.5594676071763,0.811679211193942,0.662377245087698
