"","bcubed.precision","bcubed.recall","bcubed.f1"
"majority-vote",0.589235659679502,0.746851399722409,0.658746709806452
