"","bcubed.precision","bcubed.recall","bcubed.f1"
"majority-vote",0.786178670529966,0.535955054260143,0.637388524506394
