"","bcubed.precision","bcubed.recall","bcubed.f1"
"majority-vote",0.778791074106765,0.423771986339707,0.548877395743934
