"","bcubed.precision","bcubed.recall","bcubed.f1"
"majority-vote",0.903070798916556,0.780985332779263,0.837602779552093
