"","bcubed.precision","bcubed.recall","bcubed.f1"
"majority-vote",0.47598384487739,0.563290086634428,0.515969799853532
