"","bcubed.precision","bcubed.recall","bcubed.f1"
"majority-vote",0.932377328243513,0.340133717580293,0.49843648569312
