"","bcubed.precision","bcubed.recall","bcubed.f1"
"majority-vote",0.683532694183683,0.634126620938406,0.657903409005934
