"","bcubed.precision","bcubed.recall","bcubed.f1"
"majority-vote",0.847584745686931,0.938370368515641,0.89067010008659
