"","bcubed.precision","bcubed.recall","bcubed.f1"
"majority-vote",0.987219803458875,0.532913897325907,0.692180105877502
