"","bcubed.precision","bcubed.recall","bcubed.f1"
"majority-vote",0.988206664262468,0.814815381958492,0.893173760445824
