"","bcubed.precision","bcubed.recall","bcubed.f1"
"majority-vote",0.796851606170391,0.824613515751888,0.810494898240803
