"","bcubed.precision","bcubed.recall","bcubed.f1"
"majority-vote",0.850593577860517,0.996361194392091,0.91772516134297
