"","bcubed.precision","bcubed.recall","bcubed.f1"
"majority-vote",0.296759259259259,0.840348761519905,0.438623721635879
