"","bcubed.precision","bcubed.recall","bcubed.f1"
"majority-vote",0.164692005270113,0.938284066425416,0.280201698618996
