"","bcubed.precision","bcubed.recall","bcubed.f1"
"majority-vote",0.807376169200924,0.641810506242027,0.715135622847496
