"","bcubed.precision","bcubed.recall","bcubed.f1"
"majority-vote",0.997077215472261,0.208356207483975,0.344684697185511
