"","bcubed.precision","bcubed.recall","bcubed.f1"
"majority-vote",0.861442257730164,0.409272056027299,0.55490717331656
