"","bcubed.precision","bcubed.recall","bcubed.f1"
"majority-vote",0.999999366171953,0.38151175199303,0.552310444937904
