"","bcubed.precision","bcubed.recall","bcubed.f1"
"majority-vote",0.824158273316076,0.899068574699859,0.859985213172038
