"","bcubed.precision","bcubed.recall","bcubed.f1"
"majority-vote",0.563338487870304,0.839798878524796,0.674333164626336
