"","bcubed.precision","bcubed.recall","bcubed.f1"
"majority-vote",0.99687353423503,0.907311240999432,0.949986130789127
