"","bcubed.precision","bcubed.recall","bcubed.f1"
"majority-vote",0.746799439107093,0.0899601854784587,0.160577097850672
