"","bcubed.precision","bcubed.recall","bcubed.f1"
"majority-vote",0.615375298247132,0.526696472543003,0.567593048294373
