"","bcubed.precision","bcubed.recall","bcubed.f1"
"majority-vote",0.952633065040924,0.414334585284157,0.577495489140274
