"","bcubed.precision","bcubed.recall","bcubed.f1"
"majority-vote",0.85408392753939,0.767066103904648,0.808239605216125
