"","bcubed.precision","bcubed.recall","bcubed.f1"
"majority-vote",0.811704891869353,0.669876197590435,0.734002060905428
