"","bcubed.precision","bcubed.recall","bcubed.f1"
"majority-vote",0.928153380793258,0.830623672123168,0.876684362204563
