"","bcubed.precision","bcubed.recall","bcubed.f1"
"majority-vote",0.864921843486437,0.698673274623543,0.772959405773222
