"","bcubed.precision","bcubed.recall","bcubed.f1"
"majority-vote",0.985258212067126,0.31552326471867,0.477977113312618
