"","bcubed.precision","bcubed.recall","bcubed.f1"
"majority-vote",0.693536742779742,0.99826615789097,0.818457350198982
