"","bcubed.precision","bcubed.recall","bcubed.f1"
"majority-vote",0.578898429680408,0.202574608846675,0.300125832045321
