"","bcubed.precision","bcubed.recall","bcubed.f1"
"majority-vote",0.978267627428847,0.746308543168228,0.846688595496821
