"","bcubed.precision","bcubed.recall","bcubed.f1"
"majority-vote",0.625436280818211,0.866808216292233,0.726601181013244
