"","bcubed.precision","bcubed.recall","bcubed.f1"
"majority-vote",0.311919506996654,0.575612993957218,0.404593456809837
