"","bcubed.precision","bcubed.recall","bcubed.f1"
"majority-vote",0.740405274849774,0.919465978533718,0.820277427136078
