"","bcubed.precision","bcubed.recall","bcubed.f1"
"majority-vote",0.641511063625273,0.697272206758695,0.668230392311105
