"","bcubed.precision","bcubed.recall","bcubed.f1"
"majority-vote",0.727845936110784,0.899933655702531,0.804793299248502
