"","bcubed.precision","bcubed.recall","bcubed.f1"
"majority-vote",0.98653792099947,0.411560596575501,0.580817632244037
