"","bcubed.precision","bcubed.recall","bcubed.f1"
"majority-vote",0.988578686636001,0.434036900200863,0.603226384867853
