"","bcubed.precision","bcubed.recall","bcubed.f1"
"majority-vote",0.84491929700129,0.994841691034957,0.913771895026475
