"","bcubed.precision","bcubed.recall","bcubed.f1"
"majority-vote",0.612626210279702,0.765425091906392,0.68055445042391
