"","bcubed.precision","bcubed.recall","bcubed.f1"
"majority-vote",0.975339500968686,0.478120612430726,0.641682444852725
