"","bcubed.precision","bcubed.recall","bcubed.f1"
"majority-vote",0.674316703681877,0.83551239403047,0.746309584682967
