"","bcubed.precision","bcubed.recall","bcubed.f1"
"majority-vote",0.87641558453476,0.409065560888625,0.55778559481114
