"","bcubed.precision","bcubed.recall","bcubed.f1"
"majority-vote",0.675430217808626,0.26530443481837,0.380967431559082
