"","bcubed.precision","bcubed.recall","bcubed.f1"
"majority-vote",0.756970448771202,0.550299841617546,0.63729853134516
