"","bcubed.precision","bcubed.recall","bcubed.f1"
"majority-vote",0.840659304328616,0.749424122778168,0.792424285369863
