"","bcubed.precision","bcubed.recall","bcubed.f1"
"majority-vote",0.999127409344432,0.427411622324382,0.598705899322077
