"","bcubed.precision","bcubed.recall","bcubed.f1"
"majority-vote",0.754658403888492,0.696512300933666,0.724420441461044
