"","bcubed.precision","bcubed.recall","bcubed.f1"
"majority-vote",0.532052077167353,0.295491176723335,0.379960065219849
