"","bcubed.precision","bcubed.recall","bcubed.f1"
"majority-vote",0.458168430687945,0.760197027059818,0.571746805011187
