"","bcubed.precision","bcubed.recall","bcubed.f1"
"majority-vote",0.736593696852864,0.924623044294805,0.819967063324843
