"","bcubed.precision","bcubed.recall","bcubed.f1"
"majority-vote",0.937165730031251,0.516706974772882,0.66613819438959
