"","bcubed.precision","bcubed.recall","bcubed.f1"
"majority-vote",0.79444656718109,0.932748257188708,0.858060295818787
