"","bcubed.precision","bcubed.recall","bcubed.f1"
"majority-vote",0.923248440618158,0.768335885835959,0.838698842706806
