"","bcubed.precision","bcubed.recall","bcubed.f1"
"majority-vote",0.334365254597706,0.812189802277749,0.473711311797492
