"","bcubed.precision","bcubed.recall","bcubed.f1"
"majority-vote",0.351586073969905,0.828121318750278,0.493607016497268
