"","bcubed.precision","bcubed.recall","bcubed.f1"
"majority-vote",0.930757073500545,0.872173524848232,0.900513506527505
