"","bcubed.precision","bcubed.recall","bcubed.f1"
"majority-vote",0.654015384605858,0.702623173727052,0.677448480843373
