"","bcubed.precision","bcubed.recall","bcubed.f1"
"majority-vote",0.773508068714923,0.540973247715266,0.636672681210982
