"","bcubed.precision","bcubed.recall","bcubed.f1"
"majority-vote",0.977911352303905,0.949230675912604,0.963357594135513
