"","bcubed.precision","bcubed.recall","bcubed.f1"
"majority-vote",0.682662180551578,0.676756190504637,0.679696356247889
