"","bcubed.precision","bcubed.recall","bcubed.f1"
"majority-vote",0.744725591765306,0.562036365610283,0.640610728848203
