"","bcubed.precision","bcubed.recall","bcubed.f1"
"majority-vote",0.695709717005269,0.518894372528292,0.594432144890798
