"","bcubed.precision","bcubed.recall","bcubed.f1"
"majority-vote",0.749800890137184,0.625085263272867,0.6817866128787
