"","bcubed.precision","bcubed.recall","bcubed.f1"
"majority-vote",0.536713962359179,0.769410732053167,0.63233393327385
