"","bcubed.precision","bcubed.recall","bcubed.f1"
"majority-vote",0.826185534310738,0.351217025952532,0.492899261541844
