"","bcubed.precision","bcubed.recall","bcubed.f1"
"majority-vote",0.942586648030637,0.822089297946341,0.878224013309252
