"","bcubed.precision","bcubed.recall","bcubed.f1"
"majority-vote",0.751381233624633,0.672700951651823,0.709867556997053
