"","bcubed.precision","bcubed.recall","bcubed.f1"
"majority-vote",0.882681442789393,0.172185763228542,0.288159831014366
