"","bcubed.precision","bcubed.recall","bcubed.f1"
"majority-vote",0.996537292431386,0.902135226005874,0.946989422136703
