"","bcubed.precision","bcubed.recall","bcubed.f1"
"majority-vote",0.975836160039927,0.408157091482397,0.575572819314174
