"","bcubed.precision","bcubed.recall","bcubed.f1"
"majority-vote",0.924620307875885,0.706044305619178,0.800683227970957
