"","bcubed.precision","bcubed.recall","bcubed.f1"
"majority-vote",0.892024956519528,0.520179451557786,0.657147152358673
