"","bcubed.precision","bcubed.recall","bcubed.f1"
"majority-vote",0.764955491533425,0.387076262111809,0.514041581593144
