"","bcubed.precision","bcubed.recall","bcubed.f1"
"majority-vote",0.715674820758166,0.443080242011759,0.547313893973833
