"","bcubed.precision","bcubed.recall","bcubed.f1"
"majority-vote",0.522551171143803,0.471984337144938,0.49598222704184
