"","bcubed.precision","bcubed.recall","bcubed.f1"
"majority-vote",0.307367240166104,0.704934303815018,0.428081361231386
