"","bcubed.precision","bcubed.recall","bcubed.f1"
"majority-vote",0.665856943336366,0.431941223400255,0.523978034266961
