"","bcubed.precision","bcubed.recall","bcubed.f1"
"majority-vote",0.608241849056031,0.0787958633560637,0.139517644402354
