"","bcubed.precision","bcubed.recall","bcubed.f1"
"majority-vote",0.999809649206963,0.161439033142715,0.277990934324481
