"","bcubed.precision","bcubed.recall","bcubed.f1"
"majority-vote",0.889446166937079,0.461474492079378,0.607669614613892
