"","bcubed.precision","bcubed.recall","bcubed.f1"
"majority-vote",0.968385193137751,0.286642029928486,0.442348807120727
