"","bcubed.precision","bcubed.recall","bcubed.f1"
"majority-vote",0.759941166331042,0.774022513701229,0.766917208647629
