"","bcubed.precision","bcubed.recall","bcubed.f1"
"majority-vote",0.739117608066429,0.743859173039785,0.741480810381023
