"","bcubed.precision","bcubed.recall","bcubed.f1"
"majority-vote",0.607773472552798,0.655910966021103,0.630925369238521
