"","bcubed.precision","bcubed.recall","bcubed.f1"
"majority-vote",0.993234612505543,0.876895918147799,0.93144661636527
