"","bcubed.precision","bcubed.recall","bcubed.f1"
"majority-vote",0.99150483782256,0.15349537960886,0.265836476096059
