"","bcubed.precision","bcubed.recall","bcubed.f1"
"majority-vote",0.798579290039572,0.788338309054521,0.79342575508034
