"","bcubed.precision","bcubed.recall","bcubed.f1"
"majority-vote",0.812670237454639,0.653954520051791,0.724724401896227
