"","bcubed.precision","bcubed.recall","bcubed.f1"
"majority-vote",0.637358761702679,0.656558492479836,0.646816179936803
