"","bcubed.precision","bcubed.recall","bcubed.f1"
"majority-vote",0.857737269481312,0.499881778229796,0.631645868913187
