"","bcubed.precision","bcubed.recall","bcubed.f1"
"majority-vote",0.758770829428627,0.78708428501854,0.772668266504825
