"","bcubed.precision","bcubed.recall","bcubed.f1"
"majority-vote",0.571572833381434,0.482685626530822,0.523382076937142
