"","bcubed.precision","bcubed.recall","bcubed.f1"
"majority-vote",0.454381605388325,0.787700509310771,0.576317165749605
