"","bcubed.precision","bcubed.recall","bcubed.f1"
"majority-vote",0.898598805657953,0.833899139412962,0.865040876784429
