"","bcubed.precision","bcubed.recall","bcubed.f1"
"majority-vote",0.751021019012643,0.759263241997068,0.755119639957387
