"","bcubed.precision","bcubed.recall","bcubed.f1"
"majority-vote",0.95200276632227,0.804155591600056,0.871855711989995
