"","bcubed.precision","bcubed.recall","bcubed.f1"
"majority-vote",0.674986836462563,0.572491169188205,0.619528362732962
