"","bcubed.precision","bcubed.recall","bcubed.f1"
"majority-vote",0.901536401008249,0.421446772825738,0.574383127925608
