"","bcubed.precision","bcubed.recall","bcubed.f1"
"majority-vote",0.642270723171647,0.503116577917982,0.564240668691927
