"","bcubed.precision","bcubed.recall","bcubed.f1"
"majority-vote",0.954648601328047,0.306851246634463,0.464423541371784
