"","bcubed.precision","bcubed.recall","bcubed.f1"
"majority-vote",0.60106365331519,0.905207985132135,0.722429613179801
