"","bcubed.precision","bcubed.recall","bcubed.f1"
"majority-vote",0.781392095976253,0.926033644184891,0.847586343762005
