"","bcubed.precision","bcubed.recall","bcubed.f1"
"majority-vote",0.906855529145694,0.869397853193708,0.887731736963935
