"","bcubed.precision","bcubed.recall","bcubed.f1"
"majority-vote",0.740680550878759,0.576568188771579,0.648401218120523
