"","bcubed.precision","bcubed.recall","bcubed.f1"
"majority-vote",0.92754044722618,0.738631362669406,0.822376732575493
