"","bcubed.precision","bcubed.recall","bcubed.f1"
"majority-vote",0.883518384454386,0.801411517254247,0.840464411355734
