"","bcubed.precision","bcubed.recall","bcubed.f1"
"majority-vote",0.863260221863743,0.910749130041446,0.886369054613426
