"","bcubed.precision","bcubed.recall","bcubed.f1"
"majority-vote",0.910802428895643,0.840329084812367,0.874147675976754
