"","bcubed.precision","bcubed.recall","bcubed.f1"
"majority-vote",0.461628976075351,0.752910915055514,0.572341011326375
