"","bcubed.precision","bcubed.recall","bcubed.f1"
"majority-vote",0.744817562155759,0.416137702907506,0.533951098251449
