"","bcubed.precision","bcubed.recall","bcubed.f1"
"majority-vote",0.895610414326994,0.908593230583158,0.902055111121126
