"","bcubed.precision","bcubed.recall","bcubed.f1"
"majority-vote",0.961172070304412,0.55228931581704,0.701497996524732
