"","bcubed.precision","bcubed.recall","bcubed.f1"
"majority-vote",0.902268702895191,0.554894568395224,0.687176258603024
