"","bcubed.precision","bcubed.recall","bcubed.f1"
"majority-vote",0.746314775184493,0.896644859033837,0.814602248835583
