"","bcubed.precision","bcubed.recall","bcubed.f1"
"majority-vote",0.915437651987933,0.937602337366625,0.926387435941159
