"","bcubed.precision","bcubed.recall","bcubed.f1"
"majority-vote",0.442054174930546,0.694936497617491,0.540373087485367
