"","bcubed.precision","bcubed.recall","bcubed.f1"
"majority-vote",0.739882278701747,0.855681950994222,0.793579976239751
