"","bcubed.precision","bcubed.recall","bcubed.f1"
"majority-vote",0.827469091765864,0.435195561116239,0.570398284097708
