"","bcubed.precision","bcubed.recall","bcubed.f1"
"majority-vote",0.651186015541397,0.969241657318743,0.779000042392646
