"","bcubed.precision","bcubed.recall","bcubed.f1"
"majority-vote",0.204202974565474,0.935029070508981,0.335200749186519
