"","bcubed.precision","bcubed.recall","bcubed.f1"
"majority-vote",0.988085007632849,0.977910464211973,0.982971407953881
