"","bcubed.precision","bcubed.recall","bcubed.f1"
"majority-vote",0.658813126220499,0.960579654870986,0.781579975900375
