"","bcubed.precision","bcubed.recall","bcubed.f1"
"majority-vote",0.883234528721987,0.53930687200542,0.669695027067283
