"","bcubed.precision","bcubed.recall","bcubed.f1"
"majority-vote",0.419195578202299,0.483621913920291,0.44910996875012
