"","bcubed.precision","bcubed.recall","bcubed.f1"
"majority-vote",0.296759259259259,0.58861235699428,0.394582712718109
