"","bcubed.precision","bcubed.recall","bcubed.f1"
"majority-vote",0.888957138542705,0.331098516423476,0.482490103689092
