"","bcubed.precision","bcubed.recall","bcubed.f1"
"majority-vote",0.98439909396342,0.563688063727459,0.716876974858422
