"","bcubed.precision","bcubed.recall","bcubed.f1"
"majority-vote",0.918632981826651,0.234944881385962,0.374189075285188
