"","bcubed.precision","bcubed.recall","bcubed.f1"
"majority-vote",0.795969089153995,0.819326488464479,0.80747891318359
