"","bcubed.precision","bcubed.recall","bcubed.f1"
"majority-vote",0.896730123295142,0.79051634640259,0.840280105494504
