"","bcubed.precision","bcubed.recall","bcubed.f1"
"majority-vote",0.91706759341389,0.309614711708928,0.462935867529308
