"","bcubed.precision","bcubed.recall","bcubed.f1"
"majority-vote",0.782386002977391,0.87145330763265,0.824521301151851
