"","bcubed.precision","bcubed.recall","bcubed.f1"
"majority-vote",0.975411956391225,0.671950474899912,0.795730817785419
