"","bcubed.precision","bcubed.recall","bcubed.f1"
"majority-vote",0.280779334252009,0.960918665112908,0.434576045380966
