"","bcubed.precision","bcubed.recall","bcubed.f1"
"majority-vote",0.887674625964706,0.535224988637583,0.667799241380252
