"","bcubed.precision","bcubed.recall","bcubed.f1"
"majority-vote",0.874764889638348,0.964618331203897,0.917496950583605
