"","bcubed.precision","bcubed.recall","bcubed.f1"
"majority-vote",0.974176750854411,0.937343802823972,0.955405411164846
