"","bcubed.precision","bcubed.recall","bcubed.f1"
"majority-vote",0.472950384281194,0.767380304983288,0.585219431032357
