"","bcubed.precision","bcubed.recall","bcubed.f1"
"majority-vote",0.4897834365067,0.963287334759361,0.649386376068577
