"","bcubed.precision","bcubed.recall","bcubed.f1"
"majority-vote",0.615040417970789,0.795932520777767,0.693890941225116
