"","bcubed.precision","bcubed.recall","bcubed.f1"
"majority-vote",0.864195819629646,0.499140076548328,0.632793090495104
