"","bcubed.precision","bcubed.recall","bcubed.f1"
"majority-vote",0.655416885215191,0.774462170672114,0.709983940989927
