"","bcubed.precision","bcubed.recall","bcubed.f1"
"majority-vote",0.734437849221254,0.739823075923588,0.737120626909635
