"","bcubed.precision","bcubed.recall","bcubed.f1"
"majority-vote",0.707558783556524,0.701818888843151,0.704677147923527
