"","bcubed.precision","bcubed.recall","bcubed.f1"
"majority-vote",0.969920513476967,0.542011906206922,0.695412651431552
