"","bcubed.precision","bcubed.recall","bcubed.f1"
"majority-vote",0.923631765007196,0.248264304529742,0.391339818848777
