"","bcubed.precision","bcubed.recall","bcubed.f1"
"majority-vote",0.685910182777931,0.847191844582957,0.75806763358885
