"","bcubed.precision","bcubed.recall","bcubed.f1"
"majority-vote",0.738675667053648,0.704313257571225,0.721085320161278
