"","bcubed.precision","bcubed.recall","bcubed.f1"
"majority-vote",0.967183204784235,0.979223417211273,0.973166071421591
