"","bcubed.precision","bcubed.recall","bcubed.f1"
"majority-vote",0.929885287389826,0.504725780847323,0.654305669554033
