"","bcubed.precision","bcubed.recall","bcubed.f1"
"majority-vote",0.807901742347004,0.562248786028985,0.663053824317695
