"","bcubed.precision","bcubed.recall","bcubed.f1"
"majority-vote",0.909526583685068,0.710357294812395,0.797697726513297
