"","bcubed.precision","bcubed.recall","bcubed.f1"
"majority-vote",0.714530629752636,0.755573494294697,0.734479137731345
