"","bcubed.precision","bcubed.recall","bcubed.f1"
"majority-vote",0.978510445238231,0.210214088855254,0.346079643822556
