"","bcubed.precision","bcubed.recall","bcubed.f1"
"majority-vote",0.967864926398552,0.437714364426671,0.602809651329855
