"","bcubed.precision","bcubed.recall","bcubed.f1"
"majority-vote",0.999758745119929,0.791796807939135,0.883707771990141
