"","bcubed.precision","bcubed.recall","bcubed.f1"
"majority-vote",0.982738672157248,0.892827775562905,0.935628149766001
