"","bcubed.precision","bcubed.recall","bcubed.f1"
"majority-vote",0.865536225172504,0.748377354796519,0.802704331526345
