"","bcubed.precision","bcubed.recall","bcubed.f1"
"majority-vote",0.892252501947935,0.807587442578365,0.847811487784616
