"","bcubed.precision","bcubed.recall","bcubed.f1"
"majority-vote",0.885365667481816,0.671335094318791,0.763636863899288
