"","bcubed.precision","bcubed.recall","bcubed.f1"
"majority-vote",0.533904247741158,0.184174332656771,0.27387381051208
