"","bcubed.precision","bcubed.recall","bcubed.f1"
"majority-vote",0.930160861886631,0.928401683292466,0.929280440035021
