"","bcubed.precision","bcubed.recall","bcubed.f1"
"majority-vote",0.838956743270652,0.784980193406284,0.811071429829934
