"","bcubed.precision","bcubed.recall","bcubed.f1"
"majority-vote",0.355211481458044,0.886117207305181,0.507132411909278
