"","bcubed.precision","bcubed.recall","bcubed.f1"
"majority-vote",0.915320352870231,0.996752876337906,0.954302565986836
