"","bcubed.precision","bcubed.recall","bcubed.f1"
"majority-vote",0.914648828681399,0.742495271451785,0.819629904581348
