"","bcubed.precision","bcubed.recall","bcubed.f1"
"majority-vote",0.960201163555261,0.797235263492834,0.871162354269507
