"","bcubed.precision","bcubed.recall","bcubed.f1"
"majority-vote",0.348219435372198,0.657754450014285,0.455365465296406
