"","bcubed.precision","bcubed.recall","bcubed.f1"
"majority-vote",0.931987484119062,0.355681834578995,0.514869793576033
