"","bcubed.precision","bcubed.recall","bcubed.f1"
"majority-vote",0.856090718792487,0.780895664483887,0.816766147280873
