"","bcubed.precision","bcubed.recall","bcubed.f1"
"majority-vote",0.931249301094653,0.926044720408771,0.928639718513702
