"","bcubed.precision","bcubed.recall","bcubed.f1"
"majority-vote",0.844901171862342,0.763492772342782,0.802136740672254
