"","bcubed.precision","bcubed.recall","bcubed.f1"
"majority-vote",0.87833478881112,0.971590779354395,0.922612235519652
