"","bcubed.precision","bcubed.recall","bcubed.f1"
"majority-vote",0.841496252136128,0.934933681286789,0.885757635577249
