"","bcubed.precision","bcubed.recall","bcubed.f1"
"majority-vote",0.915819253356595,0.819345874750061,0.864900654237081
