"","bcubed.precision","bcubed.recall","bcubed.f1"
"majority-vote",0.973409628582042,0.942748696885072,0.957833856090564
