"","bcubed.precision","bcubed.recall","bcubed.f1"
"majority-vote",0.729213292871395,0.486418235064687,0.58356933783452
