"","bcubed.precision","bcubed.recall","bcubed.f1"
"majority-vote",0.874659820266348,0.874118202139427,0.87438892732998
