"","bcubed.precision","bcubed.recall","bcubed.f1"
"majority-vote",0.995905320167016,0.683146549001826,0.810396980697731
