"","bcubed.precision","bcubed.recall","bcubed.f1"
"majority-vote",0.999513286340621,0.793076073561344,0.884407874257121
