"","bcubed.precision","bcubed.recall","bcubed.f1"
"majority-vote",0.764542151032291,0.526860744674586,0.623828935752072
