"","bcubed.precision","bcubed.recall","bcubed.f1"
"majority-vote",0.863381352076141,0.440498214959321,0.583363608164222
