"","bcubed.precision","bcubed.recall","bcubed.f1"
"majority-vote",0.741617958557888,0.711260562376046,0.726122106799381
