"","bcubed.precision","bcubed.recall","bcubed.f1"
"majority-vote",0.689421912678837,0.239015860862116,0.35496783231401
