"","bcubed.precision","bcubed.recall","bcubed.f1"
"majority-vote",0.855386623044197,0.265154119814373,0.404821134045815
