"","bcubed.precision","bcubed.recall","bcubed.f1"
"majority-vote",0.906513436434327,0.371261934094981,0.526781059419358
