"","bcubed.precision","bcubed.recall","bcubed.f1"
"majority-vote",0.79181854776834,0.822887934081244,0.807054330015376
