"","bcubed.precision","bcubed.recall","bcubed.f1"
"majority-vote",0.820283314127411,0.513327607341951,0.631479638033579
