"","bcubed.precision","bcubed.recall","bcubed.f1"
"majority-vote",0.379208140035653,0.950783480592482,0.542176100450647
