"","bcubed.precision","bcubed.recall","bcubed.f1"
"majority-vote",0.694088510124915,0.486640440702479,0.572140690235507
