"","bcubed.precision","bcubed.recall","bcubed.f1"
"majority-vote",0.641039892839241,0.778197394223962,0.702991076613236
