"","bcubed.precision","bcubed.recall","bcubed.f1"
"majority-vote",0.81837478001611,0.792003061165347,0.804972987553972
