"","bcubed.precision","bcubed.recall","bcubed.f1"
"majority-vote",0.884291061885105,0.578881753763427,0.699712235310331
