"","bcubed.precision","bcubed.recall","bcubed.f1"
"majority-vote",0.622162113089182,0.740158921613168,0.676050397758516
