"","bcubed.precision","bcubed.recall","bcubed.f1"
"majority-vote",0.997036397463511,0.891535417954551,0.941339115697607
