"","bcubed.precision","bcubed.recall","bcubed.f1"
"majority-vote",0.454937978738747,0.889012310955601,0.601875630254131
