"","bcubed.precision","bcubed.recall","bcubed.f1"
"majority-vote",0.701649470678962,0.720610245977569,0.711003471074337
