"","bcubed.precision","bcubed.recall","bcubed.f1"
"majority-vote",0.999618207286548,0.310893741094755,0.474280367323023
