"","bcubed.precision","bcubed.recall","bcubed.f1"
"majority-vote",0.958815849692147,0.72005553900067,0.822458072848589
