"","bcubed.precision","bcubed.recall","bcubed.f1"
"majority-vote",0.538799792325664,0.562608639542912,0.550446881239268
