"","bcubed.precision","bcubed.recall","bcubed.f1"
"majority-vote",0.27586024119687,0.716166389623463,0.398299454552447
