"","bcubed.precision","bcubed.recall","bcubed.f1"
"majority-vote",0.947958386491457,0.839692052824038,0.890546726629135
