"","bcubed.precision","bcubed.recall","bcubed.f1"
"majority-vote",0.951224054072656,0.705044162858181,0.809838599857919
