"","bcubed.precision","bcubed.recall","bcubed.f1"
"majority-vote",0.453898805456095,0.766328385182099,0.570116026408707
