"","bcubed.precision","bcubed.recall","bcubed.f1"
"majority-vote",0.71446364870823,0.819909812861026,0.76356346245621
