"","bcubed.precision","bcubed.recall","bcubed.f1"
"majority-vote",0.986125541375527,0.197816263769478,0.329529153130409
