"","bcubed.precision","bcubed.recall","bcubed.f1"
"majority-vote",0.881504188390905,0.906338643868765,0.89374893167881
