"","bcubed.precision","bcubed.recall","bcubed.f1"
"majority-vote",0.767514563088922,0.901149184078634,0.828980821894252
