"","bcubed.precision","bcubed.recall","bcubed.f1"
"majority-vote",0.759153836501376,0.865440327616641,0.808820269682384
