"","bcubed.precision","bcubed.recall","bcubed.f1"
"majority-vote",0.958032915457426,0.41389447616913,0.578054690235344
