"","bcubed.precision","bcubed.recall","bcubed.f1"
"majority-vote",0.682254121763531,0.643376931188772,0.662245444799346
