"","bcubed.precision","bcubed.recall","bcubed.f1"
"majority-vote",0.879424974714826,0.818499453527217,0.847869138637143
