"","bcubed.precision","bcubed.recall","bcubed.f1"
"majority-vote",0.923294352507453,0.645741980492663,0.759969557398145
