"","bcubed.precision","bcubed.recall","bcubed.f1"
"majority-vote",0.0546345294675288,0.951654875817137,0.103336507534909
