"","bcubed.precision","bcubed.recall","bcubed.f1"
"majority-vote",0.548308440149137,0.642688709948188,0.59175900466992
