"","bcubed.precision","bcubed.recall","bcubed.f1"
"majority-vote",0.7061384102645,0.79802467801513,0.749274971412785
