"","bcubed.precision","bcubed.recall","bcubed.f1"
"majority-vote",0.761422024204578,0.188347573503191,0.301993222391913
