"","bcubed.precision","bcubed.recall","bcubed.f1"
"majority-vote",0.845870619540681,0.492826423885952,0.62279571699267
