"","bcubed.precision","bcubed.recall","bcubed.f1"
"majority-vote",0.58421081912641,0.291467387937106,0.388906335870525
