"","bcubed.precision","bcubed.recall","bcubed.f1"
"majority-vote",0.811149818706357,0.809033439974537,0.810090247071215
