"","bcubed.precision","bcubed.recall","bcubed.f1"
"majority-vote",0.963607894845276,0.904265662726137,0.932994129188626
