"","bcubed.precision","bcubed.recall","bcubed.f1"
"majority-vote",0.527793877331618,0.954426920677363,0.679710722951183
