"","bcubed.precision","bcubed.recall","bcubed.f1"
"majority-vote",0.992096561180767,0.887948453189256,0.937137781469588
