"","bcubed.precision","bcubed.recall","bcubed.f1"
"majority-vote",0.622461246578261,0.484499550076901,0.544883242150486
