"","bcubed.precision","bcubed.recall","bcubed.f1"
"majority-vote",0.457851654540456,0.924853918637355,0.612488884214375
