"","bcubed.precision","bcubed.recall","bcubed.f1"
"majority-vote",0.871442753117449,0.62388088985594,0.727168974861316
