"","bcubed.precision","bcubed.recall","bcubed.f1"
"majority-vote",0.605002312507265,0.618955502424151,0.611899373879468
