"","bcubed.precision","bcubed.recall","bcubed.f1"
"majority-vote",0.997692729399458,0.800774126367567,0.8884528744094
