"","bcubed.precision","bcubed.recall","bcubed.f1"
"majority-vote",0.733686798478279,0.441136907959363,0.550987052640806
