"","bcubed.precision","bcubed.recall","bcubed.f1"
"majority-vote",0.97038386558635,0.352675978766208,0.51733272842556
