"","bcubed.precision","bcubed.recall","bcubed.f1"
"majority-vote",0.993236508720196,0.980222184784104,0.986686434116565
