"","bcubed.precision","bcubed.recall","bcubed.f1"
"majority-vote",0.625800925799591,0.772834907444959,0.691589317352678
