"","bcubed.precision","bcubed.recall","bcubed.f1"
"majority-vote",0.82071684227782,0.749136608992661,0.783294812225422
