"","bcubed.precision","bcubed.recall","bcubed.f1"
"majority-vote",0.942831451523414,0.815005363031054,0.874270789033046
