"","bcubed.precision","bcubed.recall","bcubed.f1"
"majority-vote",0.777273897784474,0.77965394672853,0.778462103086463
