"","bcubed.precision","bcubed.recall","bcubed.f1"
"majority-vote",0.987080560742283,0.535627009624773,0.694430131297877
