"","bcubed.precision","bcubed.recall","bcubed.f1"
"majority-vote",0.80930142179873,0.194000210509425,0.312975960845059
