"","bcubed.precision","bcubed.recall","bcubed.f1"
"majority-vote",0.876062223703289,0.512592146843896,0.646759374458251
