"","bcubed.precision","bcubed.recall","bcubed.f1"
"majority-vote",0.994291112943495,0.673382677929592,0.802960885923569
