"","bcubed.precision","bcubed.recall","bcubed.f1"
"majority-vote",0.485767433424038,0.90000483780263,0.630973860866192
