"","bcubed.precision","bcubed.recall","bcubed.f1"
"majority-vote",0.649022381435871,0.845544171333043,0.734362870186139
