"","bcubed.precision","bcubed.recall","bcubed.f1"
"majority-vote",0.696994123049425,0.541447181561574,0.609452385163512
