"","bcubed.precision","bcubed.recall","bcubed.f1"
"majority-vote",0.623646365944016,0.948887923604388,0.752632879520844
