"","bcubed.precision","bcubed.recall","bcubed.f1"
"majority-vote",0.898120379316227,0.931734421727162,0.914618659126869
