"","bcubed.precision","bcubed.recall","bcubed.f1"
"majority-vote",0.904303948298815,0.6245126826592,0.738805783840153
