"","bcubed.precision","bcubed.recall","bcubed.f1"
"majority-vote",0.794562622856403,0.646897719652599,0.713166687544559
