"","bcubed.precision","bcubed.recall","bcubed.f1"
"majority-vote",0.708874038445263,0.707804453700582,0.708338842307519
