"","bcubed.precision","bcubed.recall","bcubed.f1"
"majority-vote",0.234790660129105,0.992410167359189,0.379740028027845
