"","bcubed.precision","bcubed.recall","bcubed.f1"
"majority-vote",0.832153661570078,0.216236423932984,0.343272860796482
