"","bcubed.precision","bcubed.recall","bcubed.f1"
"majority-vote",0.522652161377279,0.892726981313697,0.65930841034767
