"","bcubed.precision","bcubed.recall","bcubed.f1"
"majority-vote",0.966487182043899,0.812904943372198,0.883068095859568
