"","bcubed.precision","bcubed.recall","bcubed.f1"
"majority-vote",0.418303963687032,0.404566188455523,0.41132040034278
