"","bcubed.precision","bcubed.recall","bcubed.f1"
"majority-vote",0.653046740846631,0.613025588049992,0.632403620542795
