"","bcubed.precision","bcubed.recall","bcubed.f1"
"majority-vote",0.986146739462375,0.807971179507559,0.888211567173251
