"","bcubed.precision","bcubed.recall","bcubed.f1"
"majority-vote",0.583196021443532,0.907476816450819,0.710064415816328
