"","bcubed.precision","bcubed.recall","bcubed.f1"
"majority-vote",0.812308950672771,0.915973011604292,0.861032044702415
