"","bcubed.precision","bcubed.recall","bcubed.f1"
"majority-vote",0.980245197068464,0.868972429525767,0.921261011335208
