"","bcubed.precision","bcubed.recall","bcubed.f1"
"majority-vote",0.959891240138753,0.889617469669746,0.923419296899456
