"","bcubed.precision","bcubed.recall","bcubed.f1"
"majority-vote",0.441873277461384,0.772728367443298,0.562238685814312
