"","bcubed.precision","bcubed.recall","bcubed.f1"
"majority-vote",0.666998564048657,0.984015677491685,0.79507132933751
