"","bcubed.precision","bcubed.recall","bcubed.f1"
"majority-vote",0.766250729319133,0.921263832375314,0.836637620174495
