"","bcubed.precision","bcubed.recall","bcubed.f1"
"majority-vote",0.949467794495709,0.891686410021868,0.919670418727468
