"","bcubed.precision","bcubed.recall","bcubed.f1"
"majority-vote",0.957845273459131,0.791556189011922,0.866797439681388
