"","bcubed.precision","bcubed.recall","bcubed.f1"
"majority-vote",0.419540699966269,0.641619660507167,0.507341908929202
