"","bcubed.precision","bcubed.recall","bcubed.f1"
"majority-vote",0.492621907565276,0.899327583465812,0.636558255235
