"","bcubed.precision","bcubed.recall","bcubed.f1"
"majority-vote",0.886659275955934,0.878747620467947,0.882685720204678
