"","bcubed.precision","bcubed.recall","bcubed.f1"
"majority-vote",0.939994669747236,0.54653379084636,0.691192753924381
