"","bcubed.precision","bcubed.recall","bcubed.f1"
"majority-vote",0.92546649614602,0.251183373397118,0.395124841271987
