"","bcubed.precision","bcubed.recall","bcubed.f1"
"majority-vote",0.655072352253171,0.859681618577944,0.743557925465184
