"","bcubed.precision","bcubed.recall","bcubed.f1"
"majority-vote",0.763381404337045,0.917333116943756,0.833306351781567
