"","bcubed.precision","bcubed.recall","bcubed.f1"
"majority-vote",0.920380510887032,0.858413504905459,0.888317650253869
