"","bcubed.precision","bcubed.recall","bcubed.f1"
"majority-vote",0.741369348634043,0.715288840428767,0.72809561734597
