"","bcubed.precision","bcubed.recall","bcubed.f1"
"majority-vote",0.745330182591872,0.831162499829017,0.785909766241068
