"","bcubed.precision","bcubed.recall","bcubed.f1"
"majority-vote",0.994970399205299,0.610049259622803,0.75635329703685
