"","bcubed.precision","bcubed.recall","bcubed.f1"
"majority-vote",0.303709697752353,0.709425215031663,0.425331937368734
