"","bcubed.precision","bcubed.recall","bcubed.f1"
"majority-vote",0.965909945635665,0.680135103405133,0.798215408670357
