"","bcubed.precision","bcubed.recall","bcubed.f1"
"majority-vote",0.996858883852589,0.84091463540474,0.912270436025909
