"","bcubed.precision","bcubed.recall","bcubed.f1"
"majority-vote",0.766435495863073,0.71543168105563,0.740055848144487
