"","bcubed.precision","bcubed.recall","bcubed.f1"
"majority-vote",0.962823292160321,0.857398106356146,0.90705764488504
