"","bcubed.precision","bcubed.recall","bcubed.f1"
"majority-vote",0.627754955400179,0.734622223386346,0.676997160931065
