"","bcubed.precision","bcubed.recall","bcubed.f1"
"majority-vote",0.807494056270012,0.388444717473641,0.524553275528607
