"","bcubed.precision","bcubed.recall","bcubed.f1"
"majority-vote",0.999942184212814,0.432275742265423,0.603610305264072
