"","bcubed.precision","bcubed.recall","bcubed.f1"
"majority-vote",0.22881895788897,0.653908213277439,0.339009834079243
