"","bcubed.precision","bcubed.recall","bcubed.f1"
"majority-vote",0.98985600146521,0.61547710002007,0.759012195855922
