"","bcubed.precision","bcubed.recall","bcubed.f1"
"majority-vote",0.592714452737264,0.812162311687792,0.685299027353286
