"","bcubed.precision","bcubed.recall","bcubed.f1"
"majority-vote",0.982480770496022,0.997833309289696,0.990097529017837
