"","bcubed.precision","bcubed.recall","bcubed.f1"
"majority-vote",0.823915553250629,0.301331008287416,0.441274495547618
