"","bcubed.precision","bcubed.recall","bcubed.f1"
"majority-vote",0.986021823695233,0.859023624183993,0.918151952829981
