"","bcubed.precision","bcubed.recall","bcubed.f1"
"majority-vote",0.854622212282597,0.59674355396771,0.702772944100584
