"","bcubed.precision","bcubed.recall","bcubed.f1"
"majority-vote",0.620979641034834,0.791266760650982,0.695856683940281
