"","bcubed.precision","bcubed.recall","bcubed.f1"
"majority-vote",0.959768027888037,0.91077197430468,0.934628311192927
