"","bcubed.precision","bcubed.recall","bcubed.f1"
"majority-vote",0.758331986475651,0.829155228297358,0.792163773692268
