"","bcubed.precision","bcubed.recall","bcubed.f1"
"majority-vote",0.536447888860437,0.748017642843278,0.624808491048241
