"","bcubed.precision","bcubed.recall","bcubed.f1"
"majority-vote",0.91840333085983,0.165898015845824,0.281031266444054
