"","bcubed.precision","bcubed.recall","bcubed.f1"
"majority-vote",0.862538087988895,0.60578918418333,0.711716324490572
