"","bcubed.precision","bcubed.recall","bcubed.f1"
"majority-vote",0.983979297661054,0.855846447724318,0.915451029696389
