"","bcubed.precision","bcubed.recall","bcubed.f1"
"majority-vote",0.961622267948505,0.773686900719056,0.857477809239926
