"","bcubed.precision","bcubed.recall","bcubed.f1"
"majority-vote",0.990843539743592,0.878718687835981,0.93141883404594
