"","bcubed.precision","bcubed.recall","bcubed.f1"
"majority-vote",0.545565447752647,0.857523806083292,0.666864717187961
