"","bcubed.precision","bcubed.recall","bcubed.f1"
"majority-vote",0.411371813194052,0.453542177556181,0.431428951171038
