"","bcubed.precision","bcubed.recall","bcubed.f1"
"majority-vote",0.945280123694183,0.798757812503313,0.865864059644313
