"","bcubed.precision","bcubed.recall","bcubed.f1"
"majority-vote",0.966238911703602,0.667885532883366,0.789826004467995
