"","bcubed.precision","bcubed.recall","bcubed.f1"
"majority-vote",0.952356534568924,0.564924230193207,0.709175644555364
