"","bcubed.precision","bcubed.recall","bcubed.f1"
"majority-vote",0.0625691908884973,0.99642668751354,0.117744767262935
