"","bcubed.precision","bcubed.recall","bcubed.f1"
"majority-vote",0.514159957430288,0.275685848858791,0.358922268586409
