"","bcubed.precision","bcubed.recall","bcubed.f1"
"majority-vote",0.973285593523129,0.718880975079534,0.826959366158074
