"","bcubed.precision","bcubed.recall","bcubed.f1"
"majority-vote",0.64205460264096,0.997058140658341,0.781112551198599
