"","bcubed.precision","bcubed.recall","bcubed.f1"
"majority-vote",0.654924656879851,0.876085209864058,0.749531166233437
