"","bcubed.precision","bcubed.recall","bcubed.f1"
"majority-vote",0.856659276984896,0.332448558917389,0.479006417278784
