"","bcubed.precision","bcubed.recall","bcubed.f1"
"majority-vote",0.959344813810633,0.547637336319237,0.697251839912839
