"","bcubed.precision","bcubed.recall","bcubed.f1"
"majority-vote",0.587672644076514,0.490081058210751,0.534458347355809
