"","bcubed.precision","bcubed.recall","bcubed.f1"
"majority-vote",0.379687916896003,0.313415730526644,0.343383464474933
