"","bcubed.precision","bcubed.recall","bcubed.f1"
"majority-vote",0.912828482346669,0.751676391705894,0.824451319491953
