"","bcubed.precision","bcubed.recall","bcubed.f1"
"majority-vote",0.989322332919899,0.627749239286776,0.768112373718125
