"","bcubed.precision","bcubed.recall","bcubed.f1"
"majority-vote",0.346202693440346,0.768784751915332,0.477414078333507
