"","bcubed.precision","bcubed.recall","bcubed.f1"
"majority-vote",0.967932021346494,0.653001467489687,0.77987287538039
