"","bcubed.precision","bcubed.recall","bcubed.f1"
"majority-vote",0.757082489223501,0.62856883426255,0.686866096291209
