"","bcubed.precision","bcubed.recall","bcubed.f1"
"majority-vote",0.680019680996259,0.788492545932036,0.730249894717169
