"","bcubed.precision","bcubed.recall","bcubed.f1"
"majority-vote",0.85950830524492,0.730979205422424,0.790050464160247
