"","bcubed.precision","bcubed.recall","bcubed.f1"
"majority-vote",0.917298924342805,0.961257705663717,0.938763990754433
