"","bcubed.precision","bcubed.recall","bcubed.f1"
"majority-vote",0.526133458316035,0.574612254683771,0.549305310349367
