"","bcubed.precision","bcubed.recall","bcubed.f1"
"majority-vote",0.802229124837484,0.291907016434876,0.428056987599643
