"","bcubed.precision","bcubed.recall","bcubed.f1"
"majority-vote",0.800002032399217,0.568498727533228,0.664669177772911
