"","bcubed.precision","bcubed.recall","bcubed.f1"
"majority-vote",0.845507597591919,0.889966649378742,0.867167651685552
