"","bcubed.precision","bcubed.recall","bcubed.f1"
"majority-vote",0.780967032651759,0.605216918887431,0.681950560355762
