"","bcubed.precision","bcubed.recall","bcubed.f1"
"majority-vote",0.471862152869081,0.845659531014967,0.605735346567697
