"","bcubed.precision","bcubed.recall","bcubed.f1"
"majority-vote",0.526804858577009,0.705217195221363,0.603092848296473
