"","bcubed.precision","bcubed.recall","bcubed.f1"
"majority-vote",0.564185497262304,0.754873960011177,0.645746388687573
