"","bcubed.precision","bcubed.recall","bcubed.f1"
"majority-vote",0.471080922488411,0.425055530552428,0.44688629898267
