"","bcubed.precision","bcubed.recall","bcubed.f1"
"majority-vote",0.371511560413412,0.336754197711786,0.353280039398876
