"","bcubed.precision","bcubed.recall","bcubed.f1"
"majority-vote",0.553397396783395,0.824161757306762,0.662169707439134
