"","bcubed.precision","bcubed.recall","bcubed.f1"
"majority-vote",0.972323528739994,0.664098673656634,0.789183579709049
