"","bcubed.precision","bcubed.recall","bcubed.f1"
"majority-vote",0.594776198511589,0.871792551010932,0.707121925991974
