"","bcubed.precision","bcubed.recall","bcubed.f1"
"majority-vote",0.935253057634835,0.742618997034086,0.827878008577823
