"","bcubed.precision","bcubed.recall","bcubed.f1"
"majority-vote",0.537822755588859,0.526249595389123,0.531973238961749
