"","bcubed.precision","bcubed.recall","bcubed.f1"
"majority-vote",0.283572923974589,0.705213757366199,0.404494783308102
