"","bcubed.precision","bcubed.recall","bcubed.f1"
"majority-vote",0.924583100511763,0.796830375172259,0.855966226900796
