"","bcubed.precision","bcubed.recall","bcubed.f1"
"majority-vote",0.492480173345226,0.972689710079931,0.653890586273099
