"","bcubed.precision","bcubed.recall","bcubed.f1"
"majority-vote",0.696651910164214,0.826250741036361,0.755936903207567
