"","bcubed.precision","bcubed.recall","bcubed.f1"
"majority-vote",0.977037412701598,0.607036218342417,0.748825161358876
