"","bcubed.precision","bcubed.recall","bcubed.f1"
"majority-vote",0.808430285154905,0.952616412593819,0.874620711717605
