"","bcubed.precision","bcubed.recall","bcubed.f1"
"majority-vote",0.833755213409705,0.709147020306634,0.766419300373267
