"","bcubed.precision","bcubed.recall","bcubed.f1"
"majority-vote",0.804669915018819,0.724303992708939,0.762374857170772
