"","bcubed.precision","bcubed.recall","bcubed.f1"
"majority-vote",0.847401777943665,0.926837011991099,0.885341179869175
