"","bcubed.precision","bcubed.recall","bcubed.f1"
"majority-vote",0.958477389917326,0.666778969418383,0.786451395915304
