"","bcubed.precision","bcubed.recall","bcubed.f1"
"majority-vote",0.610859470649044,0.951028612241264,0.74390071991681
