"","bcubed.precision","bcubed.recall","bcubed.f1"
"majority-vote",0.69151609056727,0.802933402817258,0.743071438894321
