"","bcubed.precision","bcubed.recall","bcubed.f1"
"majority-vote",0.789216886009744,0.819605523451001,0.804124203107289
