"","bcubed.precision","bcubed.recall","bcubed.f1"
"majority-vote",0.819971235072679,0.392601990100389,0.530973853011904
