"","bcubed.precision","bcubed.recall","bcubed.f1"
"majority-vote",0.738367559343579,0.385998860749497,0.506968247410688
