"","bcubed.precision","bcubed.recall","bcubed.f1"
"majority-vote",0.630252562215591,0.464348039628585,0.534727536678925
