"","bcubed.precision","bcubed.recall","bcubed.f1"
"majority-vote",0.989923199430943,0.526916582179768,0.687754837641093
