"","bcubed.precision","bcubed.recall","bcubed.f1"
"majority-vote",0.497249044019439,0.968118461246155,0.657031055516642
