"","bcubed.precision","bcubed.recall","bcubed.f1"
"majority-vote",0.576439734295004,0.333019351265388,0.422153320377748
