"","bcubed.precision","bcubed.recall","bcubed.f1"
"majority-vote",0.518650536169587,0.570838156328295,0.543494426118249
