"","bcubed.precision","bcubed.recall","bcubed.f1"
"majority-vote",0.82427518711943,0.559368572948379,0.666462927008261
