"","bcubed.precision","bcubed.recall","bcubed.f1"
"majority-vote",0.865046948060296,0.656434480672134,0.74643913935914
