"","bcubed.precision","bcubed.recall","bcubed.f1"
"majority-vote",0.822491683001722,0.326900348845768,0.467852239524976
