"","bcubed.precision","bcubed.recall","bcubed.f1"
"majority-vote",0.704480350710692,0.699420182822446,0.701941147424263
