"","bcubed.precision","bcubed.recall","bcubed.f1"
"majority-vote",0.870015769676366,0.586104559977243,0.700381966345778
