"","bcubed.precision","bcubed.recall","bcubed.f1"
"majority-vote",0.689183265573621,0.602383895862614,0.642866918384488
