"","bcubed.precision","bcubed.recall","bcubed.f1"
"majority-vote",0.841068111855623,0.719001736929966,0.775259433122615
