"","bcubed.precision","bcubed.recall","bcubed.f1"
"majority-vote",0.554984778355533,0.908243080581017,0.6889714157514
