"","bcubed.precision","bcubed.recall","bcubed.f1"
"majority-vote",0.63589300292165,0.880496122052177,0.738466550427537
