"","bcubed.precision","bcubed.recall","bcubed.f1"
"majority-vote",0.951415960062064,0.925803059432364,0.93843477769095
