"","bcubed.precision","bcubed.recall","bcubed.f1"
"majority-vote",0.972705277727689,0.694214743201421,0.810196453471131
