"","bcubed.precision","bcubed.recall","bcubed.f1"
"majority-vote",0.994557810693887,0.656170170798123,0.790680446237742
