"","bcubed.precision","bcubed.recall","bcubed.f1"
"majority-vote",0.658813611087387,0.501735241205154,0.569644277214531
