"","bcubed.precision","bcubed.recall","bcubed.f1"
"majority-vote",0.755140430258745,0.672503301179067,0.711430199313572
