"","bcubed.precision","bcubed.recall","bcubed.f1"
"majority-vote",0.929727687325318,0.839136528260268,0.882112325972222
