"","bcubed.precision","bcubed.recall","bcubed.f1"
"majority-vote",0.521804398652364,0.905853249276344,0.662173050649376
