"","bcubed.precision","bcubed.recall","bcubed.f1"
"majority-vote",0.425254408752693,0.625814121500452,0.506399357544583
