"","bcubed.precision","bcubed.recall","bcubed.f1"
"majority-vote",0.488253254576004,0.628025553623967,0.549388769653805
