"","bcubed.precision","bcubed.recall","bcubed.f1"
"majority-vote",0.587018046598036,0.938623873291843,0.722304684220831
