"","bcubed.precision","bcubed.recall","bcubed.f1"
"majority-vote",0.918124590040127,0.323940816221045,0.478908803982376
