"","bcubed.precision","bcubed.recall","bcubed.f1"
"majority-vote",0.523896848216613,0.899343080183795,0.662099194621746
