"","bcubed.precision","bcubed.recall","bcubed.f1"
"majority-vote",0.988030772083635,0.934470665888191,0.96050463762571
