"","bcubed.precision","bcubed.recall","bcubed.f1"
"majority-vote",0.8688826166188,0.708559084839464,0.780573597230496
