"","bcubed.precision","bcubed.recall","bcubed.f1"
"majority-vote",0.808962769936995,0.629634205328429,0.708121370400613
