"","bcubed.precision","bcubed.recall","bcubed.f1"
"majority-vote",0.818532942210773,0.636789950705515,0.716313272413039
