"","bcubed.precision","bcubed.recall","bcubed.f1"
"majority-vote",0.560507830847401,0.60429148862681,0.581576767477257
