"","bcubed.precision","bcubed.recall","bcubed.f1"
"majority-vote",0.862613164862272,0.692918100434113,0.768509497611334
