"","bcubed.precision","bcubed.recall","bcubed.f1"
"majority-vote",0.958867976039442,0.715337793486557,0.819390919216783
