"","bcubed.precision","bcubed.recall","bcubed.f1"
"majority-vote",0.805360160038684,0.639273296113786,0.712769376721839
