"","bcubed.precision","bcubed.recall","bcubed.f1"
"majority-vote",0.916111840118583,0.634955635385473,0.750051670495657
