"","bcubed.precision","bcubed.recall","bcubed.f1"
"majority-vote",0.692893394408782,0.764587851273926,0.726977274201221
