"","bcubed.precision","bcubed.recall","bcubed.f1"
"majority-vote",0.993637775547381,0.792762402904993,0.881906170925872
