"","bcubed.precision","bcubed.recall","bcubed.f1"
"majority-vote",0.989042422967378,0.550602907584659,0.707396207430655
