"","bcubed.precision","bcubed.recall","bcubed.f1"
"majority-vote",0.666031148984757,0.997698496311683,0.798805596471097
