"","bcubed.precision","bcubed.recall","bcubed.f1"
"majority-vote",0.999989269474671,0.726141628760997,0.841342725076136
