"","bcubed.precision","bcubed.recall","bcubed.f1"
"majority-vote",0.865105186289902,0.649754990793904,0.742123162067197
