"","bcubed.precision","bcubed.recall","bcubed.f1"
"majority-vote",0.502643618842201,0.7636849309409,0.606258711310171
