"","bcubed.precision","bcubed.recall","bcubed.f1"
"majority-vote",0.728951981048905,0.566506339922157,0.637544121764525
