"","bcubed.precision","bcubed.recall","bcubed.f1"
"majority-vote",0.690766635613937,0.735363102833837,0.712367581720907
