"","bcubed.precision","bcubed.recall","bcubed.f1"
"majority-vote",0.770756351222964,0.501874285515773,0.607910546720842
