"","bcubed.precision","bcubed.recall","bcubed.f1"
"majority-vote",0.803680588923468,0.832945990674893,0.818051634590122
