"","bcubed.precision","bcubed.recall","bcubed.f1"
"majority-vote",0.751777754595968,0.847267496048421,0.796671458127588
