"","bcubed.precision","bcubed.recall","bcubed.f1"
"majority-vote",0.481476750282867,0.902821984528255,0.628025995059373
