"","bcubed.precision","bcubed.recall","bcubed.f1"
"majority-vote",0.596376297022689,0.690927446519675,0.640179528932109
