"","bcubed.precision","bcubed.recall","bcubed.f1"
"majority-vote",0.948646717542597,0.396898457906587,0.559648871194695
