"","bcubed.precision","bcubed.recall","bcubed.f1"
"majority-vote",0.929425416665223,0.880757689026764,0.904437324081499
