"","bcubed.precision","bcubed.recall","bcubed.f1"
"majority-vote",0.882429612380156,0.819834356709979,0.849981115436762
