"","bcubed.precision","bcubed.recall","bcubed.f1"
"majority-vote",0.879476293079445,0.603880153003005,0.716076408782209
