"","bcubed.precision","bcubed.recall","bcubed.f1"
"majority-vote",0.886264131097979,0.875725756869337,0.88096342923657
