"","bcubed.precision","bcubed.recall","bcubed.f1"
"majority-vote",0.819507967244756,0.750443912036908,0.783456834569938
