"","bcubed.precision","bcubed.recall","bcubed.f1"
"majority-vote",0.980771019581512,0.471120266268735,0.636495457197143
