"","bcubed.precision","bcubed.recall","bcubed.f1"
"majority-vote",0.728606899935558,0.583107995420343,0.647787884966541
