"","bcubed.precision","bcubed.recall","bcubed.f1"
"majority-vote",0.993736254614144,0.537245955359965,0.697435646224835
