"","bcubed.precision","bcubed.recall","bcubed.f1"
"majority-vote",0.956154432169386,0.420765071571077,0.584371689110138
