"","bcubed.precision","bcubed.recall","bcubed.f1"
"majority-vote",0.195628648053809,0.976498691746664,0.32595625476193
