"","bcubed.precision","bcubed.recall","bcubed.f1"
"majority-vote",0.995130942381664,0.502001850744616,0.667352391320831
