"","bcubed.precision","bcubed.recall","bcubed.f1"
"majority-vote",0.257609074394352,0.873304756163173,0.397857420823075
