"","bcubed.precision","bcubed.recall","bcubed.f1"
"majority-vote",0.437576771010919,0.53236815049825,0.480340545361321
