"","bcubed.precision","bcubed.recall","bcubed.f1"
"majority-vote",0.734253862822051,0.863156445890244,0.793504275211
