"","bcubed.precision","bcubed.recall","bcubed.f1"
"majority-vote",0.69797427923944,0.636970532424243,0.666078544043333
