"","bcubed.precision","bcubed.recall","bcubed.f1"
"majority-vote",0.0618551660493001,0.999426675391538,0.116500067270565
