"","bcubed.precision","bcubed.recall","bcubed.f1"
"majority-vote",0.805375660719737,0.520362919702118,0.632232683664964
