"","bcubed.precision","bcubed.recall","bcubed.f1"
"majority-vote",0.806473048350548,0.614181243603555,0.697313375356616
