"","bcubed.precision","bcubed.recall","bcubed.f1"
"majority-vote",0.312222413856863,0.664108649928142,0.424752654985577
