"","bcubed.precision","bcubed.recall","bcubed.f1"
"majority-vote",0.761148024188472,0.211149646219066,0.330590396170286
