"","bcubed.precision","bcubed.recall","bcubed.f1"
"majority-vote",0.889220510993973,0.657993282027688,0.756328731186629
