"","bcubed.precision","bcubed.recall","bcubed.f1"
"majority-vote",0.704935653341587,0.575665162460149,0.633775790859192
