"","bcubed.precision","bcubed.recall","bcubed.f1"
"majority-vote",0.653520759962351,0.452224992829912,0.534550406803499
