"","bcubed.precision","bcubed.recall","bcubed.f1"
"majority-vote",0.92058906695036,0.674461769185413,0.778535851925959
