"","bcubed.precision","bcubed.recall","bcubed.f1"
"majority-vote",0.915251444910222,0.770638271056341,0.836742503863071
