"","bcubed.precision","bcubed.recall","bcubed.f1"
"majority-vote",0.995066538885314,0.879721858748347,0.933845959652162
