"","bcubed.precision","bcubed.recall","bcubed.f1"
"majority-vote",0.864140844016721,0.866726614799463,0.865431797945776
