"","bcubed.precision","bcubed.recall","bcubed.f1"
"majority-vote",0.527706035535749,0.64385619168548,0.580023477157276
