"","bcubed.precision","bcubed.recall","bcubed.f1"
"majority-vote",0.889089611043519,0.997776127930807,0.940302609949059
