"","bcubed.precision","bcubed.recall","bcubed.f1"
"majority-vote",0.966200365454989,0.401334120624927,0.567106976773821
