"","bcubed.precision","bcubed.recall","bcubed.f1"
"majority-vote",0.817347099793458,0.586539965543622,0.6829705203316
