"","bcubed.precision","bcubed.recall","bcubed.f1"
"majority-vote",0.560888772889775,0.867665405156993,0.681337525529232
