"","bcubed.precision","bcubed.recall","bcubed.f1"
"majority-vote",0.954341831356065,0.648767138767632,0.772431108394787
