"","bcubed.precision","bcubed.recall","bcubed.f1"
"majority-vote",0.903007508766935,0.95762160193298,0.929513025599833
