"","bcubed.precision","bcubed.recall","bcubed.f1"
"majority-vote",0.74597334345011,0.75741822514803,0.751652221025264
