"","bcubed.precision","bcubed.recall","bcubed.f1"
"majority-vote",0.825775552545656,0.0672342411656822,0.124344420496974
