"","bcubed.precision","bcubed.recall","bcubed.f1"
"majority-vote",0.701469308658416,0.653677181713562,0.676730499617838
