"","bcubed.precision","bcubed.recall","bcubed.f1"
"majority-vote",0.0140654038622263,0.396527399893824,0.0271671494041033
