"","bcubed.precision","bcubed.recall","bcubed.f1"
"majority-vote",0.933465335387411,0.525096882524094,0.67211358080849
