"","bcubed.precision","bcubed.recall","bcubed.f1"
"majority-vote",0.911717213528618,0.423683577015646,0.578522362708963
