"","bcubed.precision","bcubed.recall","bcubed.f1"
"majority-vote",0.909348665774969,0.623209588981483,0.739567068957569
