"","bcubed.precision","bcubed.recall","bcubed.f1"
"majority-vote",0.69716993022939,0.885489703617311,0.780125785339288
