"","bcubed.precision","bcubed.recall","bcubed.f1"
"majority-vote",0.934411982119854,0.673885647600048,0.783047630065521
