"","bcubed.precision","bcubed.recall","bcubed.f1"
"majority-vote",0.880059531981357,0.979090539495149,0.92693750243751
