"","bcubed.precision","bcubed.recall","bcubed.f1"
"majority-vote",0.659333447291296,0.879810149960458,0.753780557150207
