"","bcubed.precision","bcubed.recall","bcubed.f1"
"majority-vote",0.882818675983453,0.634156772515356,0.738107453000596
