"","bcubed.precision","bcubed.recall","bcubed.f1"
"majority-vote",0.753009046703083,0.891699494888535,0.816506717891612
