"","bcubed.precision","bcubed.recall","bcubed.f1"
"majority-vote",0.800481083557765,0.840407020997226,0.819958315170866
