"","bcubed.precision","bcubed.recall","bcubed.f1"
"majority-vote",0.594677985412829,0.289037308722063,0.389003394194387
