"","bcubed.precision","bcubed.recall","bcubed.f1"
"majority-vote",0.887864648959071,0.751103079968306,0.813777917231568
