"","bcubed.precision","bcubed.recall","bcubed.f1"
"majority-vote",0.598017505898501,0.65291466334499,0.624261503762046
