"","bcubed.precision","bcubed.recall","bcubed.f1"
"majority-vote",0.968434409701402,0.215617021367809,0.352705866199326
