"","bcubed.precision","bcubed.recall","bcubed.f1"
"majority-vote",0.873205775213834,0.51059634712492,0.644392246427589
