"","bcubed.precision","bcubed.recall","bcubed.f1"
"majority-vote",0.59661371558815,0.516028090899015,0.553402604259725
