"","bcubed.precision","bcubed.recall","bcubed.f1"
"majority-vote",0.581632319750611,0.627225440503583,0.603569088045538
