"","bcubed.precision","bcubed.recall","bcubed.f1"
"majority-vote",0.488041238384998,0.977906502752566,0.651126485938381
