"","bcubed.precision","bcubed.recall","bcubed.f1"
"majority-vote",0.702472991833147,0.837462713255218,0.76405129874606
