"","bcubed.precision","bcubed.recall","bcubed.f1"
"majority-vote",0.477807648509014,0.777527922056454,0.59188761443372
