"","bcubed.precision","bcubed.recall","bcubed.f1"
"majority-vote",0.731328743401332,0.685115496026377,0.707468237501802
