"","bcubed.precision","bcubed.recall","bcubed.f1"
"majority-vote",0.924871334654562,0.185783217636705,0.309413169193975
