"","bcubed.precision","bcubed.recall","bcubed.f1"
"majority-vote",0.744788655995718,0.916890747389478,0.821927293618644
