"","bcubed.precision","bcubed.recall","bcubed.f1"
"majority-vote",0.674527778054081,0.796326452136774,0.730384155465642
