"","bcubed.precision","bcubed.recall","bcubed.f1"
"majority-vote",0.918399413725746,0.636179782465573,0.751672401987618
