"","bcubed.precision","bcubed.recall","bcubed.f1"
"majority-vote",0.852056636719918,0.29777371832529,0.441317402739564
