"","bcubed.precision","bcubed.recall","bcubed.f1"
"majority-vote",0.578559308540846,0.984107472640618,0.728708827444792
