"","bcubed.precision","bcubed.recall","bcubed.f1"
"majority-vote",0.146980850549058,0.934880356589738,0.254024285308416
