"","bcubed.precision","bcubed.recall","bcubed.f1"
"majority-vote",0.533560037347774,0.770418465430535,0.630477426296063
