"","bcubed.precision","bcubed.recall","bcubed.f1"
"majority-vote",0.826108622216621,0.757323144712169,0.790221836794896
