"","bcubed.precision","bcubed.recall","bcubed.f1"
"majority-vote",0.835180835819161,0.6735062993674,0.745680851803085
