"","bcubed.precision","bcubed.recall","bcubed.f1"
"majority-vote",0.906502156039413,0.584189890369136,0.710501402931498
