"","bcubed.precision","bcubed.recall","bcubed.f1"
"majority-vote",0.901629596959778,0.532658593526674,0.669685152794478
