"","bcubed.precision","bcubed.recall","bcubed.f1"
"majority-vote",0.706585019759191,0.903609623952275,0.793043283914095
