"","bcubed.precision","bcubed.recall","bcubed.f1"
"majority-vote",0.636803028682965,0.718457469852613,0.675170409344051
