"","bcubed.precision","bcubed.recall","bcubed.f1"
"majority-vote",0.921784642702827,0.626326326157256,0.745861246881224
