"","bcubed.precision","bcubed.recall","bcubed.f1"
"majority-vote",0.858991827117731,0.502607631249486,0.634159840233828
