"","bcubed.precision","bcubed.recall","bcubed.f1"
"majority-vote",0.86086327718231,0.594173034921402,0.703077637033348
