"","bcubed.precision","bcubed.recall","bcubed.f1"
"majority-vote",0.845248570506401,0.319949965580996,0.464190852743442
