"","bcubed.precision","bcubed.recall","bcubed.f1"
"majority-vote",0.903762225592749,0.261593973544473,0.405745045003815
