"","bcubed.precision","bcubed.recall","bcubed.f1"
"majority-vote",0.474254945971897,0.865238438015054,0.612684786023005
