"","bcubed.precision","bcubed.recall","bcubed.f1"
"majority-vote",0.616284211821307,0.781102953559209,0.688973578706728
