"","bcubed.precision","bcubed.recall","bcubed.f1"
"majority-vote",0.792454458888053,0.803938241174656,0.798155045264801
