"","bcubed.precision","bcubed.recall","bcubed.f1"
"majority-vote",0.899989436880129,0.697560398861787,0.785949804526684
