"","bcubed.precision","bcubed.recall","bcubed.f1"
"majority-vote",0.814651554278939,0.751341084118625,0.78171655084814
