"","bcubed.precision","bcubed.recall","bcubed.f1"
"majority-vote",0.939198645457401,0.565458137665799,0.70591183705859
