"","bcubed.precision","bcubed.recall","bcubed.f1"
"majority-vote",0.934555850720095,0.575836475234575,0.712598094866989
