"","bcubed.precision","bcubed.recall","bcubed.f1"
"majority-vote",0.495845091199868,0.643846838901549,0.560236123678574
