"","bcubed.precision","bcubed.recall","bcubed.f1"
"majority-vote",0.970433733212801,0.57561543477958,0.722611734261235
