"","bcubed.precision","bcubed.recall","bcubed.f1"
"majority-vote",0.315079478882473,0.842609327452155,0.458653320896664
