"","bcubed.precision","bcubed.recall","bcubed.f1"
"majority-vote",0.949929817802098,0.268138814503557,0.418224471842599
