"","bcubed.precision","bcubed.recall","bcubed.f1"
"majority-vote",0.989780353539375,0.367524761524029,0.53601623446138
