"","bcubed.precision","bcubed.recall","bcubed.f1"
"majority-vote",0.998071681517601,0.132743445402017,0.234322075481483
