"","bcubed.precision","bcubed.recall","bcubed.f1"
"majority-vote",0.312299720385846,0.882900287399786,0.461394764202495
