"","bcubed.precision","bcubed.recall","bcubed.f1"
"majority-vote",0.980536682949913,0.676023896434002,0.800292168307899
