"","bcubed.precision","bcubed.recall","bcubed.f1"
"majority-vote",0.942322986739049,0.510136105180909,0.661929800228744
