"","bcubed.precision","bcubed.recall","bcubed.f1"
"majority-vote",0.926569685884014,0.447958696945279,0.603937982369256
