"","bcubed.precision","bcubed.recall","bcubed.f1"
"majority-vote",0.70506579738964,0.869067271036907,0.778523265572916
