"","bcubed.precision","bcubed.recall","bcubed.f1"
"majority-vote",0.401544018827603,0.709905859259138,0.512948819980761
