"","bcubed.precision","bcubed.recall","bcubed.f1"
"majority-vote",0.459778854655954,0.613080009587417,0.525476805971789
