"","bcubed.precision","bcubed.recall","bcubed.f1"
"majority-vote",0.240339615272259,0.791384131586654,0.368705204851928
