"","bcubed.precision","bcubed.recall","bcubed.f1"
"majority-vote",0.694633481531644,0.437251772502681,0.536679349707667
