"","bcubed.precision","bcubed.recall","bcubed.f1"
"majority-vote",0.361220370891598,0.917305672108057,0.518330458599706
