"","bcubed.precision","bcubed.recall","bcubed.f1"
"majority-vote",0.849495183822223,0.767193162008991,0.806249266122961
