"","bcubed.precision","bcubed.recall","bcubed.f1"
"majority-vote",0.62828634989866,0.712225950768624,0.667628104104338
