"","bcubed.precision","bcubed.recall","bcubed.f1"
"majority-vote",0.437821610268452,0.854019993316375,0.578876555202498
