"","bcubed.precision","bcubed.recall","bcubed.f1"
"majority-vote",0.520886604411219,0.617219981951372,0.564976293830139
