"","bcubed.precision","bcubed.recall","bcubed.f1"
"majority-vote",0.984713438570134,0.577426070172818,0.727974944488108
