"","bcubed.precision","bcubed.recall","bcubed.f1"
"majority-vote",0.978073340490511,0.633765109148153,0.769145018881796
