"","bcubed.precision","bcubed.recall","bcubed.f1"
"majority-vote",0.791208854764888,0.639189673790303,0.707121154952523
