"","bcubed.precision","bcubed.recall","bcubed.f1"
"majority-vote",0.929236374991871,0.35051556375631,0.509023353637968
