"","bcubed.precision","bcubed.recall","bcubed.f1"
"majority-vote",0.919796480483854,0.598703839463011,0.725302032744408
