"","bcubed.precision","bcubed.recall","bcubed.f1"
"majority-vote",0.277304081682557,0.940834293502128,0.428353945807691
