"","bcubed.precision","bcubed.recall","bcubed.f1"
"majority-vote",0.997747569095148,0.608986078757794,0.756334916500097
