"","bcubed.precision","bcubed.recall","bcubed.f1"
"majority-vote",0.961665523811452,0.368265152445751,0.532580993958149
