"","bcubed.precision","bcubed.recall","bcubed.f1"
"majority-vote",0.835015907220576,0.874545137228373,0.854323516015166
