"","bcubed.precision","bcubed.recall","bcubed.f1"
"majority-vote",0.838809496553173,0.607102268595495,0.704390351543361
