"","bcubed.precision","bcubed.recall","bcubed.f1"
"majority-vote",0.880647783006788,0.452585160364683,0.597897194302795
