"","bcubed.precision","bcubed.recall","bcubed.f1"
"majority-vote",0.820754907224332,0.775048537288586,0.797247170387967
