"","bcubed.precision","bcubed.recall","bcubed.f1"
"majority-vote",0.952240400831753,0.819093725070037,0.880662914663126
