"","bcubed.precision","bcubed.recall","bcubed.f1"
"majority-vote",0.772308875597261,0.935925216797761,0.846281379169491
