"","bcubed.precision","bcubed.recall","bcubed.f1"
"majority-vote",0.375945024951468,0.800915542085871,0.511700743294491
