"","bcubed.precision","bcubed.recall","bcubed.f1"
"majority-vote",0.992549313198048,0.513635936435077,0.676953908646563
