"","bcubed.precision","bcubed.recall","bcubed.f1"
"majority-vote",0.885748601520477,0.785647146654709,0.832700289201673
