"","bcubed.precision","bcubed.recall","bcubed.f1"
"majority-vote",0.739573647459856,0.781258816914193,0.759844948566658
