"","bcubed.precision","bcubed.recall","bcubed.f1"
"majority-vote",0.68440946410685,0.697828924018767,0.691054052656711
