"","bcubed.precision","bcubed.recall","bcubed.f1"
"majority-vote",0.868571040464161,0.694459578282251,0.771817866181902
