"","bcubed.precision","bcubed.recall","bcubed.f1"
"majority-vote",0.964509963596364,0.492523419927674,0.652069816926004
