"","bcubed.precision","bcubed.recall","bcubed.f1"
"majority-vote",0.574990121800403,0.71274694463126,0.63650020363554
