"","bcubed.precision","bcubed.recall","bcubed.f1"
"majority-vote",0.733552165243863,0.521001020713885,0.609270983672436
