"","bcubed.precision","bcubed.recall","bcubed.f1"
"majority-vote",0.524658700191159,0.885215722473253,0.65883332994139
