"","bcubed.precision","bcubed.recall","bcubed.f1"
"majority-vote",0.12328234595818,0.760346114183446,0.212164403762408
