"","bcubed.precision","bcubed.recall","bcubed.f1"
"majority-vote",0.953835258890583,0.602125508545115,0.738230104958592
