"","bcubed.precision","bcubed.recall","bcubed.f1"
"majority-vote",0.989300803037945,0.311144224276575,0.473399835398021
