"","bcubed.precision","bcubed.recall","bcubed.f1"
"majority-vote",0.762358865744631,0.82253491462447,0.791304492850533
