"","bcubed.precision","bcubed.recall","bcubed.f1"
"majority-vote",0.719720184434507,0.535505722780882,0.614095479307942
