"","bcubed.precision","bcubed.recall","bcubed.f1"
"majority-vote",0.984778630704119,0.259668730205769,0.41097152776594
