"","bcubed.precision","bcubed.recall","bcubed.f1"
"majority-vote",0.99213818063143,0.3587112069211,0.526914528719754
