"","bcubed.precision","bcubed.recall","bcubed.f1"
"majority-vote",0.710307084486269,0.851505639979016,0.77452370451673
