"","bcubed.precision","bcubed.recall","bcubed.f1"
"majority-vote",0.937155801031579,0.895889605178081,0.916058203176337
