"","bcubed.precision","bcubed.recall","bcubed.f1"
"majority-vote",0.861158973279709,0.766061791541294,0.810831572623256
