"","bcubed.precision","bcubed.recall","bcubed.f1"
"majority-vote",0.888716131761733,0.812640952358578,0.848977713652281
