"","bcubed.precision","bcubed.recall","bcubed.f1"
"majority-vote",0.971796242379642,0.792557454738624,0.873072511076378
