"","bcubed.precision","bcubed.recall","bcubed.f1"
"majority-vote",0.714403887420765,0.885560266125004,0.790827338553835
