"","bcubed.precision","bcubed.recall","bcubed.f1"
"majority-vote",0.974987142119084,0.882310312404271,0.926336498074837
