"","bcubed.precision","bcubed.recall","bcubed.f1"
"majority-vote",0.651519928692842,0.663932676320332,0.657667738517632
