"","bcubed.precision","bcubed.recall","bcubed.f1"
"majority-vote",0.818599030657274,0.573625503660815,0.674559698787421
