"","bcubed.precision","bcubed.recall","bcubed.f1"
"majority-vote",0.895689314438491,0.587581017391578,0.70963468674681
