"","bcubed.precision","bcubed.recall","bcubed.f1"
"majority-vote",0.972713732152595,0.196363765378376,0.326763164091568
