"","bcubed.precision","bcubed.recall","bcubed.f1"
"majority-vote",0.959991316948878,0.580865260280717,0.723786515146438
