"","bcubed.precision","bcubed.recall","bcubed.f1"
"majority-vote",0.63338850795175,0.691387340677085,0.661118326668527
