"","bcubed.precision","bcubed.recall","bcubed.f1"
"majority-vote",0.999917519870266,0.22237720303807,0.363838372480954
