"","bcubed.precision","bcubed.recall","bcubed.f1"
"majority-vote",0.930795191667279,0.345541919572279,0.503987158917597
