"","bcubed.precision","bcubed.recall","bcubed.f1"
"majority-vote",0.875897146207539,0.584508150939662,0.701132791483557
