"","bcubed.precision","bcubed.recall","bcubed.f1"
"majority-vote",0.973197857699391,0.19886509098544,0.330246904802152
