"","bcubed.precision","bcubed.recall","bcubed.f1"
"majority-vote",0.744963199581177,0.379943591228325,0.503231015572646
