"","bcubed.precision","bcubed.recall","bcubed.f1"
"majority-vote",0.94573583067968,0.925994013544897,0.935760810040511
