"","bcubed.precision","bcubed.recall","bcubed.f1"
"majority-vote",0.758985544177948,0.773729151633742,0.766286436482667
