"","bcubed.precision","bcubed.recall","bcubed.f1"
"majority-vote",0.448902656540418,0.945623631233853,0.608798792636292
