"","bcubed.precision","bcubed.recall","bcubed.f1"
"majority-vote",0.557693357985508,0.400933980263777,0.466496643402957
