"","bcubed.precision","bcubed.recall","bcubed.f1"
"majority-vote",0.929098172051513,0.568884206189058,0.70568156709564
