"","bcubed.precision","bcubed.recall","bcubed.f1"
"majority-vote",0.923063754782056,0.532671354704039,0.67552072837143
