"","bcubed.precision","bcubed.recall","bcubed.f1"
"majority-vote",0.960022791548228,0.632672511919337,0.762707128860446
