"","bcubed.precision","bcubed.recall","bcubed.f1"
"majority-vote",0.945844844647288,0.953011040522843,0.949414420136172
