"","bcubed.precision","bcubed.recall","bcubed.f1"
"majority-vote",0.917433920320099,0.762393059709464,0.832758685161467
