"","bcubed.precision","bcubed.recall","bcubed.f1"
"majority-vote",0.989963213985318,0.539470600231958,0.698370919083588
