"","bcubed.precision","bcubed.recall","bcubed.f1"
"majority-vote",0.946253331688957,0.390268409383804,0.552617696044302
