"","bcubed.precision","bcubed.recall","bcubed.f1"
"majority-vote",0.825029620861963,0.58573710129163,0.685089109368439
