"","bcubed.precision","bcubed.recall","bcubed.f1"
"majority-vote",0.712183907910498,0.855576788386498,0.777322740785407
