"","bcubed.precision","bcubed.recall","bcubed.f1"
"majority-vote",0.985748211609661,0.488766653368227,0.653504235048039
