"","bcubed.precision","bcubed.recall","bcubed.f1"
"majority-vote",0.965933773894649,0.276617301573195,0.430073257041038
