"","bcubed.precision","bcubed.recall","bcubed.f1"
"majority-vote",0.951505865828095,0.505879862860802,0.660563154202695
