"","bcubed.precision","bcubed.recall","bcubed.f1"
"majority-vote",0.795629584583718,0.464153991637972,0.586282683026196
