"","bcubed.precision","bcubed.recall","bcubed.f1"
"majority-vote",0.408377886956983,0.866491930368462,0.555125141061864
