"","bcubed.precision","bcubed.recall","bcubed.f1"
"majority-vote",0.89693751756992,0.763343984872239,0.824765990389138
