"","bcubed.precision","bcubed.recall","bcubed.f1"
"majority-vote",0.715022323447013,0.90541897655519,0.799035152101626
