"","bcubed.precision","bcubed.recall","bcubed.f1"
"majority-vote",0.88907671410851,0.634007292543197,0.740183887314679
