"","bcubed.precision","bcubed.recall","bcubed.f1"
"majority-vote",0.987527459545945,0.352858426401256,0.519935921523331
