"","bcubed.precision","bcubed.recall","bcubed.f1"
"majority-vote",0.889309290079088,0.862628057880327,0.875765502287388
