"","bcubed.precision","bcubed.recall","bcubed.f1"
"majority-vote",0.428844338985339,0.856826656496739,0.571600763214829
