"","bcubed.precision","bcubed.recall","bcubed.f1"
"majority-vote",0.825603861295034,0.570160788883962,0.674507623905298
