"","bcubed.precision","bcubed.recall","bcubed.f1"
"majority-vote",0.852264987395988,0.43844361115035,0.579015494514798
