"","bcubed.precision","bcubed.recall","bcubed.f1"
"majority-vote",0.791601913021684,0.510505499717822,0.62071243313867
