"","bcubed.precision","bcubed.recall","bcubed.f1"
"majority-vote",0.906156433216973,0.824492870675609,0.863397936512972
