"","bcubed.precision","bcubed.recall","bcubed.f1"
"majority-vote",0.638849377880088,0.813687333272766,0.715745967257019
