"","bcubed.precision","bcubed.recall","bcubed.f1"
"majority-vote",0.904311076856766,0.816538544171089,0.858186376254501
