"","bcubed.precision","bcubed.recall","bcubed.f1"
"majority-vote",0.760620596310011,0.799579461613478,0.779613619165121
