"","bcubed.precision","bcubed.recall","bcubed.f1"
"majority-vote",0.93447271730118,0.727181220564501,0.817897151345634
