"","bcubed.precision","bcubed.recall","bcubed.f1"
"majority-vote",0.852840010925053,0.670840823550222,0.750970783828976
