"","bcubed.precision","bcubed.recall","bcubed.f1"
"majority-vote",0.591146207153548,0.733321317169866,0.654602860861021
