"","bcubed.precision","bcubed.recall","bcubed.f1"
"majority-vote",0.955876935594045,0.797334892259567,0.869437476232815
