"","bcubed.precision","bcubed.recall","bcubed.f1"
"majority-vote",0.824760450959374,0.896795807172585,0.859271035550954
