"","bcubed.precision","bcubed.recall","bcubed.f1"
"majority-vote",0.980929582320119,0.0543273834985442,0.102952869409828
