"","bcubed.precision","bcubed.recall","bcubed.f1"
"majority-vote",0.534879313457822,0.94673399273045,0.68356355324808
