"","bcubed.precision","bcubed.recall","bcubed.f1"
"majority-vote",0.488157578532784,0.722814529656541,0.582750648242487
