"","bcubed.precision","bcubed.recall","bcubed.f1"
"majority-vote",0.534227109147276,0.968647268236482,0.688650545488998
