"","bcubed.precision","bcubed.recall","bcubed.f1"
"majority-vote",0.844606820144753,0.815628973679093,0.829865006452354
