"","bcubed.precision","bcubed.recall","bcubed.f1"
"majority-vote",0.405354749927265,0.949173050791687,0.568097316920548
