"","bcubed.precision","bcubed.recall","bcubed.f1"
"majority-vote",0.774990456422904,0.876208726485008,0.822497258827942
