"","bcubed.precision","bcubed.recall","bcubed.f1"
"majority-vote",0.98996649088571,0.87831764890141,0.930805997063156
