"","bcubed.precision","bcubed.recall","bcubed.f1"
"majority-vote",0.999109363008232,0.556550001163569,0.71487927235381
