"","bcubed.precision","bcubed.recall","bcubed.f1"
"majority-vote",0.987325307190726,0.308816875279002,0.470477267655227
