"","bcubed.precision","bcubed.recall","bcubed.f1"
"majority-vote",0.774752363693357,0.850463940529054,0.810844619819518
