"","bcubed.precision","bcubed.recall","bcubed.f1"
"majority-vote",0.182411033538182,0.574632429937096,0.276917510041498
