"","bcubed.precision","bcubed.recall","bcubed.f1"
"majority-vote",0.950408832613276,0.932232560495918,0.941232953644744
