"","bcubed.precision","bcubed.recall","bcubed.f1"
"majority-vote",0.981206257985939,0.777084392895734,0.867296961296088
