"","bcubed.precision","bcubed.recall","bcubed.f1"
"majority-vote",0.982731314593277,0.292467421079084,0.450779764992804
