"","bcubed.precision","bcubed.recall","bcubed.f1"
"majority-vote",0.659397339343994,0.166052082730474,0.265296209838827
