"","bcubed.precision","bcubed.recall","bcubed.f1"
"majority-vote",0.87110879833251,0.91018236588504,0.890217032382613
