"","bcubed.precision","bcubed.recall","bcubed.f1"
"majority-vote",0.255731843269246,0.87742409229528,0.396036014830969
