"","bcubed.precision","bcubed.recall","bcubed.f1"
"majority-vote",0.870993579148508,0.892082109356472,0.8814117220136
