"","bcubed.precision","bcubed.recall","bcubed.f1"
"majority-vote",0.565503344205114,0.758502915986373,0.647936416127804
