"","bcubed.precision","bcubed.recall","bcubed.f1"
"majority-vote",0.896220992318357,0.478779804232351,0.624134200252854
