"","bcubed.precision","bcubed.recall","bcubed.f1"
"majority-vote",0.884195753566433,0.456986847052749,0.602551553253389
