"","bcubed.precision","bcubed.recall","bcubed.f1"
"majority-vote",0.973574860613741,0.109373504029379,0.196654424932494
