"","bcubed.precision","bcubed.recall","bcubed.f1"
"majority-vote",0.353188006506785,0.599207071842041,0.444422185707989
