"","bcubed.precision","bcubed.recall","bcubed.f1"
"majority-vote",0.858076167953865,0.389063834847681,0.535379193587872
