"","bcubed.precision","bcubed.recall","bcubed.f1"
"majority-vote",0.780281832494308,0.883495238747716,0.828687082910019
