"","bcubed.precision","bcubed.recall","bcubed.f1"
"majority-vote",0.447230436333537,0.993718445951532,0.616845107608288
