"","bcubed.precision","bcubed.recall","bcubed.f1"
"majority-vote",0.925301244544995,0.639089882538038,0.756013829854935
