"","bcubed.precision","bcubed.recall","bcubed.f1"
"majority-vote",0.905551543287977,0.8948032455212,0.900145310199408
