"","bcubed.precision","bcubed.recall","bcubed.f1"
"majority-vote",0.912241606731115,0.786074895645289,0.844471834091053
