"","bcubed.precision","bcubed.recall","bcubed.f1"
"majority-vote",0.359626426139917,0.960604597505578,0.523330829449235
