"","bcubed.precision","bcubed.recall","bcubed.f1"
"majority-vote",0.976132776707233,0.539972390505914,0.695314230553873
