"","bcubed.precision","bcubed.recall","bcubed.f1"
"majority-vote",0.970111097486011,0.107752013109855,0.193960481004942
