"","bcubed.precision","bcubed.recall","bcubed.f1"
"majority-vote",0.553992044018656,0.624908299766043,0.587317203081312
