"","bcubed.precision","bcubed.recall","bcubed.f1"
"majority-vote",0.704354323266699,0.692534942862473,0.698394629905235
