"","bcubed.precision","bcubed.recall","bcubed.f1"
"majority-vote",0.979039700247171,0.985154552370004,0.98208760805029
