"","bcubed.precision","bcubed.recall","bcubed.f1"
"majority-vote",0.782554194222671,0.419412741104026,0.546126835963543
