"","bcubed.precision","bcubed.recall","bcubed.f1"
"majority-vote",0.948599403118402,0.437143633568706,0.598486413284305
