"","bcubed.precision","bcubed.recall","bcubed.f1"
"majority-vote",0.971617086576374,0.886960990243547,0.92736104444089
