"","bcubed.precision","bcubed.recall","bcubed.f1"
"majority-vote",0.35125658309853,0.609238616865406,0.44560154982524
