"","bcubed.precision","bcubed.recall","bcubed.f1"
"majority-vote",0.926468077697546,0.741404272309581,0.823669018747712
