"","bcubed.precision","bcubed.recall","bcubed.f1"
"majority-vote",0.94816391273497,0.903468567302915,0.925276804163062
