"","bcubed.precision","bcubed.recall","bcubed.f1"
"majority-vote",0.988821935659542,0.402838646734784,0.572460980014869
