"","bcubed.precision","bcubed.recall","bcubed.f1"
"majority-vote",0.996755667362582,0.709137501089732,0.828699986871761
