"","bcubed.precision","bcubed.recall","bcubed.f1"
"majority-vote",0.854626257127779,0.766872375090028,0.808374740003908
