"","bcubed.precision","bcubed.recall","bcubed.f1"
"majority-vote",0.984682512410609,0.725545258470739,0.835481378729334
