"","bcubed.precision","bcubed.recall","bcubed.f1"
"majority-vote",0.866195020836272,0.565129422477458,0.683999066968713
