"","bcubed.precision","bcubed.recall","bcubed.f1"
"majority-vote",0.460158408667238,0.581786783158216,0.513873632551996
