"","bcubed.precision","bcubed.recall","bcubed.f1"
"majority-vote",0.978599799743482,0.747826385908454,0.847789216330211
