"","bcubed.precision","bcubed.recall","bcubed.f1"
"majority-vote",0.993565132952123,0.789948039016331,0.880133481205837
