"","bcubed.precision","bcubed.recall","bcubed.f1"
"majority-vote",0.977571967429553,0.179100403026136,0.302736605154161
