"","bcubed.precision","bcubed.recall","bcubed.f1"
"majority-vote",0.822176795675304,0.894058394975972,0.856612275907249
