"","bcubed.precision","bcubed.recall","bcubed.f1"
"majority-vote",0.85640972255786,0.381162967467777,0.527535350205001
