"","bcubed.precision","bcubed.recall","bcubed.f1"
"majority-vote",0.551768925372643,0.468447501104769,0.50670576863879
