"","bcubed.precision","bcubed.recall","bcubed.f1"
"majority-vote",0.902392190434334,0.390078757618403,0.544699321960793
