"","bcubed.precision","bcubed.recall","bcubed.f1"
"majority-vote",0.699996699581898,0.909212014564213,0.791004179657171
