"","bcubed.precision","bcubed.recall","bcubed.f1"
"majority-vote",0.776448337179326,0.891779601480138,0.830127313724409
