"","bcubed.precision","bcubed.recall","bcubed.f1"
"majority-vote",0.922509871656056,0.778120298195801,0.84418548976361
