"","bcubed.precision","bcubed.recall","bcubed.f1"
"majority-vote",0.759879538184759,0.447476153496921,0.563260645078536
