"","bcubed.precision","bcubed.recall","bcubed.f1"
"majority-vote",0.996036685094233,0.819852961336837,0.89939785435704
