"","bcubed.precision","bcubed.recall","bcubed.f1"
"majority-vote",0.673363195759021,0.999096412947792,0.804509418333983
