"","bcubed.precision","bcubed.recall","bcubed.f1"
"majority-vote",0.894649000889539,0.843023830633974,0.868069540042816
