"","bcubed.precision","bcubed.recall","bcubed.f1"
"majority-vote",0.99809279102114,0.654101494224323,0.790287185728232
