"","bcubed.precision","bcubed.recall","bcubed.f1"
"majority-vote",0.958966007965609,0.521660414434773,0.675733726719789
