"","bcubed.precision","bcubed.recall","bcubed.f1"
"majority-vote",0.948109668466538,0.492403131441005,0.648174968986572
