"","bcubed.precision","bcubed.recall","bcubed.f1"
"majority-vote",0.930825030412136,0.420413120287872,0.579218482359887
