"","bcubed.precision","bcubed.recall","bcubed.f1"
"majority-vote",0.771668450077794,0.59314683764812,0.670732083664041
