"","bcubed.precision","bcubed.recall","bcubed.f1"
"majority-vote",0.52743595192053,0.490087883794712,0.508076490084939
