"","bcubed.precision","bcubed.recall","bcubed.f1"
"majority-vote",0.87474053236662,0.625350478551058,0.729314963615221
