"","bcubed.precision","bcubed.recall","bcubed.f1"
"majority-vote",0.971353401206406,0.431688918425643,0.597733216323556
