"","bcubed.precision","bcubed.recall","bcubed.f1"
"majority-vote",0.699866995302892,0.369936537105999,0.484026019420873
