"","bcubed.precision","bcubed.recall","bcubed.f1"
"majority-vote",0.624246979809484,0.547136521954994,0.583153716710863
