"","bcubed.precision","bcubed.recall","bcubed.f1"
"majority-vote",0.821553567060157,0.771105687768329,0.795530652832163
