"","bcubed.precision","bcubed.recall","bcubed.f1"
"majority-vote",0.952038787705715,0.943587689598627,0.94779440027339
