"","bcubed.precision","bcubed.recall","bcubed.f1"
"majority-vote",0.993033573992556,0.384549802836115,0.554406900535608
