"","bcubed.precision","bcubed.recall","bcubed.f1"
"majority-vote",0.719777707926559,0.77386942933993,0.745844115637802
