"","bcubed.precision","bcubed.recall","bcubed.f1"
"majority-vote",0.709713922535805,0.820859253418735,0.761251078675544
