"","bcubed.precision","bcubed.recall","bcubed.f1"
"majority-vote",0.859710350898636,0.928730549917101,0.892888623376185
