"","bcubed.precision","bcubed.recall","bcubed.f1"
"majority-vote",0.570038455397612,0.953309386934722,0.713458863882724
