"","bcubed.precision","bcubed.recall","bcubed.f1"
"majority-vote",0.918532241357912,0.684636704791739,0.784522290652639
