"","bcubed.precision","bcubed.recall","bcubed.f1"
"majority-vote",0.622169973619837,0.949701047640114,0.751811653456603
