"","bcubed.precision","bcubed.recall","bcubed.f1"
"majority-vote",0.765214229940353,0.756939024848116,0.761054133266556
