"","bcubed.precision","bcubed.recall","bcubed.f1"
"majority-vote",0.878815869810621,0.299137861050092,0.446345374465494
