"","bcubed.precision","bcubed.recall","bcubed.f1"
"majority-vote",0.991966213100328,0.796177098921673,0.883352890637683
