"","bcubed.precision","bcubed.recall","bcubed.f1"
"majority-vote",0.973763672610763,0.910063531222257,0.940836616722576
