"","bcubed.precision","bcubed.recall","bcubed.f1"
"majority-vote",0.928625007624191,0.489095699232535,0.640727747337152
