"","bcubed.precision","bcubed.recall","bcubed.f1"
"majority-vote",0.896675481049137,0.642243133116081,0.748426414544025
