"","bcubed.precision","bcubed.recall","bcubed.f1"
"majority-vote",0.984475264372394,0.628783880644484,0.767418153546685
