"","bcubed.precision","bcubed.recall","bcubed.f1"
"majority-vote",0.533607523080948,0.994388840113092,0.694521765539963
