"","bcubed.precision","bcubed.recall","bcubed.f1"
"majority-vote",0.458688520923678,0.998306008247374,0.628569973578054
