"","bcubed.precision","bcubed.recall","bcubed.f1"
"majority-vote",0.348997203005368,0.595187784021914,0.439996133682666
