"","bcubed.precision","bcubed.recall","bcubed.f1"
"majority-vote",0.535401401672402,0.569083745003404,0.551728985511176
