"","bcubed.precision","bcubed.recall","bcubed.f1"
"majority-vote",0.923952577606444,0.497993952890528,0.647173134203312
