"","bcubed.precision","bcubed.recall","bcubed.f1"
"majority-vote",0.802606229591574,0.693140217266993,0.743867595376677
