"","bcubed.precision","bcubed.recall","bcubed.f1"
"majority-vote",0.960963592763991,0.887090598399403,0.922550618505839
