"","bcubed.precision","bcubed.recall","bcubed.f1"
"majority-vote",0.818305599837218,0.548086895568236,0.65647693082184
