"","bcubed.precision","bcubed.recall","bcubed.f1"
"majority-vote",0.94254929480718,0.762576813486762,0.843065195344892
