"","bcubed.precision","bcubed.recall","bcubed.f1"
"majority-vote",0.913416140752,0.429372475886648,0.584151138920558
