"","bcubed.precision","bcubed.recall","bcubed.f1"
"majority-vote",0.91885334793907,0.769309172821837,0.8374576503795
