"","bcubed.precision","bcubed.recall","bcubed.f1"
"majority-vote",0.92294452678308,0.940451218284375,0.93161563443478
