"","bcubed.precision","bcubed.recall","bcubed.f1"
"majority-vote",0.861020365855567,0.798415587062702,0.828537045576924
