"","bcubed.precision","bcubed.recall","bcubed.f1"
"majority-vote",0.941894329037599,0.566402871340244,0.707409192740454
