"","bcubed.precision","bcubed.recall","bcubed.f1"
"majority-vote",0.126065653774888,0.830721653834555,0.218910655613249
