"","bcubed.precision","bcubed.recall","bcubed.f1"
"majority-vote",0.99204803952157,0.64514349497056,0.781842962062683
