"","bcubed.precision","bcubed.recall","bcubed.f1"
"majority-vote",0.886713661029896,0.745281289913641,0.80986905099717
