"","bcubed.precision","bcubed.recall","bcubed.f1"
"majority-vote",0.921383810143636,0.643417691657419,0.757712263914363
