"","bcubed.precision","bcubed.recall","bcubed.f1"
"majority-vote",0.898522670960766,0.530865929533072,0.667411329237311
