"","bcubed.precision","bcubed.recall","bcubed.f1"
"majority-vote",0.95165875378479,0.816784423569978,0.879078340315256
