"","bcubed.precision","bcubed.recall","bcubed.f1"
"majority-vote",0.662723622841362,0.893781076877586,0.761102531077898
