"","bcubed.precision","bcubed.recall","bcubed.f1"
"majority-vote",0.975034388105318,0.361572991654719,0.527523797955928
