"","bcubed.precision","bcubed.recall","bcubed.f1"
"majority-vote",0.981978004029245,0.602450492740479,0.746759015750915
