"","bcubed.precision","bcubed.recall","bcubed.f1"
"majority-vote",0.732683958949112,0.664357980944635,0.696850139910582
