"","bcubed.precision","bcubed.recall","bcubed.f1"
"majority-vote",0.700724127412855,0.691314394037626,0.695987457337321
