"","bcubed.precision","bcubed.recall","bcubed.f1"
"majority-vote",0.233432271354514,0.761078138046344,0.357281727296256
