"","bcubed.precision","bcubed.recall","bcubed.f1"
"majority-vote",0.493869597050771,0.836823565278606,0.621152537168351
