"","bcubed.precision","bcubed.recall","bcubed.f1"
"majority-vote",0.542182957821084,0.431303307356624,0.480428561275988
