"","bcubed.precision","bcubed.recall","bcubed.f1"
"majority-vote",0.939756195467857,0.169906961742662,0.287783042832871
