"","bcubed.precision","bcubed.recall","bcubed.f1"
"majority-vote",0.883582067726769,0.882241611297811,0.882911330734584
