"","bcubed.precision","bcubed.recall","bcubed.f1"
"majority-vote",0.645878176090978,0.968903002270384,0.775081246055279
