"","bcubed.precision","bcubed.recall","bcubed.f1"
"majority-vote",0.993135489682582,0.570520999407958,0.724717552831274
