"","bcubed.precision","bcubed.recall","bcubed.f1"
"majority-vote",0.981872754744524,0.643647143994847,0.777572264538602
