"","bcubed.precision","bcubed.recall","bcubed.f1"
"majority-vote",0.92465451238032,0.868390698394675,0.895639856657798
