"","bcubed.precision","bcubed.recall","bcubed.f1"
"majority-vote",0.897154605135104,0.318587024996119,0.470201578242756
