"","bcubed.precision","bcubed.recall","bcubed.f1"
"majority-vote",0.824390989932863,0.47728640227885,0.604559335531825
