"","bcubed.precision","bcubed.recall","bcubed.f1"
"majority-vote",0.97697554333914,0.577192820947663,0.725665613603666
