"","bcubed.precision","bcubed.recall","bcubed.f1"
"majority-vote",0.426830245351886,0.678524417887068,0.524021390411186
