"","bcubed.precision","bcubed.recall","bcubed.f1"
"majority-vote",0.851551058389989,0.878649620482798,0.864888129351036
