"","bcubed.precision","bcubed.recall","bcubed.f1"
"majority-vote",0.776108915585821,0.980991895819078,0.866605434953817
