"","bcubed.precision","bcubed.recall","bcubed.f1"
"majority-vote",0.75972752679004,0.731844855348023,0.745525579054471
