"","bcubed.precision","bcubed.recall","bcubed.f1"
"majority-vote",0.495184620342459,0.719270277528314,0.586553819208809
