"","bcubed.precision","bcubed.recall","bcubed.f1"
"majority-vote",0.91752301886486,0.719776899968612,0.80670849191627
