"","bcubed.precision","bcubed.recall","bcubed.f1"
"majority-vote",0.749515988609522,0.883000727144649,0.810801085908645
