"","bcubed.precision","bcubed.recall","bcubed.f1"
"majority-vote",0.978447936065723,0.385632424382757,0.553224371023529
