"","bcubed.precision","bcubed.recall","bcubed.f1"
"majority-vote",0.859747411330532,0.534423157505493,0.659128712785899
