"","bcubed.precision","bcubed.recall","bcubed.f1"
"majority-vote",0.943966562865934,0.439878893472022,0.600111761391149
