"","bcubed.precision","bcubed.recall","bcubed.f1"
"majority-vote",0.575728188233446,0.976479209334272,0.724370476417758
