"","bcubed.precision","bcubed.recall","bcubed.f1"
"majority-vote",0.559288626071421,0.780073940595967,0.651483762989747
