"","bcubed.precision","bcubed.recall","bcubed.f1"
"majority-vote",0.857597347611677,0.507501295632839,0.637656138914283
