"","bcubed.precision","bcubed.recall","bcubed.f1"
"majority-vote",0.966968519518678,0.571257887158964,0.718214680246654
