"","bcubed.precision","bcubed.recall","bcubed.f1"
"majority-vote",0.993043547820584,0.773262467717048,0.869479351350685
