"","bcubed.precision","bcubed.recall","bcubed.f1"
"majority-vote",0.995870533713345,0.604736725286144,0.75251374999164
