"","bcubed.precision","bcubed.recall","bcubed.f1"
"majority-vote",0.872704439646389,0.936577463865788,0.903513498036739
