"","bcubed.precision","bcubed.recall","bcubed.f1"
"majority-vote",0.926178071849753,0.832069917070463,0.876605480333611
