"","bcubed.precision","bcubed.recall","bcubed.f1"
"majority-vote",0.979882730404042,0.696560532591265,0.814280628081277
