"","bcubed.precision","bcubed.recall","bcubed.f1"
"majority-vote",0.0563228553457452,0.884171964996946,0.105899763843762
