"","bcubed.precision","bcubed.recall","bcubed.f1"
"majority-vote",0.854010642921047,0.794092255173955,0.822962253344259
