"","bcubed.precision","bcubed.recall","bcubed.f1"
"majority-vote",0.836205477165176,0.753008911827453,0.792429493195616
