"","bcubed.precision","bcubed.recall","bcubed.f1"
"majority-vote",0.882449068498071,0.965199007354952,0.921970992297772
