"","bcubed.precision","bcubed.recall","bcubed.f1"
"majority-vote",0.86517911387946,0.972329085658259,0.915630000389307
