"","bcubed.precision","bcubed.recall","bcubed.f1"
"majority-vote",0.387516285270373,0.869828533935201,0.536165922257851
