"","bcubed.precision","bcubed.recall","bcubed.f1"
"majority-vote",0.867644002161671,0.613111693295311,0.718501620456292
