"","bcubed.precision","bcubed.recall","bcubed.f1"
"majority-vote",0.858716971408155,0.460617945833653,0.599605819952729
