"","bcubed.precision","bcubed.recall","bcubed.f1"
"majority-vote",0.851464138223914,0.868867724415792,0.860077900394276
