"","bcubed.precision","bcubed.recall","bcubed.f1"
"majority-vote",0.916104759356663,0.728368481799394,0.811520450491161
