"","bcubed.precision","bcubed.recall","bcubed.f1"
"majority-vote",0.898480009472108,0.336125677559606,0.489228593598429
