"","bcubed.precision","bcubed.recall","bcubed.f1"
"majority-vote",0.756226757021533,0.932381146565217,0.835115800746114
