"","bcubed.precision","bcubed.recall","bcubed.f1"
"majority-vote",0.21831511729418,0.656973377961835,0.327725591839157
