"","bcubed.precision","bcubed.recall","bcubed.f1"
"majority-vote",0.943752303690028,0.334442244726117,0.493869480671227
