{
      "avg_bcuded_f1": 0.7217955389953284,
      "avg_bcuded_recall": 0.74678666931371,
      "avg_bcuded_precision": 0.7840320328747513,
      "avg_bcuded_f1star": 0.7649562546221237
}