{
      "avg_bcuded_f1": 0.638921352798388,
      "avg_bcuded_recall": 0.5932537226854008,
      "avg_bcuded_precision": 0.7976604469207715,
      "avg_bcuded_f1star": 0.6804374272909102
}