"","bcubed.precision","bcubed.recall","bcubed.f1"
"majority-vote",0.588522773290229,0.46197317446417,0.517625478522853
