"","bcubed.precision","bcubed.recall","bcubed.f1"
"majority-vote",0.990653217685447,0.879411389136899,0.931723662529548
