"","bcubed.precision","bcubed.recall","bcubed.f1"
"majority-vote",0.963692042743426,0.599082252766019,0.738853718797846
