"","bcubed.precision","bcubed.recall","bcubed.f1"
"majority-vote",0.99858803906994,0.507547244361305,0.67302135878187
