"","bcubed.precision","bcubed.recall","bcubed.f1"
"majority-vote",0.802607377228247,0.946639767573364,0.868693784397384
