"","bcubed.precision","bcubed.recall","bcubed.f1"
"majority-vote",0.986095685894988,0.795153519518823,0.880390517888899
