"","bcubed.precision","bcubed.recall","bcubed.f1"
"majority-vote",0.893922589758707,0.532756797981859,0.667624892678553
