"","bcubed.precision","bcubed.recall","bcubed.f1"
"majority-vote",0.902471442859399,0.764865561295588,0.827990172323591
