"","bcubed.precision","bcubed.recall","bcubed.f1"
"majority-vote",0.941051091129112,0.951469006830076,0.946231374788057
