"","bcubed.precision","bcubed.recall","bcubed.f1"
"majority-vote",0.908537391421584,0.773247338441431,0.835450705808802
