"","bcubed.precision","bcubed.recall","bcubed.f1"
"majority-vote",0.989263604337887,0.0553609347450177,0.104854051951434
