"","bcubed.precision","bcubed.recall","bcubed.f1"
"majority-vote",0.976528085753776,0.915671650367995,0.945121243643716
