"","bcubed.precision","bcubed.recall","bcubed.f1"
"majority-vote",0.999268116767571,0.325335553152581,0.490859949883595
