"","bcubed.precision","bcubed.recall","bcubed.f1"
"majority-vote",0.996095721857648,0.561628777063846,0.718273382093908
