"","bcubed.precision","bcubed.recall","bcubed.f1"
"majority-vote",0.790631292488722,0.564619314560935,0.65877955872268
