"","bcubed.precision","bcubed.recall","bcubed.f1"
"majority-vote",0.995726673274496,0.425615763602456,0.596333378065101
