"","bcubed.precision","bcubed.recall","bcubed.f1"
"majority-vote",0.980629706616378,0.71747898760586,0.828664515426208
