"","bcubed.precision","bcubed.recall","bcubed.f1"
"majority-vote",0.830173184124378,0.811125485122898,0.820538807866976
