"","bcubed.precision","bcubed.recall","bcubed.f1"
"majority-vote",0.969368900290183,0.728237677036304,0.831677922985325
