"","bcubed.precision","bcubed.recall","bcubed.f1"
"majority-vote",0.984429594689029,0.927931406317096,0.955345918202014
