"","bcubed.precision","bcubed.recall","bcubed.f1"
"majority-vote",0.955486851381559,0.196851425270356,0.326447454419429
