"","bcubed.precision","bcubed.recall","bcubed.f1"
"majority-vote",0.912843420959345,0.989550701219576,0.949650586892468
