"","bcubed.precision","bcubed.recall","bcubed.f1"
"majority-vote",0.985492015612153,0.935406469395827,0.959796276727983
