"","bcubed.precision","bcubed.recall","bcubed.f1"
"majority-vote",0.956634186809066,0.738613646397472,0.833604445494005
