"","bcubed.precision","bcubed.recall","bcubed.f1"
"majority-vote",0.91976346120913,0.552916684275515,0.690649038555706
