"","bcubed.precision","bcubed.recall","bcubed.f1"
"majority-vote",0.637737853878207,0.687247308200936,0.661567594806712
