"","bcubed.precision","bcubed.recall","bcubed.f1"
"majority-vote",0.81232163119213,0.733018182379584,0.770635067283784
