"","bcubed.precision","bcubed.recall","bcubed.f1"
"majority-vote",0.907763527579229,0.896942028888636,0.90232033392924
