"","bcubed.precision","bcubed.recall","bcubed.f1"
"majority-vote",0.977963731994253,0.674839063879936,0.798604807609204
