"","bcubed.precision","bcubed.recall","bcubed.f1"
"majority-vote",0.981565543928967,0.695342887960062,0.814027298161768
