"","bcubed.precision","bcubed.recall","bcubed.f1"
"majority-vote",0.915025889514492,0.72459574236777,0.808752276508258
