"","bcubed.precision","bcubed.recall","bcubed.f1"
"majority-vote",0.964636542239686,0.381247922131983,0.546504082745548
