"","bcubed.precision","bcubed.recall","bcubed.f1"
"majority-vote",0.729475414358612,0.796090921971824,0.761328748993502
