"","bcubed.precision","bcubed.recall","bcubed.f1"
"majority-vote",0.936444597751611,0.785762128665177,0.854511469755154
