"","bcubed.precision","bcubed.recall","bcubed.f1"
"majority-vote",0.654436016712879,0.888224043547397,0.753614901924267
