"","bcubed.precision","bcubed.recall","bcubed.f1"
"majority-vote",0.946041111534069,0.387953673670653,0.550257210498443
