"","bcubed.precision","bcubed.recall","bcubed.f1"
"majority-vote",0.974878801234024,0.526516282757677,0.683750157487309
