"","bcubed.precision","bcubed.recall","bcubed.f1"
"majority-vote",0.77770035473829,0.404235922834241,0.531965092452892
