"","bcubed.precision","bcubed.recall","bcubed.f1"
"majority-vote",0.925855079499939,0.768549068142108,0.839900043415897
