"","bcubed.precision","bcubed.recall","bcubed.f1"
"majority-vote",0.975607568827908,0.803376550772597,0.881154851150231
