"","bcubed.precision","bcubed.recall","bcubed.f1"
"majority-vote",0.968513290554221,0.392919864503548,0.55904046332455
