"","bcubed.precision","bcubed.recall","bcubed.f1"
"majority-vote",0.780294144282792,0.65465102295223,0.711971957426998
