"","bcubed.precision","bcubed.recall","bcubed.f1"
"majority-vote",0.909943545513044,0.714000149429038,0.800150681937866
