"","bcubed.precision","bcubed.recall","bcubed.f1"
"majority-vote",0.809676855131401,0.573399624068167,0.671356083819354
