"","bcubed.precision","bcubed.recall","bcubed.f1"
"majority-vote",0.992917825870302,0.599004025560793,0.74722483922525
