"","bcubed.precision","bcubed.recall","bcubed.f1"
"majority-vote",0.955659340659341,0.486904514677986,0.645122010702829
