"","bcubed.precision","bcubed.recall","bcubed.f1"
"majority-vote",0.982316952832051,0.515856346730873,0.676469717845832
