"","bcubed.precision","bcubed.recall","bcubed.f1"
"majority-vote",0.895220588235294,0.947030703427454,0.920397111117252
