"","bcubed.precision","bcubed.recall","bcubed.f1"
"majority-vote",0.966453145806317,0.584429835401128,0.728390290912526
