"","bcubed.precision","bcubed.recall","bcubed.f1"
"majority-vote",0.975016243688975,0.164900113465127,0.282091380136092
