"","bcubed.precision","bcubed.recall","bcubed.f1"
"majority-vote",0.873760634761963,0.946887763583066,0.908855607824927
