"","bcubed.precision","bcubed.recall","bcubed.f1"
"majority-vote",0.975772200772201,0.679184092783297,0.800902065541351
