"","bcubed.precision","bcubed.recall","bcubed.f1"
"majority-vote",0.97245409015025,0.437128775537328,0.603139660734018
