"","bcubed.precision","bcubed.recall","bcubed.f1"
"majority-vote",0.979797854811002,0.894068993096996,0.934972388745178
