"","bcubed.precision","bcubed.recall","bcubed.f1"
"majority-vote",0.975262183127249,0.904943334381219,0.938787811945781
