"","bcubed.precision","bcubed.recall","bcubed.f1"
"majority-vote",0.77449816432803,0.481021651517559,0.593459985896718
