"","bcubed.precision","bcubed.recall","bcubed.f1"
"majority-vote",0.95254333203984,0.710618209959096,0.813985437288396
