"","bcubed.precision","bcubed.recall","bcubed.f1"
"majority-vote",0.991608533237319,0.821695369902868,0.89869121122637
