"","bcubed.precision","bcubed.recall","bcubed.f1"
"majority-vote",0.983841558152215,0.286398018478212,0.443649021704653
