"","bcubed.precision","bcubed.recall","bcubed.f1"
"majority-vote",0.258279618769421,0.9777002168135,0.408615144033116
