"","bcubed.precision","bcubed.recall","bcubed.f1"
"majority-vote",0.957815571926043,0.629597176712238,0.759774646402398
