"","bcubed.precision","bcubed.recall","bcubed.f1"
"majority-vote",0.642721245767109,0.73317932129969,0.684976717119911
