"","bcubed.precision","bcubed.recall","bcubed.f1"
"majority-vote",0.997878554957725,0.11071582645191,0.199317172743199
