"","bcubed.precision","bcubed.recall","bcubed.f1"
"majority-vote",0.892112912104482,0.740015928423532,0.808977512701808
