"","bcubed.precision","bcubed.recall","bcubed.f1"
"majority-vote",0.698353270316695,0.917476758358225,0.793057293488299
