"","bcubed.precision","bcubed.recall","bcubed.f1"
"majority-vote",0.987666216997495,0.314829042677915,0.477462021105749
