"","bcubed.precision","bcubed.recall","bcubed.f1"
"majority-vote",0.947473825544135,0.394811811935309,0.5573684875699
