"","bcubed.precision","bcubed.recall","bcubed.f1"
"majority-vote",0.949850618060169,0.579945771469531,0.720176689188115
