"","bcubed.precision","bcubed.recall","bcubed.f1"
"majority-vote",0.889095850019804,0.9649064171123,0.925451178049607
