"","bcubed.precision","bcubed.recall","bcubed.f1"
"majority-vote",0.984531886024423,0.600505241070982,0.745997109408503
