"","bcubed.precision","bcubed.recall","bcubed.f1"
"majority-vote",0.906661347642094,0.845383714262517,0.874950940833351
