"","bcubed.precision","bcubed.recall","bcubed.f1"
"majority-vote",0.977643946250783,0.889979699214982,0.931754389955403
