"","bcubed.precision","bcubed.recall","bcubed.f1"
"majority-vote",0.989015817223199,0.358502478146362,0.526248322740918
