"","bcubed.precision","bcubed.recall","bcubed.f1"
"majority-vote",0.947059389263624,0.873785825422509,0.908948287858172
