"","bcubed.precision","bcubed.recall","bcubed.f1"
"majority-vote",0.989513174997046,0.398223277696619,0.567899155645074
