"","bcubed.precision","bcubed.recall","bcubed.f1"
"majority-vote",0.899293989156298,0.926424524193602,0.912657674140176
