"","bcubed.precision","bcubed.recall","bcubed.f1"
"majority-vote",0.992796638431268,0.889392675269455,0.938254246611142
