"","bcubed.precision","bcubed.recall","bcubed.f1"
"majority-vote",0.722547279004983,0.651749728104408,0.685324919137502
