"","bcubed.precision","bcubed.recall","bcubed.f1"
"majority-vote",0.982640845070422,0.85933029831077,0.916858066491397
