"","bcubed.precision","bcubed.recall","bcubed.f1"
"majority-vote",0.965458603464768,0.6197178498225,0.75488369587003
