"","bcubed.precision","bcubed.recall","bcubed.f1"
"majority-vote",0.951041666666667,0.774474474907854,0.853724259843845
