"","bcubed.precision","bcubed.recall","bcubed.f1"
"majority-vote",0.969329280360689,0.646880370606475,0.775939041997677
