"","bcubed.precision","bcubed.recall","bcubed.f1"
"majority-vote",0.37540442621274,0.426416151509358,0.399287609055842
