"","bcubed.precision","bcubed.recall","bcubed.f1"
"majority-vote",0.919630721362483,0.975241106719368,0.946619891839922
