"","bcubed.precision","bcubed.recall","bcubed.f1"
"majority-vote",0.942534280003162,0.793702779656328,0.861739557738274
