"","bcubed.precision","bcubed.recall","bcubed.f1"
"majority-vote",0.990791092125514,0.43682235667795,0.606326173517814
