"","bcubed.precision","bcubed.recall","bcubed.f1"
"majority-vote",0.932405544377375,0.83969487873759,0.883625047776904
