"","bcubed.precision","bcubed.recall","bcubed.f1"
"majority-vote",0.949451561372627,0.604394305347101,0.738610088924651
