"","bcubed.precision","bcubed.recall","bcubed.f1"
"majority-vote",0.850389776450673,0.964242388951971,0.903744444983081
