"","bcubed.precision","bcubed.recall","bcubed.f1"
"majority-vote",0.923594751499567,0.936612631468099,0.930058141401507
