"","bcubed.precision","bcubed.recall","bcubed.f1"
"majority-vote",0.964855864258848,0.687353838200284,0.802800492723502
