"","bcubed.precision","bcubed.recall","bcubed.f1"
"majority-vote",0.981841622632601,0.695362530700988,0.81413568420323
