"","bcubed.precision","bcubed.recall","bcubed.f1"
"majority-vote",0.992105315239068,0.929047576903955,0.959541578315748
