"","bcubed.precision","bcubed.recall","bcubed.f1"
"majority-vote",0.98589554531575,0.0510693480965038,0.0971084809338976
