"","bcubed.precision","bcubed.recall","bcubed.f1"
"majority-vote",0.915715679831113,0.722984128175303,0.808016085929217
