"","bcubed.precision","bcubed.recall","bcubed.f1"
"majority-vote",0.962650602409639,0.45914652955981,0.621745076476274
