"","bcubed.precision","bcubed.recall","bcubed.f1"
"majority-vote",0.979432642659012,0.451410853283592,0.617994247743002
