"","bcubed.precision","bcubed.recall","bcubed.f1"
"majority-vote",0.995861757624398,0.783311266433726,0.876890245085235
