"","bcubed.precision","bcubed.recall","bcubed.f1"
"majority-vote",0.997495527728086,0.477779078006256,0.646093265214258
