"","bcubed.precision","bcubed.recall","bcubed.f1"
"majority-vote",0.990045027814008,0.201661308140497,0.33507210527173
