"","bcubed.precision","bcubed.recall","bcubed.f1"
"majority-vote",0.832460732984293,0.366097901753162,0.508547715238324
