"","bcubed.precision","bcubed.recall","bcubed.f1"
"majority-vote",0.98635405823961,0.334323406725417,0.499381957724007
