"","bcubed.precision","bcubed.recall","bcubed.f1"
"majority-vote",0.977221321663569,0.57591659439432,0.724723760489306
