"","bcubed.precision","bcubed.recall","bcubed.f1"
"majority-vote",0.810959245302104,0.892006406018453,0.849554236479667
