"","bcubed.precision","bcubed.recall","bcubed.f1"
"majority-vote",0.963418277468914,0.767272665806046,0.854230517484604
