"","bcubed.precision","bcubed.recall","bcubed.f1"
"majority-vote",0.973760364517847,0.676535561415477,0.798382283493364
