"","bcubed.precision","bcubed.recall","bcubed.f1"
"majority-vote",0.761251387347392,0.955417434008594,0.847353709797592
