"","bcubed.precision","bcubed.recall","bcubed.f1"
"majority-vote",0.970349441721262,0.512711069668068,0.670921916396594
