"","bcubed.precision","bcubed.recall","bcubed.f1"
"majority-vote",0.967491176921897,0.889323894211618,0.926762211758992
