"","bcubed.precision","bcubed.recall","bcubed.f1"
"majority-vote",0.991810399943594,0.823170014041422,0.899655527472526
