"","bcubed.precision","bcubed.recall","bcubed.f1"
"majority-vote",0.829234178055007,0.615734569136013,0.706711685398214
