"","bcubed.precision","bcubed.recall","bcubed.f1"
"majority-vote",0.540082438363505,0.562670312079517,0.551145039575871
