"","bcubed.precision","bcubed.recall","bcubed.f1"
"majority-vote",0.933587928714421,0.282044746308606,0.433212393712679
