"","bcubed.precision","bcubed.recall","bcubed.f1"
"majority-vote",0.924341780258339,0.952033412942195,0.937983259396419
