"","bcubed.precision","bcubed.recall","bcubed.f1"
"majority-vote",0.863056734248192,0.484251986013121,0.62040263128502
