"","bcubed.precision","bcubed.recall","bcubed.f1"
"majority-vote",0.899608692342412,0.800790359479499,0.847328122607319
