"","bcubed.precision","bcubed.recall","bcubed.f1"
"majority-vote",0.93134796857109,0.611185377535319,0.738040783655911
