"","bcubed.precision","bcubed.recall","bcubed.f1"
"majority-vote",0.856765614874632,0.875009198616528,0.865791312165282
