"","bcubed.precision","bcubed.recall","bcubed.f1"
"majority-vote",0.931084437086093,0.785636463966362,0.852198961820734
