"","bcubed.precision","bcubed.recall","bcubed.f1"
"majority-vote",0.988449655575053,0.842583790068586,0.909706656716644
