"","bcubed.precision","bcubed.recall","bcubed.f1"
"majority-vote",0.975697770288257,0.784363501809933,0.869630770182353
