"","bcubed.precision","bcubed.recall","bcubed.f1"
"majority-vote",0.838877899658335,0.571012378013461,0.679499209169454
