"","bcubed.precision","bcubed.recall","bcubed.f1"
"majority-vote",0.980492739600238,0.8302010036023,0.899109592107133
