"","bcubed.precision","bcubed.recall","bcubed.f1"
"majority-vote",0.814328862779871,0.775023531042082,0.794190178483275
