"","bcubed.precision","bcubed.recall","bcubed.f1"
"majority-vote",0.828308987547388,0.974029791826776,0.895278556886157
