"","bcubed.precision","bcubed.recall","bcubed.f1"
"majority-vote",0.777281800843823,0.672007835872308,0.720821356359836
