"","bcubed.precision","bcubed.recall","bcubed.f1"
"majority-vote",0.95869434272599,0.989678469499676,0.973940042556047
