"","bcubed.precision","bcubed.recall","bcubed.f1"
"majority-vote",0.948152102091126,0.441822749707869,0.602766544078133
