"","bcubed.precision","bcubed.recall","bcubed.f1"
"majority-vote",0.776686315778565,0.876113778877325,0.82340941934752
