"","bcubed.precision","bcubed.recall","bcubed.f1"
"majority-vote",0.992512901034911,0.945462431689992,0.968416517022159
