"","bcubed.precision","bcubed.recall","bcubed.f1"
"majority-vote",0.937451737451737,0.891255192854425,0.91376995975444
