"","bcubed.precision","bcubed.recall","bcubed.f1"
"majority-vote",0.991108467545144,0.801992259283414,0.886577432253142
