"","bcubed.precision","bcubed.recall","bcubed.f1"
"majority-vote",0.871458855800986,0.904042907631299,0.887451890057686
