"","bcubed.precision","bcubed.recall","bcubed.f1"
"majority-vote",0.9185938561503,0.86326910720685,0.890072597491463
