"","bcubed.precision","bcubed.recall","bcubed.f1"
"majority-vote",0.987581561776468,0.875810571728511,0.928343912905837
