"","bcubed.precision","bcubed.recall","bcubed.f1"
"majority-vote",0.835199062720165,0.79507430515288,0.814642902892938
