"","bcubed.precision","bcubed.recall","bcubed.f1"
"majority-vote",0.99960137936485,0.607150898052844,0.755447972542014
