"","bcubed.precision","bcubed.recall","bcubed.f1"
"majority-vote",0.994218836029226,0.549929604591468,0.708157787155705
