"","bcubed.precision","bcubed.recall","bcubed.f1"
"majority-vote",0.980285808611989,0.466694796137656,0.632343355681625
