"","bcubed.precision","bcubed.recall","bcubed.f1"
"majority-vote",0.506754639448966,0.915495683325154,0.652391041846442
