"","bcubed.precision","bcubed.recall","bcubed.f1"
"majority-vote",0.995633218982276,0.104900486729861,0.189803199545035
