"","bcubed.precision","bcubed.recall","bcubed.f1"
"majority-vote",0.787771762716086,0.463055183277717,0.583265013811614
