"","bcubed.precision","bcubed.recall","bcubed.f1"
"majority-vote",0.983184024823582,0.775054121125719,0.866800475259922
