"","bcubed.precision","bcubed.recall","bcubed.f1"
"majority-vote",0.993606339307425,0.982972717308068,0.988260924868778
