"","bcubed.precision","bcubed.recall","bcubed.f1"
"majority-vote",0.93715981401844,0.945696986198892,0.94140904566046
