"","bcubed.precision","bcubed.recall","bcubed.f1"
"majority-vote",0.963770848119234,0.897817109888816,0.929625649683926
