"","bcubed.precision","bcubed.recall","bcubed.f1"
"majority-vote",0.850016338367593,0.735352874619487,0.788538029844072
