"","bcubed.precision","bcubed.recall","bcubed.f1"
"majority-vote",0.997081570115278,0.946731183510944,0.971254266308517
