"","bcubed.precision","bcubed.recall","bcubed.f1"
"majority-vote",0.978910252878629,0.132913902330094,0.234049208467884
