"","bcubed.precision","bcubed.recall","bcubed.f1"
"majority-vote",0.984733973696454,0.817271786477318,0.893221666295008
