"","bcubed.precision","bcubed.recall","bcubed.f1"
"majority-vote",0.896228320892481,0.881075877419591,0.888587507921902
