"","bcubed.precision","bcubed.recall","bcubed.f1"
"majority-vote",0.809021185723401,0.710683002634401,0.756670422927571
