"","bcubed.precision","bcubed.recall","bcubed.f1"
"majority-vote",0.993490054249548,0.973566670517115,0.983427465135593
