"","bcubed.precision","bcubed.recall","bcubed.f1"
"majority-vote",0.195711480591585,0.986490273008217,0.326623558680648
