"","bcubed.precision","bcubed.recall","bcubed.f1"
"majority-vote",0.983276308673252,0.929101920967272,0.955421781183581
