"","bcubed.precision","bcubed.recall","bcubed.f1"
"majority-vote",0.935049021822315,0.849942324419099,0.89046676974307
