"","bcubed.precision","bcubed.recall","bcubed.f1"
"majority-vote",0.828476135997769,0.907407616053389,0.866147349595912
