"","bcubed.precision","bcubed.recall","bcubed.f1"
"majority-vote",0.994565815162097,0.333070316931758,0.4990228018924
