"","bcubed.precision","bcubed.recall","bcubed.f1"
"majority-vote",0.981191222570533,0.53832749677757,0.69522304395582
