"","bcubed.precision","bcubed.recall","bcubed.f1"
"majority-vote",0.996887713163174,0.369252759882944,0.538895591839292
