"","bcubed.precision","bcubed.recall","bcubed.f1"
"majority-vote",0.988915362799411,0.538350587056742,0.697171525578288
