"","bcubed.precision","bcubed.recall","bcubed.f1"
"majority-vote",0.839020964640355,0.635113513668864,0.722964642283875
