"","bcubed.precision","bcubed.recall","bcubed.f1"
"majority-vote",0.945100196062374,0.884814924188644,0.91396453209796
