"","bcubed.precision","bcubed.recall","bcubed.f1"
"majority-vote",0.920525188774935,0.902249265474827,0.911295605977873
