"","bcubed.precision","bcubed.recall","bcubed.f1"
"majority-vote",0.676095975429513,0.961877783970545,0.794056308735664
