"","bcubed.precision","bcubed.recall","bcubed.f1"
"majority-vote",0.895421540539396,0.82571549001493,0.859156967738105
