"","bcubed.precision","bcubed.recall","bcubed.f1"
"majority-vote",0.997581035316884,0.697759378683308,0.821158414723996
