"","bcubed.precision","bcubed.recall","bcubed.f1"
"majority-vote",0.633065807066598,0.793221471960575,0.704151819501307
