"","bcubed.precision","bcubed.recall","bcubed.f1"
"majority-vote",0.975861581315816,0.23917895064857,0.38419384844721
