"","bcubed.precision","bcubed.recall","bcubed.f1"
"majority-vote",0.987679591229849,0.696980862941263,0.817249282608177
