"","bcubed.precision","bcubed.recall","bcubed.f1"
"majority-vote",0.771402426461575,0.461290441444482,0.57733856518252
