"","bcubed.precision","bcubed.recall","bcubed.f1"
"majority-vote",0.986945571681543,0.641542886965345,0.777614244635592
