"","bcubed.precision","bcubed.recall","bcubed.f1"
"majority-vote",0.960756928602631,0.45922112815564,0.621417885348851
