"","bcubed.precision","bcubed.recall","bcubed.f1"
"majority-vote",0.983245419113001,0.749058990831516,0.850322630540535
