"","bcubed.precision","bcubed.recall","bcubed.f1"
"majority-vote",0.882461554520719,0.43359714139865,0.58148289072638
