"","bcubed.precision","bcubed.recall","bcubed.f1"
"majority-vote",0.980490676966808,0.664046957002759,0.791823594620678
