"","bcubed.precision","bcubed.recall","bcubed.f1"
"majority-vote",0.990783654336085,0.554946378140976,0.711420220792341
