"","bcubed.precision","bcubed.recall","bcubed.f1"
"majority-vote",0.857976747338296,0.904213256068962,0.880488422749184
