"","bcubed.precision","bcubed.recall","bcubed.f1"
"majority-vote",0.985652797704448,0.5551459405065,0.710256486878801
