"","bcubed.precision","bcubed.recall","bcubed.f1"
"majority-vote",0.833853710481667,0.964220583571202,0.8943111127198
