"","bcubed.precision","bcubed.recall","bcubed.f1"
"majority-vote",0.582659732748013,0.784339682749222,0.66862230481363
