"","bcubed.precision","bcubed.recall","bcubed.f1"
"majority-vote",0.982811597996292,0.209488764723323,0.345362618443514
