"","bcubed.precision","bcubed.recall","bcubed.f1"
"majority-vote",0.81431334622824,0.762058454366147,0.787319805850918
