"","bcubed.precision","bcubed.recall","bcubed.f1"
"majority-vote",0.990561140883122,0.771758740709471,0.867577137009708
