"","bcubed.precision","bcubed.recall","bcubed.f1"
"majority-vote",0.821993301818578,0.914446055406013,0.865758460600179
