"","bcubed.precision","bcubed.recall","bcubed.f1"
"majority-vote",0.996451459857525,0.983429063874604,0.989897435343175
