"","bcubed.precision","bcubed.recall","bcubed.f1"
"majority-vote",0.962406699853257,0.781989649061884,0.86286820990092
