"","bcubed.precision","bcubed.recall","bcubed.f1"
"majority-vote",0.88437289603635,0.73977898596546,0.805639535926578
