"","bcubed.precision","bcubed.recall","bcubed.f1"
"majority-vote",0.984555984555985,0.484417417478101,0.649346089916681
