"","bcubed.precision","bcubed.recall","bcubed.f1"
"majority-vote",0.328431213890951,0.890015895030425,0.479805809619178
