"","bcubed.precision","bcubed.recall","bcubed.f1"
"majority-vote",0.988381932345141,0.703090108305558,0.821676673523341
