"","bcubed.precision","bcubed.recall","bcubed.f1"
"majority-vote",0.974424552429668,0.838073101587171,0.901120070536472
