"","bcubed.precision","bcubed.recall","bcubed.f1"
"majority-vote",0.770885639976911,0.960314401996292,0.855236326725338
