"","bcubed.precision","bcubed.recall","bcubed.f1"
"majority-vote",0.862141932493691,0.945912054020162,0.902086389349936
