"","bcubed.precision","bcubed.recall","bcubed.f1"
"majority-vote",0.995201335280618,0.887141438609549,0.938069682667167
