"","bcubed.precision","bcubed.recall","bcubed.f1"
"majority-vote",0.865255813737005,0.494021337845927,0.62894433881057
