"","bcubed.precision","bcubed.recall","bcubed.f1"
"majority-vote",0.984244629141302,0.853880645922019,0.914439783923325
