"","bcubed.precision","bcubed.recall","bcubed.f1"
"majority-vote",0.986157706812121,0.698917310677474,0.818055795967847
