"","bcubed.precision","bcubed.recall","bcubed.f1"
"majority-vote",0.775922844258753,0.693884382823007,0.732614092496645
