"","bcubed.precision","bcubed.recall","bcubed.f1"
"majority-vote",0.951658060275087,0.61952678704747,0.750487966396502
