"","bcubed.precision","bcubed.recall","bcubed.f1"
"majority-vote",0.981911293061479,0.667301100974517,0.794598063037519
