"","bcubed.precision","bcubed.recall","bcubed.f1"
"majority-vote",0.970688944414999,0.974973619062043,0.972826563953131
