"","bcubed.precision","bcubed.recall","bcubed.f1"
"majority-vote",0.921759410504918,0.955367434721201,0.938262564071029
