"","bcubed.precision","bcubed.recall","bcubed.f1"
"majority-vote",0.972267327340398,0.91767236254616,0.944181298568801
