"","bcubed.precision","bcubed.recall","bcubed.f1"
"majority-vote",0.99238578680203,0.713827014157212,0.83036744617868
