"","bcubed.precision","bcubed.recall","bcubed.f1"
"majority-vote",0.98916907002631,0.605791577479489,0.751404484194936
