"","bcubed.precision","bcubed.recall","bcubed.f1"
"majority-vote",0.983220278084006,0.733295931289666,0.840063642327704
