"","bcubed.precision","bcubed.recall","bcubed.f1"
"majority-vote",0.8196051786902,0.551877092461003,0.659609434982862
