"","bcubed.precision","bcubed.recall","bcubed.f1"
"majority-vote",0.901103802240903,0.249486706222494,0.390779200648691
