"","bcubed.precision","bcubed.recall","bcubed.f1"
"majority-vote",0.987393265610882,0.438107572257413,0.60692278105847
