"","bcubed.precision","bcubed.recall","bcubed.f1"
"majority-vote",0.812433681916438,0.724830359466355,0.766135916607224
