"","bcubed.precision","bcubed.recall","bcubed.f1"
"majority-vote",0.854053787259058,0.830683548525118,0.842206574951283
