"","bcubed.precision","bcubed.recall","bcubed.f1"
"majority-vote",0.997065727699531,0.648003286943321,0.785501231980958
