"","bcubed.precision","bcubed.recall","bcubed.f1"
"majority-vote",0.949462721866611,0.836191160233526,0.889234294456176
