"","bcubed.precision","bcubed.recall","bcubed.f1"
"majority-vote",0.970936330037555,0.539148890339139,0.69331086466646
