"","bcubed.precision","bcubed.recall","bcubed.f1"
"majority-vote",0.785450028595939,0.617018409307271,0.691120190853184
