"","bcubed.precision","bcubed.recall","bcubed.f1"
"majority-vote",0.922447233338057,0.996272317049245,0.957939519955238
