"","bcubed.precision","bcubed.recall","bcubed.f1"
"majority-vote",0.856211330174713,0.404230087018582,0.549182811325761
