"","bcubed.precision","bcubed.recall","bcubed.f1"
"majority-vote",0.79801050013816,0.630324716292082,0.704324497935187
