"","bcubed.precision","bcubed.recall","bcubed.f1"
"majority-vote",0.984228064127917,0.676723581265373,0.802010512691136
