"","bcubed.precision","bcubed.recall","bcubed.f1"
"majority-vote",0.975040664780764,0.461449303564279,0.626432269803171
