"","bcubed.precision","bcubed.recall","bcubed.f1"
"majority-vote",0.925915304471755,0.630075793541697,0.74987166824061
