"","bcubed.precision","bcubed.recall","bcubed.f1"
"majority-vote",0.204364289428247,0.83256989462757,0.328174261261995
