"","bcubed.precision","bcubed.recall","bcubed.f1"
"majority-vote",0.934523232127268,0.696541575660451,0.798170963519363
