"","bcubed.precision","bcubed.recall","bcubed.f1"
"majority-vote",0.998007590132827,0.672042398794745,0.803213579635328
