"","bcubed.precision","bcubed.recall","bcubed.f1"
"majority-vote",0.976157046281851,0.65845587437521,0.786432473785502
