"","bcubed.precision","bcubed.recall","bcubed.f1"
"majority-vote",0.971432452888777,0.696401113790712,0.811239989024868
