"","bcubed.precision","bcubed.recall","bcubed.f1"
"majority-vote",0.892949899799599,0.844962807486538,0.868293845963883
