"","bcubed.precision","bcubed.recall","bcubed.f1"
"majority-vote",0.949934878010563,0.656692478614485,0.776552306284039
