"","bcubed.precision","bcubed.recall","bcubed.f1"
"majority-vote",0.900407216080849,0.766438830949435,0.828039344486507
