"","bcubed.precision","bcubed.recall","bcubed.f1"
"majority-vote",0.923457848795325,0.977010519111411,0.94947966245056
