"","bcubed.precision","bcubed.recall","bcubed.f1"
"majority-vote",0.952524079362194,0.923276068577573,0.937672052307822
