"","bcubed.precision","bcubed.recall","bcubed.f1"
"majority-vote",0.455555651426776,0.94106909867889,0.613922023440921
