"","bcubed.precision","bcubed.recall","bcubed.f1"
"majority-vote",0.720283310124698,0.791364329117186,0.754152626172863
