"","bcubed.precision","bcubed.recall","bcubed.f1"
"majority-vote",0.973910035390218,0.283321136036122,0.438947591970206
