"","bcubed.precision","bcubed.recall","bcubed.f1"
"majority-vote",0.976754338879943,0.561655709747714,0.713203416660147
