"","bcubed.precision","bcubed.recall","bcubed.f1"
"majority-vote",0.861128660462734,0.710118269186685,0.778366763843141
