"","bcubed.precision","bcubed.recall","bcubed.f1"
"majority-vote",0.993597719025402,0.584861140140711,0.736308952768532
