"","bcubed.precision","bcubed.recall","bcubed.f1"
"majority-vote",0.944952285398574,0.224274301220325,0.36251059618334
