"","bcubed.precision","bcubed.recall","bcubed.f1"
"majority-vote",0.993303571428571,0.686743256377273,0.812054185543053
