"","bcubed.precision","bcubed.recall","bcubed.f1"
"majority-vote",0.803094059405941,0.527573968521909,0.636810250377692
