"","bcubed.precision","bcubed.recall","bcubed.f1"
"majority-vote",0.996041391763317,0.832574457411417,0.907001458705408
