"","bcubed.precision","bcubed.recall","bcubed.f1"
"majority-vote",0.929319758005017,0.457250596540682,0.612925283353635
