"","bcubed.precision","bcubed.recall","bcubed.f1"
"majority-vote",0.932790224032587,0.586896140587727,0.720478903026105
