"","bcubed.precision","bcubed.recall","bcubed.f1"
"majority-vote",0.975376646116806,0.427741063448925,0.594688016591816
