"","bcubed.precision","bcubed.recall","bcubed.f1"
"majority-vote",0.956535373854314,0.28902354889599,0.443915166671482
