"","bcubed.precision","bcubed.recall","bcubed.f1"
"majority-vote",0.987343495569679,0.421571167961023,0.590859846064706
