"","bcubed.precision","bcubed.recall","bcubed.f1"
"majority-vote",0.991548668362674,0.0658432691566377,0.123486483178744
