"","bcubed.precision","bcubed.recall","bcubed.f1"
"majority-vote",0.984393115281928,0.0944329095288018,0.172333821873647
