"","bcubed.precision","bcubed.recall","bcubed.f1"
"majority-vote",0.652179553208508,0.964255356058635,0.778092113314165
