"","bcubed.precision","bcubed.recall","bcubed.f1"
"majority-vote",0.930420286040186,0.930420286040186,0.930420286040186
