"","bcubed.precision","bcubed.recall","bcubed.f1"
"majority-vote",0.8414633776628,0.615510748041974,0.71096630186843
