"","bcubed.precision","bcubed.recall","bcubed.f1"
"majority-vote",0.373971402605133,0.835555049727488,0.516687656227398
