"","bcubed.precision","bcubed.recall","bcubed.f1"
"majority-vote",0.978444726866365,0.505544344894956,0.666645338395238
