"","bcubed.precision","bcubed.recall","bcubed.f1"
"majority-vote",0.936263903827818,0.555223240993159,0.69707000950462
