"","bcubed.precision","bcubed.recall","bcubed.f1"
"majority-vote",0.761673135678954,0.809856897753303,0.785026349659742
