"","bcubed.precision","bcubed.recall","bcubed.f1"
"majority-vote",0.682848614750596,0.532364336219186,0.598288965304042
