"","bcubed.precision","bcubed.recall","bcubed.f1"
"majority-vote",0.953509643341733,0.457429232033295,0.618259502948656
