"","bcubed.precision","bcubed.recall","bcubed.f1"
"majority-vote",0.947129719318572,0.911772598255401,0.929114904967177
