"","bcubed.precision","bcubed.recall","bcubed.f1"
"majority-vote",0.956452633984669,0.895253248475205,0.924841613021118
