"","bcubed.precision","bcubed.recall","bcubed.f1"
"majority-vote",0.983220880681818,0.779123617822746,0.869353988764077
