"","bcubed.precision","bcubed.recall","bcubed.f1"
"majority-vote",0.960806879289095,0.28777003897204,0.442890508472142
