"","bcubed.precision","bcubed.recall","bcubed.f1"
"majority-vote",0.939400718626301,0.723903596667093,0.817692291990811
