"","bcubed.precision","bcubed.recall","bcubed.f1"
"majority-vote",0.610639271077283,0.409998027113397,0.490597192290489
