"","bcubed.precision","bcubed.recall","bcubed.f1"
"majority-vote",0.968242977811416,0.871130070475335,0.917122901505746
