"","bcubed.precision","bcubed.recall","bcubed.f1"
"majority-vote",0.886979935871485,0.985357352562753,0.933584142969766
