"","bcubed.precision","bcubed.recall","bcubed.f1"
"majority-vote",0.851355078220368,0.940859970740629,0.893872545539297
