"","bcubed.precision","bcubed.recall","bcubed.f1"
"majority-vote",0.991813663385635,0.791335381493545,0.880304701325694
