"","bcubed.precision","bcubed.recall","bcubed.f1"
"majority-vote",0.986264057617432,0.785009212664464,0.87420318969337
