"","bcubed.precision","bcubed.recall","bcubed.f1"
"majority-vote",0.970145295840009,0.991918714555766,0.980911193195817
