"","bcubed.precision","bcubed.recall","bcubed.f1"
"majority-vote",0.949875942398979,0.779774882836107,0.856461189607248
