"","bcubed.precision","bcubed.recall","bcubed.f1"
"majority-vote",0.994461368042094,0.41886942462649,0.589457844130821
