"","bcubed.precision","bcubed.recall","bcubed.f1"
"majority-vote",0.934521563116762,0.828873063418606,0.878532506785768
