"","bcubed.precision","bcubed.recall","bcubed.f1"
"majority-vote",0.873189022631109,0.442784955174673,0.587602747114189
