"","bcubed.precision","bcubed.recall","bcubed.f1"
"majority-vote",0.373221993731609,0.890827949820509,0.52604975808085
