"","bcubed.precision","bcubed.recall","bcubed.f1"
"majority-vote",0.977382290043133,0.751996075448504,0.850002129078747
