"","bcubed.precision","bcubed.recall","bcubed.f1"
"majority-vote",0.953229841274736,0.702758040299882,0.809051736021917
