"","bcubed.precision","bcubed.recall","bcubed.f1"
"majority-vote",0.962439644723508,0.728132890185694,0.829049266649134
