"","bcubed.precision","bcubed.recall","bcubed.f1"
"majority-vote",0.952952949139214,0.7025983929977,0.808846205643388
