"","bcubed.precision","bcubed.recall","bcubed.f1"
"majority-vote",0.420550139003991,0.860663236586889,0.56501446313002
