"","bcubed.precision","bcubed.recall","bcubed.f1"
"majority-vote",0.932623763114528,0.299152057748022,0.452998529627003
