"","bcubed.precision","bcubed.recall","bcubed.f1"
"majority-vote",0.960220994475138,0.3728441608681,0.537127220673373
