"","bcubed.precision","bcubed.recall","bcubed.f1"
"majority-vote",0.973429661810239,0.619209904121659,0.756928686756575
