"","bcubed.precision","bcubed.recall","bcubed.f1"
"majority-vote",0.989283699943598,0.473671642777638,0.640615091440579
