"","bcubed.precision","bcubed.recall","bcubed.f1"
"majority-vote",0.895297443987557,0.908512435971907,0.901856532435487
