"","bcubed.precision","bcubed.recall","bcubed.f1"
"majority-vote",0.99628439098576,0.546833934208856,0.706105428493187
