"","bcubed.precision","bcubed.recall","bcubed.f1"
"majority-vote",0.998233022442437,0.741090361662441,0.850653625870702
