"","bcubed.precision","bcubed.recall","bcubed.f1"
"majority-vote",0.77430709961475,0.459914085161909,0.57706794494559
