"","bcubed.precision","bcubed.recall","bcubed.f1"
"majority-vote",0.849216522965799,0.624231430564281,0.719547159734737
