"","bcubed.precision","bcubed.recall","bcubed.f1"
"majority-vote",0.942602033691193,0.687086384182788,0.794813310261011
