"","bcubed.precision","bcubed.recall","bcubed.f1"
"majority-vote",0.856108999110192,0.887915963524208,0.871722438741288
