"","bcubed.precision","bcubed.recall","bcubed.f1"
"majority-vote",0.979935910854898,0.406795692190459,0.574925538991222
