"","bcubed.precision","bcubed.recall","bcubed.f1"
"majority-vote",0.989502600492151,0.3565932270079,0.524256770184798
