"","bcubed.precision","bcubed.recall","bcubed.f1"
"majority-vote",0.911946476410747,0.508061558516738,0.652566656938321
