"","bcubed.precision","bcubed.recall","bcubed.f1"
"majority-vote",0.930291513989835,0.720580454207258,0.812116135726792
