"","bcubed.precision","bcubed.recall","bcubed.f1"
"majority-vote",0.612134858615754,0.858758712198509,0.714771147698573
