"","bcubed.precision","bcubed.recall","bcubed.f1"
"majority-vote",0.958704967951963,0.300601344916128,0.45769325508705
