"","bcubed.precision","bcubed.recall","bcubed.f1"
"majority-vote",0.995429877177949,0.46691566931413,0.635666185017293
