"","bcubed.precision","bcubed.recall","bcubed.f1"
"majority-vote",0.581280200126495,0.681532278083209,0.627426836260778
