"","bcubed.precision","bcubed.recall","bcubed.f1"
"majority-vote",0.984189723320158,0.707059793809312,0.822919357305837
