"","bcubed.precision","bcubed.recall","bcubed.f1"
"majority-vote",0.431590199561552,0.961883728719621,0.595834026037615
