"","bcubed.precision","bcubed.recall","bcubed.f1"
"majority-vote",0.992931491729646,0.772665899776577,0.869059173019379
