"","bcubed.precision","bcubed.recall","bcubed.f1"
"majority-vote",0.883338281868567,0.406415931024858,0.556699480640002
