"","bcubed.precision","bcubed.recall","bcubed.f1"
"majority-vote",0.987493914705208,0.0745063308809247,0.138558439431093
