"","bcubed.precision","bcubed.recall","bcubed.f1"
"majority-vote",0.96712363357933,0.597288664369257,0.738490721580258
