"","bcubed.precision","bcubed.recall","bcubed.f1"
"majority-vote",0.970457850459752,0.451971589177005,0.616718643019093
