"","bcubed.precision","bcubed.recall","bcubed.f1"
"majority-vote",0.710440034215694,0.951997741700551,0.813669321023751
