"","bcubed.precision","bcubed.recall","bcubed.f1"
"majority-vote",0.992044212359313,0.209467026399113,0.345898639173921
