"","bcubed.precision","bcubed.recall","bcubed.f1"
"majority-vote",0.998664752096125,0.638148783800197,0.778704089376048
