"","bcubed.precision","bcubed.recall","bcubed.f1"
"majority-vote",0.998724781249359,0.434074547738416,0.605138485153022
