"","bcubed.precision","bcubed.recall","bcubed.f1"
"majority-vote",0.992465224111283,0.642143810779989,0.779764931520553
