"","bcubed.precision","bcubed.recall","bcubed.f1"
"majority-vote",0.984116946882904,0.851358572318304,0.912936609753423
