"","bcubed.precision","bcubed.recall","bcubed.f1"
"majority-vote",0.959028103032297,0.853662705511888,0.903283142649122
