"","bcubed.precision","bcubed.recall","bcubed.f1"
"majority-vote",0.978686268447757,0.863337366155413,0.917400199890684
