"","bcubed.precision","bcubed.recall","bcubed.f1"
"majority-vote",0.97672946597994,0.594985517098927,0.739497800349814
