"","bcubed.precision","bcubed.recall","bcubed.f1"
"majority-vote",0.997314467743674,0.715784803614735,0.833416431109657
