"","bcubed.precision","bcubed.recall","bcubed.f1"
"majority-vote",0.998331015299026,0.557847040713109,0.71574843300879
