"","bcubed.precision","bcubed.recall","bcubed.f1"
"majority-vote",0.44665918736228,0.907276217858738,0.598615349918787
