"","bcubed.precision","bcubed.recall","bcubed.f1"
"majority-vote",0.910695966810869,0.876733156078721,0.893391898996797
