"","bcubed.precision","bcubed.recall","bcubed.f1"
"majority-vote",0.98572501973165,0.26178835800185,0.413705117656888
