"","bcubed.precision","bcubed.recall","bcubed.f1"
"majority-vote",0.99170818720629,0.487645484512407,0.653801763148752
