"","bcubed.precision","bcubed.recall","bcubed.f1"
"majority-vote",0.998111425873466,0.770642134146591,0.869750016890428
