"","bcubed.precision","bcubed.recall","bcubed.f1"
"majority-vote",0.967645465486767,0.681669158310939,0.799864453372682
