"","bcubed.precision","bcubed.recall","bcubed.f1"
"majority-vote",0.984267014039456,0.698745417302516,0.817286970261667
