"","bcubed.precision","bcubed.recall","bcubed.f1"
"majority-vote",0.981677275708062,0.429129233831813,0.597199423657459
