"","bcubed.precision","bcubed.recall","bcubed.f1"
"majority-vote",0.987124138453382,0.986591819221968,0.986857907053343
