"","bcubed.precision","bcubed.recall","bcubed.f1"
"majority-vote",0.997379547406503,0.900093184737119,0.946242354906036
