"","bcubed.precision","bcubed.recall","bcubed.f1"
"majority-vote",0.967829952729324,0.947009294251343,0.95730642865684
