"","bcubed.precision","bcubed.recall","bcubed.f1"
"majority-vote",0.9727078891258,0.806430158474654,0.881798889338827
