"","bcubed.precision","bcubed.recall","bcubed.f1"
"majority-vote",0.74358589143003,0.920166118494216,0.822505444805306
