"","bcubed.precision","bcubed.recall","bcubed.f1"
"majority-vote",0.923283691694756,0.547509581819758,0.687393227918253
