"","bcubed.precision","bcubed.recall","bcubed.f1"
"majority-vote",0.589963544648382,0.79401241090332,0.676945830673184
