"","bcubed.precision","bcubed.recall","bcubed.f1"
"majority-vote",0.894271341767237,0.948353279564336,0.920518644945154
