"","bcubed.precision","bcubed.recall","bcubed.f1"
"majority-vote",0.956167957869335,0.713038581833874,0.816896685290205
