"","bcubed.precision","bcubed.recall","bcubed.f1"
"majority-vote",0.994222087105781,0.12043769693068,0.214849086911559
