"","bcubed.precision","bcubed.recall","bcubed.f1"
"majority-vote",0.97626049771363,0.777385260411678,0.865545983535535
