"","bcubed.precision","bcubed.recall","bcubed.f1"
"majority-vote",0.896481031884521,0.342073549716687,0.495194080884126
