"","bcubed.precision","bcubed.recall","bcubed.f1"
"majority-vote",0.911367043911746,0.627241014472993,0.743070057465554
