"","bcubed.precision","bcubed.recall","bcubed.f1"
"majority-vote",0.97708161609024,0.710968323004047,0.823049202445379
