"","bcubed.precision","bcubed.recall","bcubed.f1"
"majority-vote",0.96232265356896,0.717622823988833,0.822151325109094
