"","bcubed.precision","bcubed.recall","bcubed.f1"
"majority-vote",0.983761110556277,0.4134512759832,0.582212540255991
