"","bcubed.precision","bcubed.recall","bcubed.f1"
"majority-vote",0.705850840611969,0.73262310507917,0.718987835853256
