"","bcubed.precision","bcubed.recall","bcubed.f1"
"majority-vote",0.995842696798335,0.758650283685054,0.861213299609321
