"","bcubed.precision","bcubed.recall","bcubed.f1"
"majority-vote",0.864816470795508,0.650101999281145,0.742243134242038
