"","bcubed.precision","bcubed.recall","bcubed.f1"
"majority-vote",0.897363164982727,0.574693981518024,0.70066466016953
