"","bcubed.precision","bcubed.recall","bcubed.f1"
"majority-vote",0.785308867944998,0.636980431440733,0.703410173631877
