"","bcubed.precision","bcubed.recall","bcubed.f1"
"majority-vote",0.992088702889021,0.414453886630347,0.58466060232832
