"","bcubed.precision","bcubed.recall","bcubed.f1"
"majority-vote",0.851995666921527,0.716993572421276,0.778686560233375
