"","bcubed.precision","bcubed.recall","bcubed.f1"
"majority-vote",0.943187223110808,0.275957540113833,0.42698723532719
