"","bcubed.precision","bcubed.recall","bcubed.f1"
"majority-vote",0.997756941087823,0.300530975181751,0.461926607714375
