"","bcubed.precision","bcubed.recall","bcubed.f1"
"majority-vote",0.861482015795236,0.909682707627998,0.884926491971657
