"","bcubed.precision","bcubed.recall","bcubed.f1"
"majority-vote",0.949453641698774,0.954708082541303,0.952073612434202
