"","bcubed.precision","bcubed.recall","bcubed.f1"
"majority-vote",0.975903932594384,0.62385887011872,0.761145744481887
