"","bcubed.precision","bcubed.recall","bcubed.f1"
"majority-vote",0.846153846153846,0.870901264158324,0.858349216471959
