"","bcubed.precision","bcubed.recall","bcubed.f1"
"majority-vote",0.989488451528952,0.449833130842273,0.618492341857681
