"","bcubed.precision","bcubed.recall","bcubed.f1"
"majority-vote",0.915332540652538,0.521628779927663,0.664546483708951
