"","bcubed.precision","bcubed.recall","bcubed.f1"
"majority-vote",0.960495133762693,0.947952896961396,0.954182801846809
