"","bcubed.precision","bcubed.recall","bcubed.f1"
"majority-vote",0.92522107360817,0.918337825813877,0.921766599809615
