"","bcubed.precision","bcubed.recall","bcubed.f1"
"majority-vote",0.892863810926029,0.736483664636744,0.807169276480088
