"","bcubed.precision","bcubed.recall","bcubed.f1"
"majority-vote",0.994636650220225,0.382046309363462,0.552047599236916
