"","bcubed.precision","bcubed.recall","bcubed.f1"
"majority-vote",0.977518532969177,0.294092415304454,0.452152109504975
