"","bcubed.precision","bcubed.recall","bcubed.f1"
"majority-vote",0.993608685588353,0.671315838452534,0.80126785115826
