"","bcubed.precision","bcubed.recall","bcubed.f1"
"majority-vote",0.973702816146702,0.648760089135476,0.778692102898875
