"","bcubed.precision","bcubed.recall","bcubed.f1"
"majority-vote",0.897164447815712,0.78379005246354,0.836653900513168
