"","bcubed.precision","bcubed.recall","bcubed.f1"
"majority-vote",0.980496379509879,0.948704848482715,0.964338665830811
