"","bcubed.precision","bcubed.recall","bcubed.f1"
"majority-vote",0.966411537017326,0.796475418871252,0.873252855126957
