"","bcubed.precision","bcubed.recall","bcubed.f1"
"majority-vote",0.92768190328049,0.739002986877087,0.822662641804218
