"","bcubed.precision","bcubed.recall","bcubed.f1"
"majority-vote",0.970977270298738,0.886254709019131,0.926683567519506
