"","bcubed.precision","bcubed.recall","bcubed.f1"
"majority-vote",0.94822930568919,0.434948121233717,0.596352350725938
