"","bcubed.precision","bcubed.recall","bcubed.f1"
"majority-vote",0.97855695416671,0.70848587307236,0.821904182667894
