"","bcubed.precision","bcubed.recall","bcubed.f1"
"majority-vote",0.982714332623598,0.507690887090293,0.669502635507134
