"","bcubed.precision","bcubed.recall","bcubed.f1"
"majority-vote",0.990093362443952,0.290185866686149,0.448825684184876
