"","bcubed.precision","bcubed.recall","bcubed.f1"
"majority-vote",0.800398362623589,0.782326382480265,0.791259197168048
