"","bcubed.precision","bcubed.recall","bcubed.f1"
"majority-vote",0.968344155844156,0.863953240402839,0.913174982380355
