"","bcubed.precision","bcubed.recall","bcubed.f1"
"majority-vote",0.96002072565769,0.576750008248879,0.72059149647475
