"","bcubed.precision","bcubed.recall","bcubed.f1"
"majority-vote",0.993447993447993,0.189539142840213,0.318342060295384
