"","bcubed.precision","bcubed.recall","bcubed.f1"
"majority-vote",0.953846319844726,0.500849136013262,0.656815284958584
