"","bcubed.precision","bcubed.recall","bcubed.f1"
"majority-vote",0.981403071814031,0.824165782962177,0.895937952123513
