"","bcubed.precision","bcubed.recall","bcubed.f1"
"majority-vote",0.982784015915221,0.713732501693121,0.826923742884675
