"","bcubed.precision","bcubed.recall","bcubed.f1"
"majority-vote",0.962127459007774,0.361974042400656,0.526039982994159
