"","bcubed.precision","bcubed.recall","bcubed.f1"
"majority-vote",0.997760739929415,0.453425368545549,0.623503806411443
