"","bcubed.precision","bcubed.recall","bcubed.f1"
"majority-vote",0.606149788363881,0.839434890079886,0.703968834969876
