"","bcubed.precision","bcubed.recall","bcubed.f1"
"majority-vote",0.790812741594271,0.845992826947358,0.817472667133479
