"","bcubed.precision","bcubed.recall","bcubed.f1"
"majority-vote",0.982581618067191,0.768930922000022,0.862725641109809
