"","bcubed.precision","bcubed.recall","bcubed.f1"
"majority-vote",0.898476765362661,0.95835521885568,0.927450522636653
