"","bcubed.precision","bcubed.recall","bcubed.f1"
"majority-vote",0.974437792886746,0.778181721861728,0.865321506618709
