"","bcubed.precision","bcubed.recall","bcubed.f1"
"majority-vote",0.988979235266447,0.425367599805126,0.594874910638322
