"","bcubed.precision","bcubed.recall","bcubed.f1"
"majority-vote",0.98540195545899,0.440886865266048,0.609204493306622
