"","bcubed.precision","bcubed.recall","bcubed.f1"
"majority-vote",0.97649531110959,0.829756974757128,0.897165696675666
