"","bcubed.precision","bcubed.recall","bcubed.f1"
"majority-vote",0.990251827782291,0.883571208822439,0.933874744220892
