"","bcubed.precision","bcubed.recall","bcubed.f1"
"majority-vote",0.972998116147638,0.596859230066464,0.739867106855957
