"","bcubed.precision","bcubed.recall","bcubed.f1"
"majority-vote",0.526750230026971,0.842692350227815,0.648276014963526
