"","bcubed.precision","bcubed.recall","bcubed.f1"
"majority-vote",0.894384212482936,0.696736257665039,0.783284384572214
