"","bcubed.precision","bcubed.recall","bcubed.f1"
"majority-vote",0.924764172826524,0.902179173800535,0.913332073423378
