"","bcubed.precision","bcubed.recall","bcubed.f1"
"majority-vote",0.905091634660988,0.94721725871747,0.92567543149676
