"","bcubed.precision","bcubed.recall","bcubed.f1"
"majority-vote",0.985339346627329,0.186923429967924,0.314235023121486
