"","bcubed.precision","bcubed.recall","bcubed.f1"
"majority-vote",0.981560604877026,0.718942498766802,0.82997276799931
