"","bcubed.precision","bcubed.recall","bcubed.f1"
"majority-vote",0.920669200511756,0.589084691326721,0.718464293722796
