"","bcubed.precision","bcubed.recall","bcubed.f1"
"majority-vote",0.97768189257551,0.290502290974971,0.447914164711905
