"","bcubed.precision","bcubed.recall","bcubed.f1"
"majority-vote",0.988224061107575,0.676570763444,0.803226316681247
