"","bcubed.precision","bcubed.recall","bcubed.f1"
"majority-vote",0.904391949000788,0.963607943782755,0.93306136656327
