"","bcubed.precision","bcubed.recall","bcubed.f1"
"majority-vote",0.994304189097209,0.968044400132085,0.980998592774444
