"","bcubed.precision","bcubed.recall","bcubed.f1"
"majority-vote",0.930678554557679,0.42846456664675,0.586785567089666
