"","bcubed.precision","bcubed.recall","bcubed.f1"
"majority-vote",0.7148252410315,0.731907114460816,0.723265333108673
