"","bcubed.precision","bcubed.recall","bcubed.f1"
"majority-vote",0.997610513739546,0.62315837698344,0.767128925242684
