"","bcubed.precision","bcubed.recall","bcubed.f1"
"majority-vote",0.887792417904356,0.277706168559187,0.423072895523974
