"","bcubed.precision","bcubed.recall","bcubed.f1"
"majority-vote",0.991366692006141,0.845189155256531,0.912460547513416
