"","bcubed.precision","bcubed.recall","bcubed.f1"
"majority-vote",0.871928647459808,0.691760159293406,0.771464881572787
