"","bcubed.precision","bcubed.recall","bcubed.f1"
"majority-vote",0.961556686743341,0.909254494843152,0.934674485670376
