"","bcubed.precision","bcubed.recall","bcubed.f1"
"majority-vote",0.625536439937716,0.725490196078431,0.671815850800433
