"","bcubed.precision","bcubed.recall","bcubed.f1"
"majority-vote",0.976794472865355,0.716377462340672,0.826559348344657
