"","bcubed.precision","bcubed.recall","bcubed.f1"
"majority-vote",0.868263473053892,0.96035373608903,0.911989744040269
