"","bcubed.precision","bcubed.recall","bcubed.f1"
"majority-vote",0.878550556552231,0.285328349604165,0.430758524824032
