"","bcubed.precision","bcubed.recall","bcubed.f1"
"majority-vote",0.948881670122043,0.916598257096802,0.93246062027762
