"","bcubed.precision","bcubed.recall","bcubed.f1"
"majority-vote",0.94943924450204,0.725890375172569,0.822750103981334
