"","bcubed.precision","bcubed.recall","bcubed.f1"
"majority-vote",0.904337298050652,0.813878182915561,0.856726534050715
