"","bcubed.precision","bcubed.recall","bcubed.f1"
"majority-vote",0.9805730894048,0.853650714257458,0.912720592198989
