"","bcubed.precision","bcubed.recall","bcubed.f1"
"majority-vote",0.985145291587959,0.989380489482074,0.987258348456768
