"","bcubed.precision","bcubed.recall","bcubed.f1"
"majority-vote",0.946703220225727,0.719249973858437,0.817449456343672
