"","bcubed.precision","bcubed.recall","bcubed.f1"
"majority-vote",0.991224397692897,0.0817123044832291,0.150978579875613
