"","bcubed.precision","bcubed.recall","bcubed.f1"
"majority-vote",0.965537223928969,0.799528355500905,0.874726013378142
