"","bcubed.precision","bcubed.recall","bcubed.f1"
"majority-vote",0.909727906548165,0.423403197024273,0.577860201479821
