"","bcubed.precision","bcubed.recall","bcubed.f1"
"majority-vote",0.98572501878287,0.514182923084207,0.675832105914575
