"","bcubed.precision","bcubed.recall","bcubed.f1"
"majority-vote",0.987952393727191,0.872842869997208,0.926837271753903
