"","bcubed.precision","bcubed.recall","bcubed.f1"
"majority-vote",0.912901285051005,0.955732063514,0.933825814054317
