"","bcubed.precision","bcubed.recall","bcubed.f1"
"majority-vote",0.990026492130279,0.737853804872539,0.845538681597395
