"","bcubed.precision","bcubed.recall","bcubed.f1"
"majority-vote",0.975389027993824,0.548074582269148,0.701803351870476
