"","bcubed.precision","bcubed.recall","bcubed.f1"
"majority-vote",0.941868503126313,0.938078142102451,0.939969501538734
