"","bcubed.precision","bcubed.recall","bcubed.f1"
"majority-vote",0.989088646736163,0.992824130381902,0.990952868263329
