"","bcubed.precision","bcubed.recall","bcubed.f1"
"majority-vote",0.855660128328918,0.601811854357917,0.70662958142147
