"","bcubed.precision","bcubed.recall","bcubed.f1"
"majority-vote",0.989843535547626,0.671918047976869,0.80046830159241
