"","bcubed.precision","bcubed.recall","bcubed.f1"
"majority-vote",0.995885592939147,0.424855277598174,0.59561494825466
