"","bcubed.precision","bcubed.recall","bcubed.f1"
"majority-vote",0.595961277550318,0.944250536590459,0.73072645067062
