"","bcubed.precision","bcubed.recall","bcubed.f1"
"majority-vote",0.989127979216085,0.417163222924575,0.586831255242941
