"","bcubed.precision","bcubed.recall","bcubed.f1"
"majority-vote",0.963432148092886,0.432474692597931,0.596973966943575
