"","bcubed.precision","bcubed.recall","bcubed.f1"
"majority-vote",0.362558870864171,0.931923866111371,0.522026682902138
