"","bcubed.precision","bcubed.recall","bcubed.f1"
"majority-vote",0.99448123620309,0.758024886558155,0.860301161252789
