"","bcubed.precision","bcubed.recall","bcubed.f1"
"majority-vote",0.998710509348807,0.757220981557871,0.861359974574836
