"","bcubed.precision","bcubed.recall","bcubed.f1"
"majority-vote",0.973601373907376,0.898851741860512,0.934734529206673
