"","bcubed.precision","bcubed.recall","bcubed.f1"
"majority-vote",0.990114881111408,0.780307503984842,0.872779375184288
