"","bcubed.precision","bcubed.recall","bcubed.f1"
"majority-vote",0.983358384169705,0.659562569009684,0.789552754641098
