"","bcubed.precision","bcubed.recall","bcubed.f1"
"majority-vote",0.945903173116892,0.169308692207927,0.287209335150149
