"","bcubed.precision","bcubed.recall","bcubed.f1"
"majority-vote",0.984514795977344,0.611528081538912,0.754438935083768
