"","bcubed.precision","bcubed.recall","bcubed.f1"
"majority-vote",0.97359458728529,0.875300588539761,0.921834754498355
