"","bcubed.precision","bcubed.recall","bcubed.f1"
"majority-vote",0.995670042028187,0.414606199965812,0.585432782958083
