"","bcubed.precision","bcubed.recall","bcubed.f1"
"majority-vote",0.968554593554594,0.754522396946481,0.848245478909006
