"","bcubed.precision","bcubed.recall","bcubed.f1"
"majority-vote",0.982244710211592,0.86535327988372,0.920101327438862
