"","bcubed.precision","bcubed.recall","bcubed.f1"
"majority-vote",0.990413073082161,0.831088785180639,0.903782989845426
