"","bcubed.precision","bcubed.recall","bcubed.f1"
"majority-vote",0.994673419078825,0.858968438729371,0.921853453225322
