"","bcubed.precision","bcubed.recall","bcubed.f1"
"majority-vote",0.980759980759981,0.671089839521364,0.796898180471503
