"","bcubed.precision","bcubed.recall","bcubed.f1"
"majority-vote",0.995366418729423,0.796099028033302,0.884650317894114
