"","bcubed.precision","bcubed.recall","bcubed.f1"
"majority-vote",0.955405405405405,0.568722318377491,0.713011604833123
