"","bcubed.precision","bcubed.recall","bcubed.f1"
"majority-vote",0.997270914243728,0.691131011755211,0.816446422314428
