"","bcubed.precision","bcubed.recall","bcubed.f1"
"majority-vote",0.983328936569352,0.140736095309252,0.246231082744536
