"","bcubed.precision","bcubed.recall","bcubed.f1"
"majority-vote",0.943698073380883,0.611878952152398,0.742398452549244
