"","bcubed.precision","bcubed.recall","bcubed.f1"
"majority-vote",0.848918818926145,0.353730356495412,0.499378143836753
