"","bcubed.precision","bcubed.recall","bcubed.f1"
"majority-vote",0.865007990272637,0.962660028449502,0.911225242215611
