"","bcubed.precision","bcubed.recall","bcubed.f1"
"majority-vote",0.990733586703395,0.810280669808497,0.891466873549983
