"","bcubed.precision","bcubed.recall","bcubed.f1"
"majority-vote",0.962125203460978,0.642340643357114,0.770364945326613
