"","bcubed.precision","bcubed.recall","bcubed.f1"
"majority-vote",0.935823040077336,0.427125950802757,0.586543309325249
