"","bcubed.precision","bcubed.recall","bcubed.f1"
"majority-vote",0.947789272859322,0.613837020827256,0.745105465982585
