"","bcubed.precision","bcubed.recall","bcubed.f1"
"majority-vote",0.913064419491481,0.906195769076853,0.909617127925969
