"","bcubed.precision","bcubed.recall","bcubed.f1"
"majority-vote",0.99296836837892,0.738319728268772,0.84691639403121
