"","bcubed.precision","bcubed.recall","bcubed.f1"
"majority-vote",0.979603563333175,0.337924861727247,0.502505133688786
