"","bcubed.precision","bcubed.recall","bcubed.f1"
"majority-vote",0.981705851167136,0.980149311162183,0.980926963683606
