"","bcubed.precision","bcubed.recall","bcubed.f1"
"majority-vote",0.98931562229281,0.700094563860469,0.819948281105715
