"","bcubed.precision","bcubed.recall","bcubed.f1"
"majority-vote",0.890998386965172,0.985477002426155,0.935859243896391
