"","bcubed.precision","bcubed.recall","bcubed.f1"
"majority-vote",0.928368073207931,0.808649890361089,0.864383393101851
