"","bcubed.precision","bcubed.recall","bcubed.f1"
"majority-vote",0.947102949394478,0.815555719031567,0.876420648791923
