"","bcubed.precision","bcubed.recall","bcubed.f1"
"majority-vote",0.972331128152068,0.800685811996326,0.878200000512778
