"","bcubed.precision","bcubed.recall","bcubed.f1"
"majority-vote",0.70338209885699,0.509024418525135,0.590624775994704
