"","bcubed.precision","bcubed.recall","bcubed.f1"
"majority-vote",0.958670662670663,0.545423917538134,0.695277963690456
