"","bcubed.precision","bcubed.recall","bcubed.f1"
"majority-vote",0.977708573348694,0.770674765263257,0.861933774614418
