"","bcubed.precision","bcubed.recall","bcubed.f1"
"majority-vote",0.983643928230909,0.600736156723964,0.74592009662521
