"","bcubed.precision","bcubed.recall","bcubed.f1"
"majority-vote",0.360604337257231,0.543069611164468,0.433415741508396
