"","bcubed.precision","bcubed.recall","bcubed.f1"
"majority-vote",0.860968507441036,0.732090917682472,0.791316651178093
