"","bcubed.precision","bcubed.recall","bcubed.f1"
"majority-vote",0.994478702495086,0.572095865821914,0.726345449302933
