"","bcubed.precision","bcubed.recall","bcubed.f1"
"majority-vote",0.969241475295755,0.11477636155054,0.205247563678416
