"","bcubed.precision","bcubed.recall","bcubed.f1"
"majority-vote",0.793113763587359,0.638208701443964,0.707278922147493
