"","bcubed.precision","bcubed.recall","bcubed.f1"
"majority-vote",0.949955855547961,0.681007986682001,0.793307010091619
