"","bcubed.precision","bcubed.recall","bcubed.f1"
"majority-vote",0.978782171860331,0.10655026642229,0.192179828967664
