"","bcubed.precision","bcubed.recall","bcubed.f1"
"majority-vote",0.945861575638307,0.981499446105923,0.963351029836352
