"","bcubed.precision","bcubed.recall","bcubed.f1"
"majority-vote",0.731469433749846,0.985930217563804,0.839848566880312
