"","bcubed.precision","bcubed.recall","bcubed.f1"
"majority-vote",0.951537747536101,0.83816695645799,0.891261553961763
