"","bcubed.precision","bcubed.recall","bcubed.f1"
"majority-vote",0.986128625472888,0.895054428821357,0.938386927951742
