"","bcubed.precision","bcubed.recall","bcubed.f1"
"majority-vote",0.959591663379227,0.671335260185614,0.789989679731996
