"","bcubed.precision","bcubed.recall","bcubed.f1"
"majority-vote",0.897344018892302,0.790203206551059,0.840372477187199
