"","bcubed.precision","bcubed.recall","bcubed.f1"
"majority-vote",0.998520793418235,0.749694237781411,0.856399552424492
