"","bcubed.precision","bcubed.recall","bcubed.f1"
"majority-vote",0.990260804420096,0.453935433400098,0.622511616720514
