"","bcubed.precision","bcubed.recall","bcubed.f1"
"majority-vote",0.743084557754388,0.953370375558357,0.835194369136023
