"","bcubed.precision","bcubed.recall","bcubed.f1"
"majority-vote",0.251925979243801,0.940432185614832,0.397396195633037
