"","bcubed.precision","bcubed.recall","bcubed.f1"
"majority-vote",0.938535841382817,0.915015071101358,0.926626221972096
