"","bcubed.precision","bcubed.recall","bcubed.f1"
"majority-vote",0.938731783976336,0.881936899739281,0.909448497304005
