"","bcubed.precision","bcubed.recall","bcubed.f1"
"majority-vote",0.995596813568033,0.712813889704756,0.830801675378843
