"","bcubed.precision","bcubed.recall","bcubed.f1"
"majority-vote",0.987020200032362,0.712466196699532,0.827565939138971
