"","bcubed.precision","bcubed.recall","bcubed.f1"
"majority-vote",0.973382834079484,0.871328148920289,0.919532513033632
