"","bcubed.precision","bcubed.recall","bcubed.f1"
"majority-vote",0.715806981427085,0.78222188113435,0.747542183644719
