"","bcubed.precision","bcubed.recall","bcubed.f1"
"majority-vote",0.977143680052666,0.406767522875584,0.574415921176934
