"","bcubed.precision","bcubed.recall","bcubed.f1"
"majority-vote",0.987444859178826,0.911327102978251,0.947860281067035
