"","bcubed.precision","bcubed.recall","bcubed.f1"
"majority-vote",0.994753881235425,0.876777998100456,0.932047512759173
