"","bcubed.precision","bcubed.recall","bcubed.f1"
"majority-vote",0.98557196839574,0.275484568203995,0.430606971642288
