"","bcubed.precision","bcubed.recall","bcubed.f1"
"majority-vote",0.985539689871624,0.575804129959622,0.726909494833163
