"","bcubed.precision","bcubed.recall","bcubed.f1"
"majority-vote",0.869490190777134,0.983735637490696,0.92309148088609
