"","bcubed.precision","bcubed.recall","bcubed.f1"
"majority-vote",0.825988946853696,0.990699255940475,0.900877358926436
