"","bcubed.precision","bcubed.recall","bcubed.f1"
"majority-vote",0.766606224855397,0.862995208305978,0.811950069808546
