"","bcubed.precision","bcubed.recall","bcubed.f1"
"majority-vote",0.903600354447812,0.977976754197159,0.9393185510964
