"","bcubed.precision","bcubed.recall","bcubed.f1"
"majority-vote",0.945259203898229,0.844873725447449,0.892251800990999
