"","bcubed.precision","bcubed.recall","bcubed.f1"
"majority-vote",0.983741346269255,0.701181827687469,0.818769147235343
