"","bcubed.precision","bcubed.recall","bcubed.f1"
"majority-vote",0.925798169379438,0.491850596990187,0.642407898351
