{
      "avg_bcuded_f1": 0.8157630709864929,
      "avg_bcuded_recall": 0.7729924501017099,
      "avg_bcuded_precision": 0.9160217842180811,
      "avg_bcuded_f1star": 0.8384511023549015
}