{
      "avg_bcuded_f1": 0.6961638416349191,
      "avg_bcuded_recall": 0.5810428276069184,
      "avg_bcuded_precision": 0.9690210186560526,
      "avg_bcuded_f1star": 0.7264768016464376
}