"","bcubed.precision","bcubed.recall","bcubed.f1"
"majority-vote",0.997066352936424,0.11658329158073,0.208757355460965
