"","bcubed.precision","bcubed.recall","bcubed.f1"
"majority-vote",0.865096352274272,0.657920291263513,0.747417234702296
