"","bcubed.precision","bcubed.recall","bcubed.f1"
"majority-vote",0.946276297795032,0.120162796728944,0.213246507944492
