"","bcubed.precision","bcubed.recall","bcubed.f1"
"majority-vote",0.888519923613375,0.354966752301635,0.507275289312216
