"","bcubed.precision","bcubed.recall","bcubed.f1"
"majority-vote",0.935741513893171,0.443214120137073,0.601518774819116
