"","bcubed.precision","bcubed.recall","bcubed.f1"
"majority-vote",0.971165637098116,0.0803697212587258,0.14845399335234
