"","bcubed.precision","bcubed.recall","bcubed.f1"
"majority-vote",0.862888368431226,0.208638139858862,0.336027942757345
