"","bcubed.precision","bcubed.recall","bcubed.f1"
"majority-vote",0.847075669688654,0.376576587074478,0.521371758883503
