"","bcubed.precision","bcubed.recall","bcubed.f1"
"majority-vote",0.969325485641907,0.249820381773425,0.397257242727091
