"","bcubed.precision","bcubed.recall","bcubed.f1"
"majority-vote",0.841603701046706,0.974316695964032,0.903110663512283
