"","bcubed.precision","bcubed.recall","bcubed.f1"
"majority-vote",0.95537520289022,0.192886720106944,0.320970652542409
