"","bcubed.precision","bcubed.recall","bcubed.f1"
"majority-vote",0.865027604148517,0.509460218903658,0.641252901882539
