"","bcubed.precision","bcubed.recall","bcubed.f1"
"majority-vote",0.900376863837457,0.242563568534221,0.382169742065861
