"","bcubed.precision","bcubed.recall","bcubed.f1"
"majority-vote",0.982423363903318,0.750494819031281,0.850938782875647
