"","bcubed.precision","bcubed.recall","bcubed.f1"
"majority-vote",0.979446717552682,0.471541282781715,0.636600111792369
