"","bcubed.precision","bcubed.recall","bcubed.f1"
"majority-vote",0.919728782424706,0.917433910037966,0.918579912923526
