"","bcubed.precision","bcubed.recall","bcubed.f1"
"majority-vote",0.96235506166503,0.580086456310713,0.723851285028395
