"","bcubed.precision","bcubed.recall","bcubed.f1"
"majority-vote",0.956279326784272,0.844671988065525,0.897017430111041
