"","bcubed.precision","bcubed.recall","bcubed.f1"
"majority-vote",0.971369202099077,0.188430952787093,0.315633729636002
