"","bcubed.precision","bcubed.recall","bcubed.f1"
"majority-vote",0.946974968375495,0.405927135412691,0.568264082292197
