"","bcubed.precision","bcubed.recall","bcubed.f1"
"majority-vote",0.866223814531677,0.527965451771033,0.656060491394927
