"","bcubed.precision","bcubed.recall","bcubed.f1"
"majority-vote",0.858699971657158,0.0712551487224079,0.131590853897088
