"","bcubed.precision","bcubed.recall","bcubed.f1"
"majority-vote",0.973647232452341,0.596238344964772,0.739577231369992
