"","bcubed.precision","bcubed.recall","bcubed.f1"
"majority-vote",0.979896697581843,0.249244372855532,0.39740554396264
