"","bcubed.precision","bcubed.recall","bcubed.f1"
"majority-vote",0.925795865413833,0.368676421642708,0.527348650481349
