"","bcubed.precision","bcubed.recall","bcubed.f1"
"majority-vote",0.979831867550344,0.611700445359145,0.753190601153335
