"","bcubed.precision","bcubed.recall","bcubed.f1"
"majority-vote",0.906050892448452,0.586589668815951,0.71213406190908
