"","bcubed.precision","bcubed.recall","bcubed.f1"
"majority-vote",0.844000301945208,0.544581392746079,0.662009101327838
