"","bcubed.precision","bcubed.recall","bcubed.f1"
"majority-vote",0.828420043595569,0.120637594883376,0.210605968616875
