"","bcubed.precision","bcubed.recall","bcubed.f1"
"majority-vote",0.953947779065065,0.894996639173978,0.923532419675292
