"","bcubed.precision","bcubed.recall","bcubed.f1"
"majority-vote",0.93936743662666,0.352015744271667,0.512120851873997
