"","bcubed.precision","bcubed.recall","bcubed.f1"
"majority-vote",0.843030061637736,0.945056481901799,0.891132509293111
