"","bcubed.precision","bcubed.recall","bcubed.f1"
"majority-vote",0.938495946323735,0.140535756332275,0.244464064043218
