"","bcubed.precision","bcubed.recall","bcubed.f1"
"majority-vote",0.970141110365467,0.609255122140394,0.748467583402237
