"","bcubed.precision","bcubed.recall","bcubed.f1"
"majority-vote",0.758578878103951,0.722295082711719,0.739992474716297
