"","bcubed.precision","bcubed.recall","bcubed.f1"
"majority-vote",0.971819145105228,0.52647779844436,0.682963689145571
