"","bcubed.precision","bcubed.recall","bcubed.f1"
"majority-vote",0.955166919337538,0.566604597266643,0.711278876951716
