"","bcubed.precision","bcubed.recall","bcubed.f1"
"majority-vote",0.995290203672337,0.436350081050832,0.606709612289935
