"","bcubed.precision","bcubed.recall","bcubed.f1"
"majority-vote",0.986728880690142,0.212966832176625,0.350323038890619
