"","bcubed.precision","bcubed.recall","bcubed.f1"
"majority-vote",0.819675433763485,0.718597729818299,0.76581574694936
