"","bcubed.precision","bcubed.recall","bcubed.f1"
"majority-vote",0.318402771217524,0.0846526263287849,0.133746532005342
