"","bcubed.precision","bcubed.recall","bcubed.f1"
"majority-vote",0.980750165541703,0.102752238532129,0.186015784683573
