"","bcubed.precision","bcubed.recall","bcubed.f1"
"majority-vote",0.839865634554362,0.230308051483318,0.361488644928623
