"","bcubed.precision","bcubed.recall","bcubed.f1"
"majority-vote",0.940094282276186,0.245773866244838,0.389673348892696
