"","bcubed.precision","bcubed.recall","bcubed.f1"
"majority-vote",0.902889177299968,0.334590238373125,0.488247159881837
