"","bcubed.precision","bcubed.recall","bcubed.f1"
"majority-vote",0.958723573293225,0.538105973955792,0.68931680712674
