"","bcubed.precision","bcubed.recall","bcubed.f1"
"majority-vote",0.970545491420873,0.916489256616482,0.942743123167105
