"","bcubed.precision","bcubed.recall","bcubed.f1"
"majority-vote",0.909178790307051,0.525033056352014,0.665660265123735
