"","bcubed.precision","bcubed.recall","bcubed.f1"
"majority-vote",0.995662219776303,0.378958548806809,0.548972805491817
