"","bcubed.precision","bcubed.recall","bcubed.f1"
"majority-vote",0.957783653026934,0.731418014816123,0.829433490928072
