"","bcubed.precision","bcubed.recall","bcubed.f1"
"majority-vote",0.964670294530361,0.742277153716552,0.838986251433004
