"","bcubed.precision","bcubed.recall","bcubed.f1"
"majority-vote",0.822522728214633,0.269928337769625,0.406466156183718
