"","bcubed.precision","bcubed.recall","bcubed.f1"
"majority-vote",0.925226928385387,0.363197394779295,0.521629410323186
