"","bcubed.precision","bcubed.recall","bcubed.f1"
"majority-vote",0.98272766311882,0.360298489539061,0.527279817968159
