"","bcubed.precision","bcubed.recall","bcubed.f1"
"majority-vote",0.947536448628359,0.418631222882999,0.580702281992487
