"","bcubed.precision","bcubed.recall","bcubed.f1"
"majority-vote",0.995638563581249,0.434367062981948,0.604854401438594
