"","bcubed.precision","bcubed.recall","bcubed.f1"
"majority-vote",0.999801109710734,0.221249938285039,0.362320533910354
