"","bcubed.precision","bcubed.recall","bcubed.f1"
"majority-vote",0.87005285605063,0.903700549171411,0.886557558120862
