"","bcubed.precision","bcubed.recall","bcubed.f1"
"majority-vote",0.983446723009943,0.398336825652034,0.567010724973549
