"","bcubed.precision","bcubed.recall","bcubed.f1"
"majority-vote",0.914430527297756,0.417682619061502,0.573437382005253
