"","bcubed.precision","bcubed.recall","bcubed.f1"
"majority-vote",0.335528963253203,0.74669385290136,0.463005234396669
