"","bcubed.precision","bcubed.recall","bcubed.f1"
"majority-vote",0.992271869302617,0.449281424625507,0.618512435071058
