"","bcubed.precision","bcubed.recall","bcubed.f1"
"majority-vote",0.647127651768724,0.0997035403113454,0.172785814515877
