"","bcubed.precision","bcubed.recall","bcubed.f1"
"majority-vote",0.999201818666194,0.834619453308022,0.909525141173393
