"","bcubed.precision","bcubed.recall","bcubed.f1"
"majority-vote",0.906780483694356,0.615486594948926,0.733263223129801
