"","bcubed.precision","bcubed.recall","bcubed.f1"
"majority-vote",0.916100838216113,0.454741521499476,0.607785550344054
