"","bcubed.precision","bcubed.recall","bcubed.f1"
"majority-vote",0.995764816824526,0.0608415026079552,0.114676254694899
