"","bcubed.precision","bcubed.recall","bcubed.f1"
"majority-vote",0.608606366793828,0.410859689160037,0.490554484323208
