"","bcubed.precision","bcubed.recall","bcubed.f1"
"majority-vote",0.992849523960021,0.429391053082379,0.599505751034162
