"","bcubed.precision","bcubed.recall","bcubed.f1"
"majority-vote",0.990631389057287,0.274335031910276,0.429679221872911
