"","bcubed.precision","bcubed.recall","bcubed.f1"
"majority-vote",0.964486731671101,0.956690307053002,0.960572699831732
