"","bcubed.precision","bcubed.recall","bcubed.f1"
"majority-vote",0.991615891738636,0.123574324615969,0.219762085970631
