"","bcubed.precision","bcubed.recall","bcubed.f1"
"majority-vote",0.517964893217612,0.466858349146215,0.491085556394565
