"","bcubed.precision","bcubed.recall","bcubed.f1"
"majority-vote",0.958451803602411,0.0639766053950327,0.119946770433258
