"","bcubed.precision","bcubed.recall","bcubed.f1"
"majority-vote",0.987795147747887,0.124448569648381,0.221048123392616
