"","bcubed.precision","bcubed.recall","bcubed.f1"
"majority-vote",0.895424946700781,0.462352294401792,0.609822828132723
