"","bcubed.precision","bcubed.recall","bcubed.f1"
"majority-vote",0.986832811007191,0.170138897261288,0.290238119127904
