"","bcubed.precision","bcubed.recall","bcubed.f1"
"majority-vote",0.965603466114933,0.982693553792639,0.974073554468599
