"","bcubed.precision","bcubed.recall","bcubed.f1"
"majority-vote",0.974357494639669,0.568589370505206,0.718118461548163
