"","bcubed.precision","bcubed.recall","bcubed.f1"
"majority-vote",0.968663004112197,0.548108295139179,0.700082112590581
