"","bcubed.precision","bcubed.recall","bcubed.f1"
"majority-vote",0.986929056204293,0.443247852715273,0.611748353950618
