"","bcubed.precision","bcubed.recall","bcubed.f1"
"majority-vote",0.886639361031678,0.762348180807564,0.819809594390224
