"","bcubed.precision","bcubed.recall","bcubed.f1"
"majority-vote",0.966821442510122,0.318542896592496,0.479201255886596
