"","bcubed.precision","bcubed.recall","bcubed.f1"
"majority-vote",0.973835095902688,0.390666068108652,0.557631371722822
