"","bcubed.precision","bcubed.recall","bcubed.f1"
"majority-vote",0.970936147646052,0.175048631701311,0.296620072408947
