"","bcubed.precision","bcubed.recall","bcubed.f1"
"majority-vote",0.973348983794625,0.0484627331223289,0.0923284618008793
