"","bcubed.precision","bcubed.recall","bcubed.f1"
"majority-vote",0.981532912423623,0.0500068070485938,0.0951651711259858
