"","bcubed.precision","bcubed.recall","bcubed.f1"
"majority-vote",0.979310638130177,0.362670148854879,0.529317168100102
