"","bcubed.precision","bcubed.recall","bcubed.f1"
"majority-vote",0.906069709571169,0.151125028753264,0.259043685988122
