"","bcubed.precision","bcubed.recall","bcubed.f1"
"majority-vote",0.951030283410622,0.537494177040974,0.686818729693907
