"","bcubed.precision","bcubed.recall","bcubed.f1"
"majority-vote",0.708958496188651,0.814085041220039,0.757893641799634
