"","bcubed.precision","bcubed.recall","bcubed.f1"
"majority-vote",0.912171880747923,0.267666444395209,0.413883493685404
