"","bcubed.precision","bcubed.recall","bcubed.f1"
"majority-vote",0.967735400242681,0.148247783668283,0.257108942736116
