"","bcubed.precision","bcubed.recall","bcubed.f1"
"majority-vote",0.989173065760396,0.358918367064167,0.526718548700665
