"","bcubed.precision","bcubed.recall","bcubed.f1"
"majority-vote",0.886890478744649,0.268402440730775,0.412092145884588
