"","bcubed.precision","bcubed.recall","bcubed.f1"
"majority-vote",0.990769230769231,0.0996718074153659,0.181122603614967
