"","bcubed.precision","bcubed.recall","bcubed.f1"
"majority-vote",0.636656865823867,0.768496350279525,0.696391642077048
