"","bcubed.precision","bcubed.recall","bcubed.f1"
"majority-vote",0.986742260929551,0.202017057247366,0.335372795428947
