"","bcubed.precision","bcubed.recall","bcubed.f1"
"majority-vote",0.903055028892481,0.326700193567151,0.479816222533907
