"","bcubed.precision","bcubed.recall","bcubed.f1"
"majority-vote",0.947000266442455,0.840254268915688,0.89043949901978
