"","bcubed.precision","bcubed.recall","bcubed.f1"
"majority-vote",0.82034561104836,0.672385387074875,0.739032554309412
