"","bcubed.precision","bcubed.recall","bcubed.f1"
"majority-vote",0.784483058530862,0.313997411215603,0.448484349618054
