"","bcubed.precision","bcubed.recall","bcubed.f1"
"majority-vote",0.997190438272017,0.175356813169491,0.298263694130014
