"","bcubed.precision","bcubed.recall","bcubed.f1"
"majority-vote",0.914883134648613,0.874866474766741,0.894427442389597
