"","bcubed.precision","bcubed.recall","bcubed.f1"
"majority-vote",0.834415143404381,0.49257025549447,0.619461345567495
