"","bcubed.precision","bcubed.recall","bcubed.f1"
"majority-vote",0.950369055588747,0.107416616438169,0.193017226492142
