"","bcubed.precision","bcubed.recall","bcubed.f1"
"majority-vote",0.979556449163224,0.126982107118916,0.224820258183492
