"","bcubed.precision","bcubed.recall","bcubed.f1"
"majority-vote",0.918443864872911,0.394567767082554,0.55199563527685
