"","bcubed.precision","bcubed.recall","bcubed.f1"
"majority-vote",0.955048997617584,0.753929957103621,0.842655256598108
