"","bcubed.precision","bcubed.recall","bcubed.f1"
"majority-vote",0.974016616598967,0.957418790381022,0.965646386625303
