"","bcubed.precision","bcubed.recall","bcubed.f1"
"majority-vote",0.990985830435264,0.244557939205787,0.392302496161333
