"","bcubed.precision","bcubed.recall","bcubed.f1"
"majority-vote",0.952573177778612,0.221489148794293,0.359409577388152
