"","bcubed.precision","bcubed.recall","bcubed.f1"
"majority-vote",0.906115230134521,0.596137583132942,0.719145723757977
