"","bcubed.precision","bcubed.recall","bcubed.f1"
"majority-vote",0.828522691565292,0.248280896398879,0.382068482772343
