"","bcubed.precision","bcubed.recall","bcubed.f1"
"majority-vote",0.967774987414308,0.365632206917621,0.530745155646552
