"","bcubed.precision","bcubed.recall","bcubed.f1"
"majority-vote",0.877830662674156,0.676284036396858,0.763988480619963
