"","bcubed.precision","bcubed.recall","bcubed.f1"
"majority-vote",0.991139539187204,0.267746025995069,0.421600946366454
