"","bcubed.precision","bcubed.recall","bcubed.f1"
"majority-vote",0.979920321877435,0.928974667213748,0.953767661515502
