"","bcubed.precision","bcubed.recall","bcubed.f1"
"majority-vote",0.9709911402157,0.554593055632041,0.705965550652059
