"","bcubed.precision","bcubed.recall","bcubed.f1"
"majority-vote",0.925346273579681,0.460669508039895,0.615113937762512
