"","bcubed.precision","bcubed.recall","bcubed.f1"
"majority-vote",0.949034182285707,0.60641003308037,0.739986486418391
