"","bcubed.precision","bcubed.recall","bcubed.f1"
"majority-vote",0.630111844537787,0.512959448206788,0.56553222206568
