"","bcubed.precision","bcubed.recall","bcubed.f1"
"majority-vote",0.95085101673015,0.850520522292387,0.897891729554473
