"","bcubed.precision","bcubed.recall","bcubed.f1"
"majority-vote",0.984045582060169,0.223107254773674,0.363744675382519
