"","bcubed.precision","bcubed.recall","bcubed.f1"
"majority-vote",0.94749218851712,0.254756079917326,0.401546672241385
