"","bcubed.precision","bcubed.recall","bcubed.f1"
"majority-vote",0.993658197320677,0.741859581180579,0.849492714200315
