"","bcubed.precision","bcubed.recall","bcubed.f1"
"majority-vote",0.979726785799026,0.441449463099468,0.608650565206622
