"","bcubed.precision","bcubed.recall","bcubed.f1"
"majority-vote",0.997725670271454,0.227632900978001,0.370691802437111
