"","bcubed.precision","bcubed.recall","bcubed.f1"
"majority-vote",0.995664943035314,0.578419386112108,0.731742123925174
