"","bcubed.precision","bcubed.recall","bcubed.f1"
"majority-vote",0.847386291762084,0.8356400539086,0.841472182953019
