"","bcubed.precision","bcubed.recall","bcubed.f1"
"majority-vote",0.981703921724604,0.0904269109438449,0.165600037603744
