"","bcubed.precision","bcubed.recall","bcubed.f1"
"majority-vote",0.4404191553853,0.916978471278117,0.595042861272001
