"","bcubed.precision","bcubed.recall","bcubed.f1"
"majority-vote",0.686991754284183,0.639087427507536,0.662174324117136
