"","bcubed.precision","bcubed.recall","bcubed.f1"
"majority-vote",0.502290392238229,0.9489508367108,0.656884435858327
