"","bcubed.precision","bcubed.recall","bcubed.f1"
"majority-vote",0.946073775937064,0.572870903416343,0.713624592240303
