"","bcubed.precision","bcubed.recall","bcubed.f1"
"majority-vote",0.865037967101619,0.888268993567101,0.876499576710309
