"","bcubed.precision","bcubed.recall","bcubed.f1"
"majority-vote",0.912012452868739,0.800849773781745,0.852823951864871
