"","bcubed.precision","bcubed.recall","bcubed.f1"
"majority-vote",0.94922565035587,0.755759503431796,0.8415161909932
