"","bcubed.precision","bcubed.recall","bcubed.f1"
"majority-vote",0.99735640156522,0.49653866795173,0.662999737011591
