"","bcubed.precision","bcubed.recall","bcubed.f1"
"majority-vote",0.884013882093311,0.119846988370681,0.211077858623553
