"","bcubed.precision","bcubed.recall","bcubed.f1"
"majority-vote",0.977561987729062,0.205430022293594,0.339512996252114
