"","bcubed.precision","bcubed.recall","bcubed.f1"
"majority-vote",0.99947309712339,0.879158363817569,0.935463022967327
