"","bcubed.precision","bcubed.recall","bcubed.f1"
"majority-vote",0.356754761855945,0.204322429268452,0.259832339466224
