"","bcubed.precision","bcubed.recall","bcubed.f1"
"majority-vote",0.848394646731307,0.953946914152139,0.898080000813854
