"","bcubed.precision","bcubed.recall","bcubed.f1"
"majority-vote",0.966290256820462,0.711367959640135,0.819461224783575
