"","bcubed.precision","bcubed.recall","bcubed.f1"
"majority-vote",0.752687863905568,0.620949198390438,0.680501332643364
