"","bcubed.precision","bcubed.recall","bcubed.f1"
"majority-vote",0.925727687679056,0.322114178064544,0.477929169415446
