"","bcubed.precision","bcubed.recall","bcubed.f1"
"majority-vote",0.780627752160956,0.212130346020657,0.333605609428003
