"","bcubed.precision","bcubed.recall","bcubed.f1"
"majority-vote",0.918526824929904,0.341176486291943,0.497545337704188
