"","bcubed.precision","bcubed.recall","bcubed.f1"
"majority-vote",0.966230150765378,0.0426786455801052,0.0817465251620349
