"","bcubed.precision","bcubed.recall","bcubed.f1"
"majority-vote",0.882192455210284,0.871852480527226,0.876991991147701
