"","bcubed.precision","bcubed.recall","bcubed.f1"
"majority-vote",0.963470387171717,0.760768299370417,0.850204479998452
