"","bcubed.precision","bcubed.recall","bcubed.f1"
"majority-vote",0.826789905443304,0.8054862667837,0.815999063983589
