"","bcubed.precision","bcubed.recall","bcubed.f1"
"majority-vote",0.901334563461359,0.246052485303678,0.386575061429316
