"","bcubed.precision","bcubed.recall","bcubed.f1"
"majority-vote",0.946670427239736,0.588543715267748,0.725836109706193
