"","bcubed.precision","bcubed.recall","bcubed.f1"
"majority-vote",0.985494778078785,0.426954823402081,0.595790106064185
