"","bcubed.precision","bcubed.recall","bcubed.f1"
"majority-vote",0.942635905101409,0.68221320211755,0.791554928261468
