"","bcubed.precision","bcubed.recall","bcubed.f1"
"majority-vote",0.8520921262548,0.664221295257035,0.746518137674964
