"","bcubed.precision","bcubed.recall","bcubed.f1"
"majority-vote",0.854739011498376,0.741690788095461,0.794212249377274
