"","bcubed.precision","bcubed.recall","bcubed.f1"
"majority-vote",0.999516566019144,0.512510978400298,0.677584499129566
