"","bcubed.precision","bcubed.recall","bcubed.f1"
"majority-vote",0.919981875839954,0.536502588112363,0.677758904568392
