"","bcubed.precision","bcubed.recall","bcubed.f1"
"majority-vote",0.992918918488208,0.550681190315805,0.70845003029161
