"","bcubed.precision","bcubed.recall","bcubed.f1"
"majority-vote",0.681529327108888,0.928640777895361,0.786123059318915
