"","bcubed.precision","bcubed.recall","bcubed.f1"
"majority-vote",0.932325777514479,0.445129152086461,0.602568365606853
