"","bcubed.precision","bcubed.recall","bcubed.f1"
"majority-vote",0.874439749419384,0.473803433930987,0.614596181396732
