"","bcubed.precision","bcubed.recall","bcubed.f1"
"majority-vote",0.980742572396997,0.249200585574709,0.397419379514123
