"","bcubed.precision","bcubed.recall","bcubed.f1"
"majority-vote",0.98256676280989,0.105887739922244,0.191173399669898
