"","bcubed.precision","bcubed.recall","bcubed.f1"
"majority-vote",0.959970545312827,0.751790544604631,0.843221385643175
