"","bcubed.precision","bcubed.recall","bcubed.f1"
"majority-vote",0.961423660456215,0.293403984436447,0.449600443307825
