"","bcubed.precision","bcubed.recall","bcubed.f1"
"majority-vote",0.92219807435693,0.718481525117576,0.807692469799317
