"","bcubed.precision","bcubed.recall","bcubed.f1"
"majority-vote",0.91459932456014,0.477310126236902,0.627264250288707
