"","bcubed.precision","bcubed.recall","bcubed.f1"
"majority-vote",0.992367794039561,0.137926215192424,0.242191027808304
