"","bcubed.precision","bcubed.recall","bcubed.f1"
"majority-vote",0.977612724286153,0.191970168488499,0.320922066417182
