"","bcubed.precision","bcubed.recall","bcubed.f1"
"majority-vote",0.980905997163546,0.682671772950473,0.805056244693019
