"","bcubed.precision","bcubed.recall","bcubed.f1"
"majority-vote",0.969534073278262,0.310754441651403,0.470654881443108
