"","bcubed.precision","bcubed.recall","bcubed.f1"
"majority-vote",0.898176837593732,0.271851219622932,0.417375407762054
