"","bcubed.precision","bcubed.recall","bcubed.f1"
"majority-vote",0.993967592876058,0.77428014948212,0.87047686583339
