"","bcubed.precision","bcubed.recall","bcubed.f1"
"majority-vote",0.910616660298674,0.680347352528079,0.778817910408169
