"","bcubed.precision","bcubed.recall","bcubed.f1"
"majority-vote",0.977765967709844,0.334044670624024,0.497964418166104
