"","bcubed.precision","bcubed.recall","bcubed.f1"
"majority-vote",0.752006563982025,0.905072918989788,0.821470283057351
