"","bcubed.precision","bcubed.recall","bcubed.f1"
"majority-vote",0.890513516658522,0.199085886165107,0.325419915147778
