"","bcubed.precision","bcubed.recall","bcubed.f1"
"majority-vote",0.694014711629179,0.946446811493392,0.800808798856375
