"","bcubed.precision","bcubed.recall","bcubed.f1"
"majority-vote",0.912821575787429,0.865671386044693,0.888621474115223
