"","bcubed.precision","bcubed.recall","bcubed.f1"
"majority-vote",0.922844872505357,0.887212807345492,0.904678120696504
