"","bcubed.precision","bcubed.recall","bcubed.f1"
"majority-vote",0.92209437325874,0.493658447315151,0.643049648167294
