"","bcubed.precision","bcubed.recall","bcubed.f1"
"majority-vote",0.776263029459762,0.806741606854102,0.791208906609463
