"","bcubed.precision","bcubed.recall","bcubed.f1"
"majority-vote",0.959524071587059,0.182204453893222,0.306254167359754
