"","bcubed.precision","bcubed.recall","bcubed.f1"
"majority-vote",0.980740500016846,0.993729514037338,0.987192283034318
