"","bcubed.precision","bcubed.recall","bcubed.f1"
"majority-vote",0.91629462873975,0.494192279136509,0.642084273748061
