"","bcubed.precision","bcubed.recall","bcubed.f1"
"majority-vote",0.99548495730826,0.210662068667897,0.347736910870561
