"","bcubed.precision","bcubed.recall","bcubed.f1"
"majority-vote",0.47883833663022,0.198196759272968,0.280352398598075
