"","bcubed.precision","bcubed.recall","bcubed.f1"
"majority-vote",0.861692622260884,0.375860545075674,0.523413889986972
