"","bcubed.precision","bcubed.recall","bcubed.f1"
"majority-vote",0.952902606261457,0.173851073863815,0.294053872302887
