"","bcubed.precision","bcubed.recall","bcubed.f1"
"majority-vote",0.990352326635041,0.0533577500621694,0.10125986727138
