"","bcubed.precision","bcubed.recall","bcubed.f1"
"majority-vote",0.932539424501618,0.863518401311268,0.896702702365285
