"","bcubed.precision","bcubed.recall","bcubed.f1"
"majority-vote",0.603742427656905,0.732822155632757,0.662049305830816
