"","bcubed.precision","bcubed.recall","bcubed.f1"
"majority-vote",0.986642859374512,0.92066351795696,0.952511978856543
