"","bcubed.precision","bcubed.recall","bcubed.f1"
"majority-vote",0.994905326578008,0.449090746519753,0.61884209265318
