"","bcubed.precision","bcubed.recall","bcubed.f1"
"majority-vote",0.999757480449602,0.379146801153258,0.549791389727049
