"","bcubed.precision","bcubed.recall","bcubed.f1"
"majority-vote",0.999769530714704,0.882842528463597,0.937674924660024
