"","bcubed.precision","bcubed.recall","bcubed.f1"
"majority-vote",0.928581230723549,0.0863811853357548,0.158058950994196
