"","bcubed.precision","bcubed.recall","bcubed.f1"
"majority-vote",0.946665151772146,0.13691885433452,0.239236288628457
