"","bcubed.precision","bcubed.recall","bcubed.f1"
"majority-vote",0.979834046614674,0.200120237298452,0.332359693243959
