"","bcubed.precision","bcubed.recall","bcubed.f1"
"majority-vote",0.830054233553942,0.745669065108847,0.785602097587903
