"","bcubed.precision","bcubed.recall","bcubed.f1"
"majority-vote",0.884440351989611,0.904144246967778,0.89418376575948
