"","bcubed.precision","bcubed.recall","bcubed.f1"
"majority-vote",0.927398883732974,0.243682375892456,0.385952318048956
