"","bcubed.precision","bcubed.recall","bcubed.f1"
"majority-vote",0.944620471139275,0.647504058194049,0.76833887958748
