"","bcubed.precision","bcubed.recall","bcubed.f1"
"majority-vote",0.923892014207211,0.408240809833293,0.566265491356132
