"","bcubed.precision","bcubed.recall","bcubed.f1"
"majority-vote",0.991007998410254,0.220011705625716,0.360082266691989
