"","bcubed.precision","bcubed.recall","bcubed.f1"
"majority-vote",0.779339746517489,0.864575787524694,0.819748048049486
