"","bcubed.precision","bcubed.recall","bcubed.f1"
"majority-vote",0.985509570097204,0.270251241335807,0.424181392255996
