"","bcubed.precision","bcubed.recall","bcubed.f1"
"majority-vote",0.834015273076799,0.714657153499271,0.769736673558196
