"","bcubed.precision","bcubed.recall","bcubed.f1"
"majority-vote",0.834984360816974,0.822514885477026,0.828702718807345
