"","bcubed.precision","bcubed.recall","bcubed.f1"
"majority-vote",0.959598732726211,0.416500323567421,0.580878507033976
