"","bcubed.precision","bcubed.recall","bcubed.f1"
"majority-vote",0.931793150010859,0.943151990356299,0.937438162975812
