"","bcubed.precision","bcubed.recall","bcubed.f1"
"majority-vote",0.86186624583968,0.853719963965142,0.857773764018228
