"","bcubed.precision","bcubed.recall","bcubed.f1"
"majority-vote",0.970735646243505,0.0808613858431668,0.149287278772279
