"","bcubed.precision","bcubed.recall","bcubed.f1"
"majority-vote",0.922223409085062,0.864672912922581,0.89252139777538
