"","bcubed.precision","bcubed.recall","bcubed.f1"
"majority-vote",0.976135093560774,0.302011019880943,0.461298676336838
