"","bcubed.precision","bcubed.recall","bcubed.f1"
"majority-vote",0.980186974027673,0.135295638116814,0.237771563054513
