"","bcubed.precision","bcubed.recall","bcubed.f1"
"majority-vote",0.999773446732428,0.581351516442315,0.735197815344873
