"","bcubed.precision","bcubed.recall","bcubed.f1"
"majority-vote",0.97235774998804,0.614681298738954,0.753214138090627
