"","bcubed.precision","bcubed.recall","bcubed.f1"
"majority-vote",0.99513785690583,0.503604053893033,0.668768191920481
