"","bcubed.precision","bcubed.recall","bcubed.f1"
"majority-vote",0.874025465713488,0.41438526015706,0.562217098509267
