"","bcubed.precision","bcubed.recall","bcubed.f1"
"majority-vote",0.97909229159701,0.521899163306268,0.680866564716084
