"","bcubed.precision","bcubed.recall","bcubed.f1"
"majority-vote",0.922558583729402,0.453457946153284,0.608047231263542
