"","bcubed.precision","bcubed.recall","bcubed.f1"
"majority-vote",0.846873311387903,0.945421294508438,0.893438009245792
