"","bcubed.precision","bcubed.recall","bcubed.f1"
"majority-vote",0.993841920512599,0.590794014628399,0.741060889892533
