"","bcubed.precision","bcubed.recall","bcubed.f1"
"majority-vote",0.949923613436432,0.651761785732554,0.773090534413404
