"","bcubed.precision","bcubed.recall","bcubed.f1"
"majority-vote",0.981672510497251,0.161718215200723,0.277690421552647
