"","bcubed.precision","bcubed.recall","bcubed.f1"
"majority-vote",0.966885243039562,0.867629766317689,0.914572421806848
