"","bcubed.precision","bcubed.recall","bcubed.f1"
"majority-vote",0.889891806383785,0.365110802260242,0.517782368125353
