"","bcubed.precision","bcubed.recall","bcubed.f1"
"majority-vote",0.988415003443269,0.24812075739442,0.396666699082299
