"","bcubed.precision","bcubed.recall","bcubed.f1"
"majority-vote",0.99229777995205,0.839344382944137,0.909434806298348
