"","bcubed.precision","bcubed.recall","bcubed.f1"
"majority-vote",0.942853578971244,0.584533555753864,0.721663214965481
