"","bcubed.precision","bcubed.recall","bcubed.f1"
"majority-vote",0.997462222706345,0.212927217157528,0.350939703050467
