"","bcubed.precision","bcubed.recall","bcubed.f1"
"majority-vote",0.951926647520931,0.212299163175975,0.347171878198839
