"","bcubed.precision","bcubed.recall","bcubed.f1"
"majority-vote",0.958152238350191,0.191553883551353,0.319277733314737
