"","bcubed.precision","bcubed.recall","bcubed.f1"
"majority-vote",0.957363665547486,0.0638937710988001,0.119792664826362
