"","bcubed.precision","bcubed.recall","bcubed.f1"
"majority-vote",0.984345834260461,0.763105093808172,0.85972007353961
