"","bcubed.precision","bcubed.recall","bcubed.f1"
"majority-vote",0.891735134300266,0.20119913622142,0.328320455490641
