"","bcubed.precision","bcubed.recall","bcubed.f1"
"majority-vote",0.982581060529983,0.0783056140378169,0.145051521771777
