"","bcubed.precision","bcubed.recall","bcubed.f1"
"majority-vote",0.84326454296915,0.712991116253245,0.772675266079064
