"","bcubed.precision","bcubed.recall","bcubed.f1"
"majority-vote",0.957871089796823,0.658242438544025,0.78028107667162
