"","bcubed.precision","bcubed.recall","bcubed.f1"
"majority-vote",0.454575387389982,0.937939907477188,0.612365836643305
