"","bcubed.precision","bcubed.recall","bcubed.f1"
"majority-vote",0.754072532883493,0.34912816700497,0.477280264998066
