"","bcubed.precision","bcubed.recall","bcubed.f1"
"majority-vote",0.994804193647857,0.634255868245384,0.774631227338529
