"","bcubed.precision","bcubed.recall","bcubed.f1"
"majority-vote",0.983250382154126,0.0188190872572016,0.0369313212352543
