"","bcubed.precision","bcubed.recall","bcubed.f1"
"majority-vote",0.903512750738029,0.874380730981882,0.88870806666946
