"","bcubed.precision","bcubed.recall","bcubed.f1"
"majority-vote",0.972153527759179,0.260705523811744,0.411151289933668
