"","bcubed.precision","bcubed.recall","bcubed.f1"
"majority-vote",0.960958524962897,0.122369529415447,0.217094059388965
