"","bcubed.precision","bcubed.recall","bcubed.f1"
"majority-vote",0.930351926313996,0.210510261973084,0.343334418032689
