"","bcubed.precision","bcubed.recall","bcubed.f1"
"majority-vote",0.995071226162416,0.847405165492364,0.91532081594329
