"","bcubed.precision","bcubed.recall","bcubed.f1"
"majority-vote",0.972106413132496,0.212004425095641,0.348093868571168
