"","bcubed.precision","bcubed.recall","bcubed.f1"
"majority-vote",0.999728544864747,0.218977267979378,0.359262790360518
