"","bcubed.precision","bcubed.recall","bcubed.f1"
"majority-vote",0.573000521550085,0.908783149347172,0.702846479927183
