"","bcubed.precision","bcubed.recall","bcubed.f1"
"majority-vote",0.981781216674594,0.080522895199237,0.148838482568647
