"","bcubed.precision","bcubed.recall","bcubed.f1"
"majority-vote",0.960752039424553,0.89900564338668,0.928853810709708
