"","bcubed.precision","bcubed.recall","bcubed.f1"
"majority-vote",0.894455137246037,0.643280200582514,0.748354110028059
