"","bcubed.precision","bcubed.recall","bcubed.f1"
"majority-vote",0.961281407963685,0.133173855381852,0.233938390161502
