"","bcubed.precision","bcubed.recall","bcubed.f1"
"majority-vote",0.850652052001266,0.851565707029929,0.851108634316208
