"","bcubed.precision","bcubed.recall","bcubed.f1"
"majority-vote",0.892251588075685,0.310788134859372,0.461000915592085
