"","bcubed.precision","bcubed.recall","bcubed.f1"
"majority-vote",0.965719164537339,0.512592749016331,0.669710683908355
