"","bcubed.precision","bcubed.recall","bcubed.f1"
"majority-vote",0.950295251307077,0.173314324697739,0.293161936781231
