"","bcubed.precision","bcubed.recall","bcubed.f1"
"majority-vote",0.598114807630448,0.220857504024903,0.322594895220796
