"","bcubed.precision","bcubed.recall","bcubed.f1"
"majority-vote",0.925497870287203,0.927005163055511,0.926250903465481
