"","bcubed.precision","bcubed.recall","bcubed.f1"
"majority-vote",0.463780700832382,0.793135795331266,0.585307100569855
