"","bcubed.precision","bcubed.recall","bcubed.f1"
"majority-vote",0.995334121632418,0.553834160048905,0.711672248574608
