"","bcubed.precision","bcubed.recall","bcubed.f1"
"majority-vote",0.910499221018879,0.449408325063403,0.601784924377307
