"","bcubed.precision","bcubed.recall","bcubed.f1"
"majority-vote",0.789971167378252,0.726277446604742,0.756786501954592
