"","bcubed.precision","bcubed.recall","bcubed.f1"
"majority-vote",0.961345169571018,0.758057133547583,0.847683595948462
