"","bcubed.precision","bcubed.recall","bcubed.f1"
"majority-vote",0.957822362036642,0.598739099549331,0.736862260472144
