"","bcubed.precision","bcubed.recall","bcubed.f1"
"majority-vote",0.946339756089596,0.582037079446753,0.720770970865243
