"","bcubed.precision","bcubed.recall","bcubed.f1"
"majority-vote",0.908565599732703,0.723682990879701,0.80565359272668
