"","bcubed.precision","bcubed.recall","bcubed.f1"
"majority-vote",0.978602723008998,0.120051535180662,0.213866661606157
