"","bcubed.precision","bcubed.recall","bcubed.f1"
"majority-vote",0.953440581065643,0.717512935071513,0.818821042153449
