"","bcubed.precision","bcubed.recall","bcubed.f1"
"majority-vote",0.96279576374195,0.642538669439008,0.770722282148335
