"","bcubed.precision","bcubed.recall","bcubed.f1"
"majority-vote",0.973016368413053,0.189361456664576,0.317025657073019
