"","bcubed.precision","bcubed.recall","bcubed.f1"
"majority-vote",0.947216724731469,0.763115633195065,0.845257808888931
