"","bcubed.precision","bcubed.recall","bcubed.f1"
"majority-vote",0.963220140675993,0.857160359396462,0.907100600041456
