"","bcubed.precision","bcubed.recall","bcubed.f1"
"majority-vote",0.980906092991135,0.185235767846824,0.311623996055295
