"","bcubed.precision","bcubed.recall","bcubed.f1"
"majority-vote",0.988990194063877,0.523951709019431,0.685000661726922
