"","bcubed.precision","bcubed.recall","bcubed.f1"
"majority-vote",0.999407198151945,0.199606225917495,0.332753403712242
