"","bcubed.precision","bcubed.recall","bcubed.f1"
"majority-vote",0.992465697713859,0.607773301404286,0.753880081615892
