"","bcubed.precision","bcubed.recall","bcubed.f1"
"majority-vote",0.997589274556754,0.0509349894980247,0.0969213607444677
