"","bcubed.precision","bcubed.recall","bcubed.f1"
"majority-vote",0.960298933938067,0.557646505582029,0.705568633605189
