"","bcubed.precision","bcubed.recall","bcubed.f1"
"majority-vote",0.981519293283893,0.90184491210875,0.939996818724834
