"","bcubed.precision","bcubed.recall","bcubed.f1"
"majority-vote",0.93291622056768,0.391779025466409,0.551820516952932
