"","bcubed.precision","bcubed.recall","bcubed.f1"
"majority-vote",0.97007644811335,0.960410197048547,0.965219122359237
