"","bcubed.precision","bcubed.recall","bcubed.f1"
"majority-vote",0.837615345857883,0.301473773000505,0.443370153323872
