"","bcubed.precision","bcubed.recall","bcubed.f1"
"majority-vote",0.943703904769228,0.998737793799134,0.970441230275799
