"","bcubed.precision","bcubed.recall","bcubed.f1"
"majority-vote",0.954533732112799,0.340184936392706,0.501603946621557
