"","bcubed.precision","bcubed.recall","bcubed.f1"
"majority-vote",0.885462739642789,0.14207633298615,0.244863290156845
