"","bcubed.precision","bcubed.recall","bcubed.f1"
"majority-vote",0.8002874957916,0.312969706317205,0.449969229128327
