"","bcubed.precision","bcubed.recall","bcubed.f1"
"majority-vote",0.981781209773042,0.782878153631543,0.871120032247312
