"","bcubed.precision","bcubed.recall","bcubed.f1"
"majority-vote",0.806876746658882,0.909199159202651,0.85498742466654
