"","bcubed.precision","bcubed.recall","bcubed.f1"
"majority-vote",0.942341439900348,0.66365572707477,0.778818675785921
