"","bcubed.precision","bcubed.recall","bcubed.f1"
"majority-vote",0.966413199679155,0.719995874690493,0.825201343601066
