"","bcubed.precision","bcubed.recall","bcubed.f1"
"majority-vote",0.91898216429161,0.38468307878885,0.542343044256368
