"","bcubed.precision","bcubed.recall","bcubed.f1"
"majority-vote",0.934474001652619,0.519464182392574,0.667739218300228
