"","bcubed.precision","bcubed.recall","bcubed.f1"
"majority-vote",0.999576707891637,0.116393806243,0.208508264671441
