"","bcubed.precision","bcubed.recall","bcubed.f1"
"majority-vote",0.954892061983216,0.907374569983088,0.930527089139148
