"","bcubed.precision","bcubed.recall","bcubed.f1"
"majority-vote",0.990595358633745,0.152607474221331,0.264471450405571
