"","bcubed.precision","bcubed.recall","bcubed.f1"
"majority-vote",0.981655983522282,0.504473308007512,0.666455124941497
