"","bcubed.precision","bcubed.recall","bcubed.f1"
"majority-vote",0.947075467548303,0.592988746983088,0.729326854686738
