"","bcubed.precision","bcubed.recall","bcubed.f1"
"majority-vote",0.998006064640189,0.900859987785637,0.946948027274685
