"","bcubed.precision","bcubed.recall","bcubed.f1"
"majority-vote",0.978337024855183,0.41961413138296,0.587322438344854
