"","bcubed.precision","bcubed.recall","bcubed.f1"
"majority-vote",0.975864581616236,0.072665471408671,0.135259184321129
