"","bcubed.precision","bcubed.recall","bcubed.f1"
"majority-vote",0.932388170801825,0.254880644931271,0.400326691227915
