"","bcubed.precision","bcubed.recall","bcubed.f1"
"majority-vote",0.988144226617901,0.568183578068615,0.721502655978948
