"","bcubed.precision","bcubed.recall","bcubed.f1"
"majority-vote",0.980647176471514,0.0858576734256743,0.157891612084872
