"","bcubed.precision","bcubed.recall","bcubed.f1"
"majority-vote",0.999979047867586,0.938165806098787,0.968086722315615
