"","bcubed.precision","bcubed.recall","bcubed.f1"
"majority-vote",0.953530196468059,0.129351093250374,0.227799989770731
