"","bcubed.precision","bcubed.recall","bcubed.f1"
"majority-vote",0.86039586037434,0.779045597970506,0.817702399954418
