"","bcubed.precision","bcubed.recall","bcubed.f1"
"majority-vote",0.981770777701806,0.94222163102735,0.961589722770477
