"","bcubed.precision","bcubed.recall","bcubed.f1"
"majority-vote",0.954552031227415,0.766699379189485,0.850374843926908
