"","bcubed.precision","bcubed.recall","bcubed.f1"
"majority-vote",0.983122053555576,0.131522456441456,0.232006933700759
