"","bcubed.precision","bcubed.recall","bcubed.f1"
"majority-vote",0.93581460831251,0.905150827159231,0.920227344262665
