"","bcubed.precision","bcubed.recall","bcubed.f1"
"majority-vote",0.821691861893435,0.812108168321315,0.816871906654447
