"","bcubed.precision","bcubed.recall","bcubed.f1"
"majority-vote",0.980603789341983,0.150904830212481,0.261558499474152
