"","bcubed.precision","bcubed.recall","bcubed.f1"
"majority-vote",0.985714088331106,0.89923872295836,0.940492804577491
