"","bcubed.precision","bcubed.recall","bcubed.f1"
"majority-vote",0.972232556063154,0.221085313950632,0.360249930536554
