"","bcubed.precision","bcubed.recall","bcubed.f1"
"majority-vote",0.897223524524014,0.150055180682882,0.257110237066809
