"","bcubed.precision","bcubed.recall","bcubed.f1"
"majority-vote",0.979651097497966,0.755238423776667,0.852930566070696
