"","bcubed.precision","bcubed.recall","bcubed.f1"
"majority-vote",0.952760632294812,0.143365172188617,0.249228129736173
