"","bcubed.precision","bcubed.recall","bcubed.f1"
"majority-vote",0.97723288873817,0.160157620292422,0.2752111832992
