"","bcubed.precision","bcubed.recall","bcubed.f1"
"majority-vote",0.94485015148275,0.657550065400243,0.775444576648204
