"","bcubed.precision","bcubed.recall","bcubed.f1"
"majority-vote",0.986203025919169,0.104571907780818,0.189093329326448
