"","bcubed.precision","bcubed.recall","bcubed.f1"
"majority-vote",0.927963541438349,0.342914039099618,0.500774789019584
