"","bcubed.precision","bcubed.recall","bcubed.f1"
"majority-vote",0.35093340830524,0.706324146702156,0.468897552912249
