"","bcubed.precision","bcubed.recall","bcubed.f1"
"majority-vote",0.967461626990255,0.115225094031611,0.205924492796427
