"","bcubed.precision","bcubed.recall","bcubed.f1"
"majority-vote",0.619923434951779,0.864627043139945,0.722107566493131
