"","bcubed.precision","bcubed.recall","bcubed.f1"
"majority-vote",0.889340065216713,0.149632929452138,0.256165578740469
