"","bcubed.precision","bcubed.recall","bcubed.f1"
"majority-vote",0.959240968407971,0.838880574717961,0.895032505391362
