"","bcubed.precision","bcubed.recall","bcubed.f1"
"majority-vote",0.974122981010602,0.0718983006689142,0.133912738113215
