"","bcubed.precision","bcubed.recall","bcubed.f1"
"majority-vote",0.888627295530465,0.268688791369316,0.412617083122842
