"","bcubed.precision","bcubed.recall","bcubed.f1"
"majority-vote",0.850640611123382,0.642119579818172,0.731816128411486
