"","bcubed.precision","bcubed.recall","bcubed.f1"
"majority-vote",0.832422962474381,0.968824241085708,0.895459038923255
