"","bcubed.precision","bcubed.recall","bcubed.f1"
"majority-vote",0.992957925667856,0.148044068166445,0.257670944710605
