"","bcubed.precision","bcubed.recall","bcubed.f1"
"majority-vote",0.88609481769408,0.216902214257046,0.348497634049945
