"","bcubed.precision","bcubed.recall","bcubed.f1"
"majority-vote",0.669230856048092,0.596928337357504,0.631015221924243
