"","bcubed.precision","bcubed.recall","bcubed.f1"
"majority-vote",0.924346017708717,0.503536272724472,0.651932938146535
