"","bcubed.precision","bcubed.recall","bcubed.f1"
"majority-vote",0.996201692674534,0.529367015330249,0.691357018469216
