"","bcubed.precision","bcubed.recall","bcubed.f1"
"majority-vote",0.912032193438804,0.203760870415507,0.333102041233551
