"","bcubed.precision","bcubed.recall","bcubed.f1"
"majority-vote",0.981015428312768,0.992988219430467,0.9869655149906
