"","bcubed.precision","bcubed.recall","bcubed.f1"
"majority-vote",0.951565182180284,0.840734889871002,0.89272333480387
