"","bcubed.precision","bcubed.recall","bcubed.f1"
"majority-vote",0.959731629138071,0.170995981563069,0.290273714745193
