"","bcubed.precision","bcubed.recall","bcubed.f1"
"majority-vote",0.990588990983793,0.228473182355744,0.371306770280037
