"","bcubed.precision","bcubed.recall","bcubed.f1"
"majority-vote",0.974513495087609,0.667216714857857,0.792105412738432
