"","bcubed.precision","bcubed.recall","bcubed.f1"
"majority-vote",0.995301154439716,0.738486688968032,0.847873812084846
