"","bcubed.precision","bcubed.recall","bcubed.f1"
"majority-vote",0.929815200937158,0.216074146048931,0.350660429917149
