"","bcubed.precision","bcubed.recall","bcubed.f1"
"majority-vote",0.981218493188145,0.777358632466227,0.867472520696507
