"","bcubed.precision","bcubed.recall","bcubed.f1"
"majority-vote",0.901700897782908,0.915091099126247,0.908346653925231
