"","bcubed.precision","bcubed.recall","bcubed.f1"
"majority-vote",0.944801988544821,0.970611672898961,0.957532941441505
