"","bcubed.precision","bcubed.recall","bcubed.f1"
"majority-vote",0.964816029405416,0.683861382904001,0.800399664835472
