"","bcubed.precision","bcubed.recall","bcubed.f1"
"majority-vote",0.964928384840391,0.1685728174352,0.287005776666469
