"","bcubed.precision","bcubed.recall","bcubed.f1"
"majority-vote",0.547431836736243,0.928441437666563,0.688756155882699
