"","bcubed.precision","bcubed.recall","bcubed.f1"
"majority-vote",0.978674500799376,0.102218826035114,0.185104220848857
