"","bcubed.precision","bcubed.recall","bcubed.f1"
"majority-vote",0.912464952108561,0.529093381786474,0.669801777592033
