"","bcubed.precision","bcubed.recall","bcubed.f1"
"majority-vote",0.998023139690589,0.711499836009574,0.830750227188709
