"","bcubed.precision","bcubed.recall","bcubed.f1"
"majority-vote",0.976883714836934,0.175641001979662,0.297747774061625
