"","bcubed.precision","bcubed.recall","bcubed.f1"
"majority-vote",0.76389835486199,0.65851523262586,0.707303005650952
