"","bcubed.precision","bcubed.recall","bcubed.f1"
"majority-vote",0.897118950656853,0.476031042828952,0.622009935766295
