"","bcubed.precision","bcubed.recall","bcubed.f1"
"majority-vote",0.851440573591023,0.153881829638513,0.260655154747878
