"","bcubed.precision","bcubed.recall","bcubed.f1"
"majority-vote",0.869881657740233,0.602002285323896,0.711565267613146
