"","bcubed.precision","bcubed.recall","bcubed.f1"
"majority-vote",0.995360492459665,0.477486164392474,0.645377251625296
