"","bcubed.precision","bcubed.recall","bcubed.f1"
"majority-vote",0.89822411702167,0.690385351813843,0.780708896935188
