"","bcubed.precision","bcubed.recall","bcubed.f1"
"majority-vote",0.973119733965432,0.145428680584646,0.253041383136552
