"","bcubed.precision","bcubed.recall","bcubed.f1"
"majority-vote",0.996364974324561,0.668282534614863,0.799993159954107
