"","bcubed.precision","bcubed.recall","bcubed.f1"
"majority-vote",0.860990924606377,0.938719347813656,0.898176613875929
