"","bcubed.precision","bcubed.recall","bcubed.f1"
"majority-vote",0.931809115969835,0.281302204237644,0.432144938201079
