"","bcubed.precision","bcubed.recall","bcubed.f1"
"majority-vote",0.943965655826164,0.110348647184079,0.19759825473531
