"","bcubed.precision","bcubed.recall","bcubed.f1"
"majority-vote",0.968133431961905,0.70662728354805,0.816963869290407
