"","bcubed.precision","bcubed.recall","bcubed.f1"
"majority-vote",0.999667048741881,0.29589170634574,0.456626436536782
