"","bcubed.precision","bcubed.recall","bcubed.f1"
"majority-vote",0.959629497068691,0.327398961656146,0.488228055541498
