"","bcubed.precision","bcubed.recall","bcubed.f1"
"majority-vote",0.995426205894109,0.161440275500323,0.277822693464304
