"","bcubed.precision","bcubed.recall","bcubed.f1"
"majority-vote",0.971984890727583,0.280409987519183,0.435252931502413
