"","bcubed.precision","bcubed.recall","bcubed.f1"
"majority-vote",0.982778868422843,0.0309110975675694,0.059937011331631
