"","bcubed.precision","bcubed.recall","bcubed.f1"
"majority-vote",0.867901717957777,0.409720187151783,0.556654285417125
