"","bcubed.precision","bcubed.recall","bcubed.f1"
"majority-vote",0.96758861885047,0.15450977939272,0.266468438553268
