"","bcubed.precision","bcubed.recall","bcubed.f1"
"majority-vote",0.941335824644361,0.774514474796197,0.849815653578851
