"","bcubed.precision","bcubed.recall","bcubed.f1"
"majority-vote",0.948944261141099,0.319463439254209,0.4780056084967
