"","bcubed.precision","bcubed.recall","bcubed.f1"
"majority-vote",0.923371259875423,0.389602133699456,0.54798888508277
