"","bcubed.precision","bcubed.recall","bcubed.f1"
"majority-vote",0.804409133275442,0.699464274299682,0.748275018113101
