"","bcubed.precision","bcubed.recall","bcubed.f1"
"majority-vote",0.979551745717827,0.593068200201816,0.738819308943323
