"","bcubed.precision","bcubed.recall","bcubed.f1"
"majority-vote",0.974493591038403,0.0989732457165726,0.1796958980617
