"","bcubed.precision","bcubed.recall","bcubed.f1"
"majority-vote",0.986762340936212,0.851129537753242,0.913941222388148
