"","bcubed.precision","bcubed.recall","bcubed.f1"
"majority-vote",0.977551381147068,0.208642437243573,0.343887650620309
