"","bcubed.precision","bcubed.recall","bcubed.f1"
"majority-vote",0.957491987101594,0.82449835691484,0.886032376971296
