"","bcubed.precision","bcubed.recall","bcubed.f1"
"majority-vote",0.993473353194492,0.165983746648211,0.284444209933692
