"","bcubed.precision","bcubed.recall","bcubed.f1"
"majority-vote",0.916857291453747,0.601388105117173,0.726347756977344
