"","bcubed.precision","bcubed.recall","bcubed.f1"
"majority-vote",0.929786666666667,0.0948762402281903,0.172182797979798
