"","bcubed.precision","bcubed.recall","bcubed.f1"
"majority-vote",0.999599693678641,0.0632527910037641,0.11897694444507
