"","bcubed.precision","bcubed.recall","bcubed.f1"
"majority-vote",0.971220991599539,0.690839754965441,0.807380925445238
