"","bcubed.precision","bcubed.recall","bcubed.f1"
"majority-vote",0.850858512945103,0.500138162439556,0.629974626753622
