"","bcubed.precision","bcubed.recall","bcubed.f1"
"majority-vote",0.97953535166689,0.178754558412992,0.302336069257573
