"","bcubed.precision","bcubed.recall","bcubed.f1"
"majority-vote",0.793916162295055,0.451458361161398,0.575602090420962
