"","bcubed.precision","bcubed.recall","bcubed.f1"
"majority-vote",0.869033960960969,0.920325982494616,0.893944828560363
