"","bcubed.precision","bcubed.recall","bcubed.f1"
"majority-vote",0.814344661751037,0.057077475289967,0.106677889699798
