"","bcubed.precision","bcubed.recall","bcubed.f1"
"majority-vote",0.986347791104135,0.379105024095748,0.5477002192252
