"","bcubed.precision","bcubed.recall","bcubed.f1"
"majority-vote",0.949093198323418,0.0664322330259655,0.124172922839759
