"","bcubed.precision","bcubed.recall","bcubed.f1"
"majority-vote",0.82176945589724,0.275328787970159,0.412464042391504
