"","bcubed.precision","bcubed.recall","bcubed.f1"
"majority-vote",0.86583194202625,0.151924375568581,0.258492086692281
