"","bcubed.precision","bcubed.recall","bcubed.f1"
"majority-vote",0.989259329515104,0.893340776868989,0.938856526096057
