"","bcubed.precision","bcubed.recall","bcubed.f1"
"majority-vote",0.829706324388725,0.601240923998909,0.697235202325333
