"","bcubed.precision","bcubed.recall","bcubed.f1"
"majority-vote",0.867903517835362,0.959776140340547,0.911530732215255
