"","bcubed.precision","bcubed.recall","bcubed.f1"
"majority-vote",0.600291736677608,0.886833458978761,0.715956933268426
