"","bcubed.precision","bcubed.recall","bcubed.f1"
"majority-vote",0.820341487485463,0.356414198466511,0.496927879289447
