"","bcubed.precision","bcubed.recall","bcubed.f1"
"majority-vote",0.997061471038422,0.036797372395882,0.0709753415263369
