"","bcubed.precision","bcubed.recall","bcubed.f1"
"majority-vote",0.962617596287368,0.0440532425673709,0.0842508292325455
