"","bcubed.precision","bcubed.recall","bcubed.f1"
"majority-vote",0.960239067847932,0.863426784163268,0.909263206815568
