"","bcubed.precision","bcubed.recall","bcubed.f1"
"majority-vote",0.910171172260334,0.957502218653965,0.933236957846812
