"","bcubed.precision","bcubed.recall","bcubed.f1"
"majority-vote",0.898552990295454,0.652695450195182,0.756141225630658
