"","bcubed.precision","bcubed.recall","bcubed.f1"
"majority-vote",0.883963167890253,0.307436047646877,0.456206683800897
