"","bcubed.precision","bcubed.recall","bcubed.f1"
"majority-vote",0.955942313147902,0.768648246917369,0.852125020477278
