"","bcubed.precision","bcubed.recall","bcubed.f1"
"majority-vote",0.919656347345782,0.838468341913906,0.877187764212917
