"","bcubed.precision","bcubed.recall","bcubed.f1"
"majority-vote",0.955724817469427,0.39507831790391,0.559054303883422
