"","bcubed.precision","bcubed.recall","bcubed.f1"
"majority-vote",0.893958638818849,0.444168232863281,0.593468433016201
