"","bcubed.precision","bcubed.recall","bcubed.f1"
"majority-vote",0.985405831686722,0.322943903332022,0.486461375171201
