"","bcubed.precision","bcubed.recall","bcubed.f1"
"majority-vote",0.954644315524801,0.836892652065048,0.891898774573632
