"","bcubed.precision","bcubed.recall","bcubed.f1"
"majority-vote",0.909102928693634,0.420205118932528,0.574749705240707
