"","bcubed.precision","bcubed.recall","bcubed.f1"
"majority-vote",0.989607879375934,0.12794773279773,0.226598270628602
