"","bcubed.precision","bcubed.recall","bcubed.f1"
"majority-vote",0.976526477332151,0.0726942005667088,0.135315311825617
