"","bcubed.precision","bcubed.recall","bcubed.f1"
"majority-vote",0.745372227982658,0.824585961479168,0.782980692602571
