"","bcubed.precision","bcubed.recall","bcubed.f1"
"majority-vote",0.857399322518011,0.422752901763401,0.566288984527489
