"","bcubed.precision","bcubed.recall","bcubed.f1"
"majority-vote",0.727946108705732,0.443544287299479,0.551223192404007
