"","bcubed.precision","bcubed.recall","bcubed.f1"
"majority-vote",0.973883606344027,0.219753415104391,0.358591840840501
