"","bcubed.precision","bcubed.recall","bcubed.f1"
"majority-vote",0.985501856816476,0.738348963854072,0.844207939726093
