"","bcubed.precision","bcubed.recall","bcubed.f1"
"majority-vote",0.888615939881374,0.110481051496213,0.19652791322897
