"","bcubed.precision","bcubed.recall","bcubed.f1"
"majority-vote",0.925768635732081,0.96325478942817,0.944139771263726
