"","bcubed.precision","bcubed.recall","bcubed.f1"
"majority-vote",0.912464107978065,0.951948651436017,0.931788277770061
