"","bcubed.precision","bcubed.recall","bcubed.f1"
"majority-vote",0.926891094206269,0.682507932822666,0.786145031821354
