"","bcubed.precision","bcubed.recall","bcubed.f1"
"majority-vote",0.989978771390398,0.628254252264025,0.768688271325197
