"","bcubed.precision","bcubed.recall","bcubed.f1"
"majority-vote",0.937562644733957,0.85370747028961,0.893672290918929
