"","bcubed.precision","bcubed.recall","bcubed.f1"
"majority-vote",0.98229908156645,0.152291410346328,0.263699922712128
