"","bcubed.precision","bcubed.recall","bcubed.f1"
"majority-vote",0.904740986128666,0.244672890504235,0.385179954295005
