"","bcubed.precision","bcubed.recall","bcubed.f1"
"majority-vote",0.976565300475364,0.478919101980518,0.642666834408997
