"","bcubed.precision","bcubed.recall","bcubed.f1"
"majority-vote",0.727685833333451,0.756365953101788,0.741748763646588
