"","bcubed.precision","bcubed.recall","bcubed.f1"
"majority-vote",0.904308136361176,0.195915427846522,0.322058027484395
