"","bcubed.precision","bcubed.recall","bcubed.f1"
"majority-vote",0.932371351775582,0.118528287691817,0.210319569383186
