"","bcubed.precision","bcubed.recall","bcubed.f1"
"majority-vote",0.780108259118074,0.583090223694182,0.667362097376223
