"","bcubed.precision","bcubed.recall","bcubed.f1"
"majority-vote",0.969161694396044,0.901151113512597,0.933919862373537
