"","bcubed.precision","bcubed.recall","bcubed.f1"
"majority-vote",0.738942640624903,0.292065652341179,0.418657669097771
