"","bcubed.precision","bcubed.recall","bcubed.f1"
"majority-vote",0.625826206860605,0.852351799510998,0.721731877080412
