"","bcubed.precision","bcubed.recall","bcubed.f1"
"majority-vote",0.988955244529503,0.0846412850146535,0.15593650019435
