"","bcubed.precision","bcubed.recall","bcubed.f1"
"majority-vote",0.953118144649658,0.919698220871587,0.936109997811502
