"","bcubed.precision","bcubed.recall","bcubed.f1"
"majority-vote",0.94201108680564,0.306189407471963,0.462159433237479
