"","bcubed.precision","bcubed.recall","bcubed.f1"
"majority-vote",0.869543425265192,0.138944309486665,0.23960253878917
