"","bcubed.precision","bcubed.recall","bcubed.f1"
"majority-vote",0.989109933992269,0.0466293817703864,0.0890602181902231
