"","bcubed.precision","bcubed.recall","bcubed.f1"
"majority-vote",0.988522159234121,0.405811166031732,0.575405210243422
