"","bcubed.precision","bcubed.recall","bcubed.f1"
"majority-vote",0.951599957761995,0.683437933308942,0.795528363007849
