"","bcubed.precision","bcubed.recall","bcubed.f1"
"majority-vote",0.704416391646719,0.792137242380408,0.745705927645324
