"","bcubed.precision","bcubed.recall","bcubed.f1"
"majority-vote",0.886342289120177,0.319824382573737,0.470040968664387
