"","bcubed.precision","bcubed.recall","bcubed.f1"
"majority-vote",0.908969957741728,0.818394515742547,0.861307546623381
