"","bcubed.precision","bcubed.recall","bcubed.f1"
"majority-vote",0.908768775799836,0.595848008527333,0.719768742330354
