"","bcubed.precision","bcubed.recall","bcubed.f1"
"majority-vote",0.958211452906903,0.0430185582857477,0.082340470773234
