"","bcubed.precision","bcubed.recall","bcubed.f1"
"majority-vote",0.903128916236217,0.0946555562370859,0.171351974857322
