"","bcubed.precision","bcubed.recall","bcubed.f1"
"majority-vote",0.918610520990296,0.592108269152396,0.720076945038024
