"","bcubed.precision","bcubed.recall","bcubed.f1"
"majority-vote",0.964264274573745,0.137529947998436,0.240725922902884
