"","bcubed.precision","bcubed.recall","bcubed.f1"
"majority-vote",0.982222297329233,0.870185672094574,0.922815906707176
