"","bcubed.precision","bcubed.recall","bcubed.f1"
"majority-vote",0.874439659689709,0.36099297095203,0.511021908990211
