"","bcubed.precision","bcubed.recall","bcubed.f1"
"majority-vote",0.927676280788025,0.702333078025215,0.799428216990363
