"","bcubed.precision","bcubed.recall","bcubed.f1"
"majority-vote",0.749449936221488,0.702405988120043,0.725165788384831
