"","bcubed.precision","bcubed.recall","bcubed.f1"
"majority-vote",0.970990408147203,0.156469705609703,0.269509460173056
