"","bcubed.precision","bcubed.recall","bcubed.f1"
"majority-vote",0.97476396585262,0.330649119395328,0.493797481532443
