"","bcubed.precision","bcubed.recall","bcubed.f1"
"majority-vote",0.933783640393261,0.214270915154749,0.34855952483563
