"","bcubed.precision","bcubed.recall","bcubed.f1"
"majority-vote",0.961443934606844,0.0932384854323481,0.169991600481078
