"","bcubed.precision","bcubed.recall","bcubed.f1"
"majority-vote",0.586124359916563,0.874942450280624,0.701987178211718
