"","bcubed.precision","bcubed.recall","bcubed.f1"
"majority-vote",0.916887387727574,0.891450198093538,0.90398988532672
