"","bcubed.precision","bcubed.recall","bcubed.f1"
"majority-vote",0.76860029057143,0.796261459836488,0.782186399842186
