"","bcubed.precision","bcubed.recall","bcubed.f1"
"majority-vote",0.986662203329736,0.126002472483843,0.223466925531718
