"","bcubed.precision","bcubed.recall","bcubed.f1"
"majority-vote",0.927190427972172,0.343150341980014,0.500913959411413
