"","bcubed.precision","bcubed.recall","bcubed.f1"
"majority-vote",0.986849450032914,0.213321351066811,0.350810164332715
