"","bcubed.precision","bcubed.recall","bcubed.f1"
"majority-vote",0.91070873938129,0.201123870738239,0.329483530366709
