"","bcubed.precision","bcubed.recall","bcubed.f1"
"majority-vote",0.297614686642273,0.870944731630947,0.443633313520525
