"","bcubed.precision","bcubed.recall","bcubed.f1"
"majority-vote",0.96863083499416,0.588014219937627,0.731790080265385
