"","bcubed.precision","bcubed.recall","bcubed.f1"
"majority-vote",0.936898421009642,0.116947137126423,0.207938605936027
