"","bcubed.precision","bcubed.recall","bcubed.f1"
"majority-vote",0.946537166937142,0.508157536609026,0.661293388760041
