"","bcubed.precision","bcubed.recall","bcubed.f1"
"majority-vote",0.960796216568453,0.664713392174847,0.785789402743336
