"","bcubed.precision","bcubed.recall","bcubed.f1"
"majority-vote",0.975965905005216,0.961109218053618,0.968480588739733
