"","bcubed.precision","bcubed.recall","bcubed.f1"
"majority-vote",0.819019147452268,0.724511808558327,0.768872229551149
