"","bcubed.precision","bcubed.recall","bcubed.f1"
"majority-vote",0.908875376118792,0.210963582190295,0.342441390680123
