"","bcubed.precision","bcubed.recall","bcubed.f1"
"majority-vote",0.90173109123178,0.427537958722048,0.580054534595282
