"","bcubed.precision","bcubed.recall","bcubed.f1"
"majority-vote",0.960331400260667,0.768600875509117,0.853835127452417
