"","bcubed.precision","bcubed.recall","bcubed.f1"
"majority-vote",0.999408885997383,0.279766742096954,0.437158685511813
