"","bcubed.precision","bcubed.recall","bcubed.f1"
"majority-vote",0.858493754188519,0.218935024461587,0.348894246743378
