"","bcubed.precision","bcubed.recall","bcubed.f1"
"majority-vote",0.981867839605556,0.732697638643494,0.839177338708182
