"","bcubed.precision","bcubed.recall","bcubed.f1"
"majority-vote",0.73053032428183,0.143572838164704,0.239981541146614
