"","bcubed.precision","bcubed.recall","bcubed.f1"
"majority-vote",0.881384507784412,0.26647933969542,0.409231046291471
