"","bcubed.precision","bcubed.recall","bcubed.f1"
"majority-vote",0.996442319735856,0.0506557485467971,0.0964103231948689
