"","bcubed.precision","bcubed.recall","bcubed.f1"
"majority-vote",0.9785750458359,0.123567860853559,0.219427851623757
