"","bcubed.precision","bcubed.recall","bcubed.f1"
"majority-vote",0.999738239199156,0.856793946153978,0.922763071755252
