"","bcubed.precision","bcubed.recall","bcubed.f1"
"majority-vote",0.990670261021452,0.662483083568863,0.79400049785957
