"","bcubed.precision","bcubed.recall","bcubed.f1"
"majority-vote",0.917644079198762,0.384565778127331,0.541993300658359
