"","bcubed.precision","bcubed.recall","bcubed.f1"
"majority-vote",0.828403650474435,0.433579048503555,0.569228828319843
