"","bcubed.precision","bcubed.recall","bcubed.f1"
"majority-vote",0.989354365980964,0.142053124818245,0.248435475959053
