"","bcubed.precision","bcubed.recall","bcubed.f1"
"majority-vote",0.862170549399421,0.758427288822113,0.806978334613683
