"","bcubed.precision","bcubed.recall","bcubed.f1"
"majority-vote",0.972374072509421,0.782117366972661,0.866930019935635
