"","bcubed.precision","bcubed.recall","bcubed.f1"
"majority-vote",0.847884832368654,0.513881339846711,0.639922187205572
