"","bcubed.precision","bcubed.recall","bcubed.f1"
"majority-vote",0.813681693959453,0.91396694461691,0.860913677831676
