"","bcubed.precision","bcubed.recall","bcubed.f1"
"majority-vote",0.999622657095426,0.45929463656634,0.629400072216246
