"","bcubed.precision","bcubed.recall","bcubed.f1"
"majority-vote",0.934131911723796,0.731659032138861,0.820590426355695
