"","bcubed.precision","bcubed.recall","bcubed.f1"
"majority-vote",0.725795375244022,0.464868380704023,0.566741565999057
