"","bcubed.precision","bcubed.recall","bcubed.f1"
"majority-vote",0.837291383801112,0.765198599646543,0.79962333742931
