"","bcubed.precision","bcubed.recall","bcubed.f1"
"majority-vote",0.864312939168666,0.987008625695006,0.921594975664961
