"","bcubed.precision","bcubed.recall","bcubed.f1"
"majority-vote",0.962837989640235,0.405177456214417,0.570344799207015
