"","bcubed.precision","bcubed.recall","bcubed.f1"
"majority-vote",0.735729868257392,0.5953828671887,0.658157565133131
