"","bcubed.precision","bcubed.recall","bcubed.f1"
"majority-vote",0.505140646371918,0.408160645770846,0.451501676833357
