"","bcubed.precision","bcubed.recall","bcubed.f1"
"majority-vote",0.796923713800241,0.235427292719346,0.363476358833343
