"","bcubed.precision","bcubed.recall","bcubed.f1"
"majority-vote",0.999287667304143,0.55865014131112,0.716655303520888
