"","bcubed.precision","bcubed.recall","bcubed.f1"
"majority-vote",0.949470872469627,0.388964674931435,0.551854185259996
