"","bcubed.precision","bcubed.recall","bcubed.f1"
"majority-vote",0.979754974816283,0.0834698916967369,0.153833952182594
