"","bcubed.precision","bcubed.recall","bcubed.f1"
"majority-vote",0.897501770032798,0.451223154181416,0.600528057703903
