"","bcubed.precision","bcubed.recall","bcubed.f1"
"majority-vote",0.955339280971668,0.60721251029379,0.74249566155023
