"","bcubed.precision","bcubed.recall","bcubed.f1"
"majority-vote",0.828924830388042,0.547757705943805,0.659629146895437
