"","bcubed.precision","bcubed.recall","bcubed.f1"
"majority-vote",0.463424399464046,0.866250668344451,0.603819241981414
