"","bcubed.precision","bcubed.recall","bcubed.f1"
"majority-vote",0.949948789794102,0.911026200873362,0.930080459254288
