"","bcubed.precision","bcubed.recall","bcubed.f1"
"majority-vote",0.970498040771052,0.186851011547384,0.313368797874008
