"","bcubed.precision","bcubed.recall","bcubed.f1"
"majority-vote",0.974507704483031,0.756043590298271,0.851486235504838
