"","bcubed.precision","bcubed.recall","bcubed.f1"
"majority-vote",0.861276745481516,0.449691469790743,0.590874440829574
