"","bcubed.precision","bcubed.recall","bcubed.f1"
"majority-vote",0.820103190614172,0.830142569924487,0.82509234265507
