"","bcubed.precision","bcubed.recall","bcubed.f1"
"majority-vote",0.694988985685838,0.866200625829258,0.771206636151374
