"","bcubed.precision","bcubed.recall","bcubed.f1"
"majority-vote",0.818937249926566,0.493662081793882,0.615996455106236
