"","bcubed.precision","bcubed.recall","bcubed.f1"
"majority-vote",0.986545236034885,0.898786454145243,0.940623338766411
