"","bcubed.precision","bcubed.recall","bcubed.f1"
"majority-vote",0.953986661785516,0.825065200350796,0.884854694784323
