"","bcubed.precision","bcubed.recall","bcubed.f1"
"majority-vote",0.998942414804028,0.872846567392692,0.931647173990071
