"","bcubed.precision","bcubed.recall","bcubed.f1"
"majority-vote",0.891243571145984,0.486391303773679,0.629329484091181
