"","bcubed.precision","bcubed.recall","bcubed.f1"
"majority-vote",0.930015397260776,0.664825823096303,0.775372800858127
