"","bcubed.precision","bcubed.recall","bcubed.f1"
"majority-vote",0.943887222141042,0.833735775424791,0.885398699435052
