"","bcubed.precision","bcubed.recall","bcubed.f1"
"majority-vote",0.627653589912776,0.243426559279413,0.350800219597539
