"","bcubed.precision","bcubed.recall","bcubed.f1"
"majority-vote",0.977909473108357,0.477282509123465,0.641481114134406
