"","bcubed.precision","bcubed.recall","bcubed.f1"
"majority-vote",0.739193576955801,0.218106677129718,0.336828605523502
