"","bcubed.precision","bcubed.recall","bcubed.f1"
"majority-vote",0.850384986001776,0.470925656430623,0.606167989405445
