"","bcubed.precision","bcubed.recall","bcubed.f1"
"majority-vote",0.77374912509897,0.924947075652902,0.842619169022115
