"","bcubed.precision","bcubed.recall","bcubed.f1"
"majority-vote",0.855092429651182,0.445728772510863,0.585997980995813
