"","bcubed.precision","bcubed.recall","bcubed.f1"
"majority-vote",0.971389993149616,0.278730563561056,0.433167951322357
