"","bcubed.precision","bcubed.recall","bcubed.f1"
"majority-vote",0.999028144009005,0.445916765216425,0.616609526761083
