"","bcubed.precision","bcubed.recall","bcubed.f1"
"majority-vote",0.956034304763765,0.329363296395507,0.489938070212975
