"","bcubed.precision","bcubed.recall","bcubed.f1"
"majority-vote",0.984363276387716,0.277886219762284,0.433418259357645
