"","bcubed.precision","bcubed.recall","bcubed.f1"
"majority-vote",0.882138021514801,0.828411138420826,0.854430822292033
