"","bcubed.precision","bcubed.recall","bcubed.f1"
"majority-vote",0.933737116029144,0.641840327988644,0.760749830587889
