"","bcubed.precision","bcubed.recall","bcubed.f1"
"majority-vote",0.971022840873086,0.0862998187981475,0.158511868538345
