"","bcubed.precision","bcubed.recall","bcubed.f1"
"majority-vote",0.926468946252107,0.635779668594587,0.754079874372804
