"","bcubed.precision","bcubed.recall","bcubed.f1"
"majority-vote",0.777899054724331,0.912950811182733,0.840031498181393
