"","bcubed.precision","bcubed.recall","bcubed.f1"
"majority-vote",0.98895797619686,0.0884743714366144,0.162418430286462
