"","bcubed.precision","bcubed.recall","bcubed.f1"
"majority-vote",0.978155319823053,0.345436994889453,0.5105666306142
