"","bcubed.precision","bcubed.recall","bcubed.f1"
"majority-vote",0.941402814801861,0.412258982688698,0.573410237992919
