"","bcubed.precision","bcubed.recall","bcubed.f1"
"majority-vote",0.788720696116472,0.956736112362877,0.86464193084219
