"","bcubed.precision","bcubed.recall","bcubed.f1"
"majority-vote",0.800957930356235,0.295878832343315,0.432127195676131
