"","bcubed.precision","bcubed.recall","bcubed.f1"
"majority-vote",0.924855323851238,0.492061996577682,0.64236092062447
