"","bcubed.precision","bcubed.recall","bcubed.f1"
"majority-vote",0.963323639416644,0.124046454339183,0.219790635289599
