"","bcubed.precision","bcubed.recall","bcubed.f1"
"majority-vote",0.118338274623305,0.991900979640376,0.211449649392292
