"","bcubed.precision","bcubed.recall","bcubed.f1"
"majority-vote",0.91918852195233,0.751440368135638,0.826892633570513
