"","bcubed.precision","bcubed.recall","bcubed.f1"
"majority-vote",0.948918195355412,0.142119275915742,0.247213446610703
