"","bcubed.precision","bcubed.recall","bcubed.f1"
"majority-vote",0.902066310111973,0.452369162536095,0.602563930874556
