"","bcubed.precision","bcubed.recall","bcubed.f1"
"majority-vote",0.964987070489148,0.273772556278504,0.426534690596711
