"","bcubed.precision","bcubed.recall","bcubed.f1"
"majority-vote",0.957309121736209,0.77104971718681,0.854143145453528
