"","bcubed.precision","bcubed.recall","bcubed.f1"
"majority-vote",0.987076517699079,0.168264875017175,0.287517279187131
