"","bcubed.precision","bcubed.recall","bcubed.f1"
"majority-vote",0.769976409310266,0.468277980783562,0.582373058536813
