"","bcubed.precision","bcubed.recall","bcubed.f1"
"majority-vote",0.944166081809187,0.752597711500518,0.837567651134226
