"","bcubed.precision","bcubed.recall","bcubed.f1"
"majority-vote",0.793287889080579,0.874163762457399,0.831764477477892
