"","bcubed.precision","bcubed.recall","bcubed.f1"
"majority-vote",0.984055939993376,0.0827189582372137,0.152609669272137
