"","bcubed.precision","bcubed.recall","bcubed.f1"
"majority-vote",0.961822830611887,0.46185429097354,0.624048802553945
