"","bcubed.precision","bcubed.recall","bcubed.f1"
"majority-vote",0.838098591747547,0.667066284608143,0.742865213658146
