"","bcubed.precision","bcubed.recall","bcubed.f1"
"majority-vote",0.749507311789126,0.389421343412574,0.512541576544632
