"","bcubed.precision","bcubed.recall","bcubed.f1"
"majority-vote",0.935034100655257,0.172380690296852,0.291095667204286
