"","bcubed.precision","bcubed.recall","bcubed.f1"
"majority-vote",0.980558894851475,0.248325257553057,0.39629047153629
