"","bcubed.precision","bcubed.recall","bcubed.f1"
"majority-vote",0.784264041212633,0.591929457634016,0.674656563842096
