"","bcubed.precision","bcubed.recall","bcubed.f1"
"majority-vote",0.87902175969515,0.425610466134546,0.57352693499248
