"","bcubed.precision","bcubed.recall","bcubed.f1"
"majority-vote",0.962553975477066,0.264897029696182,0.415458845935993
