"","bcubed.precision","bcubed.recall","bcubed.f1"
"majority-vote",0.514234060967107,0.523994663889584,0.519068481705182
