"","bcubed.precision","bcubed.recall","bcubed.f1"
"majority-vote",0.646273425453262,0.980170897934223,0.778948771413474
