"","bcubed.precision","bcubed.recall","bcubed.f1"
"majority-vote",0.961278291508778,0.19976835804577,0.330792885873152
