"","bcubed.precision","bcubed.recall","bcubed.f1"
"majority-vote",0.97371080664764,0.155931974916331,0.268815330927411
