"","bcubed.precision","bcubed.recall","bcubed.f1"
"majority-vote",0.843121121271783,0.55989912835203,0.672923688766189
