"","bcubed.precision","bcubed.recall","bcubed.f1"
"majority-vote",0.692309978914477,0.208498332792619,0.320479894564509
