"","bcubed.precision","bcubed.recall","bcubed.f1"
"majority-vote",0.984171803955915,0.509455763636752,0.671374857846568
