"","bcubed.precision","bcubed.recall","bcubed.f1"
"majority-vote",0.890244966778287,0.663540698662755,0.760354250107451
