"","bcubed.precision","bcubed.recall","bcubed.f1"
"majority-vote",0.939506477553107,0.152303115318488,0.262114867514387
