"","bcubed.precision","bcubed.recall","bcubed.f1"
"majority-vote",0.827228016907018,0.297394981695494,0.437503876857873
