"","bcubed.precision","bcubed.recall","bcubed.f1"
"majority-vote",0.677625921188505,0.255964252811276,0.371572061131417
