"","bcubed.precision","bcubed.recall","bcubed.f1"
"majority-vote",0.95907622944261,0.311573118450265,0.470345925308968
