"","bcubed.precision","bcubed.recall","bcubed.f1"
"majority-vote",0.932180567589676,0.620761055179457,0.745245518917717
