"","bcubed.precision","bcubed.recall","bcubed.f1"
"majority-vote",0.218185626489116,0.979665704890246,0.356887319773217
