"","bcubed.precision","bcubed.recall","bcubed.f1"
"majority-vote",0.630440119203048,0.919670396176436,0.748071970921436
