"","bcubed.precision","bcubed.recall","bcubed.f1"
"majority-vote",0.988802402819093,0.506545307318837,0.669908695640295
