"","bcubed.precision","bcubed.recall","bcubed.f1"
"majority-vote",0.935472871736315,0.736079944682534,0.82388401122126
