"","bcubed.precision","bcubed.recall","bcubed.f1"
"majority-vote",0.575211496985702,0.680995056298055,0.623649327014113
