"","bcubed.precision","bcubed.recall","bcubed.f1"
"majority-vote",0.945381262442738,0.303536452286358,0.459530153308958
