"","bcubed.precision","bcubed.recall","bcubed.f1"
"majority-vote",0.864670291962393,0.174464842060088,0.29034638707155
