"","bcubed.precision","bcubed.recall","bcubed.f1"
"majority-vote",0.96549119288397,0.254983352362056,0.40342370432309
