"","bcubed.precision","bcubed.recall","bcubed.f1"
"majority-vote",0.981274233374931,0.961676003378632,0.971376276262423
