"","bcubed.precision","bcubed.recall","bcubed.f1"
"majority-vote",0.942395842916795,0.0977083496312638,0.177059073832181
