"","bcubed.precision","bcubed.recall","bcubed.f1"
"majority-vote",0.880501897139527,0.383212519341704,0.534012029755142
