"","bcubed.precision","bcubed.recall","bcubed.f1"
"majority-vote",0.98308044985129,0.0850289227163534,0.156520060100998
