"","bcubed.precision","bcubed.recall","bcubed.f1"
"majority-vote",0.958850365596572,0.196330446718546,0.325925636241374
