"","bcubed.precision","bcubed.recall","bcubed.f1"
"majority-vote",0.812079457347434,0.589589082136327,0.683176041113944
