"","bcubed.precision","bcubed.recall","bcubed.f1"
"majority-vote",0.978148069528442,0.150448189789429,0.260785210285073
