"","bcubed.precision","bcubed.recall","bcubed.f1"
"majority-vote",0.949554428109626,0.468725297136649,0.627633849007917
