"","bcubed.precision","bcubed.recall","bcubed.f1"
"majority-vote",0.998660871521935,0.0949752273026835,0.173454485222332
