"","bcubed.precision","bcubed.recall","bcubed.f1"
"majority-vote",0.963935039693094,0.329522064716926,0.491145571738993
