"","bcubed.precision","bcubed.recall","bcubed.f1"
"majority-vote",0.533078661806151,0.631549779310438,0.578151278696233
