"","bcubed.precision","bcubed.recall","bcubed.f1"
"majority-vote",0.797025867087413,0.336144946895952,0.47286113348615
