"","bcubed.precision","bcubed.recall","bcubed.f1"
"majority-vote",0.951802045530796,0.329577486735249,0.48961688264329
