"","bcubed.precision","bcubed.recall","bcubed.f1"
"majority-vote",0.695255186833098,0.840224209581,0.760896227169417
