"","bcubed.precision","bcubed.recall","bcubed.f1"
"majority-vote",0.965337809347523,0.74868977475547,0.843321955546671
