"","bcubed.precision","bcubed.recall","bcubed.f1"
"majority-vote",0.912249306240023,0.400694013651394,0.556814342904376
