"","bcubed.precision","bcubed.recall","bcubed.f1"
"majority-vote",0.939972596750814,0.248160847943784,0.392656898423664
