"","bcubed.precision","bcubed.recall","bcubed.f1"
"majority-vote",0.912860385482073,0.753610163746555,0.825626189312882
