"","bcubed.precision","bcubed.recall","bcubed.f1"
"majority-vote",0.678302921060823,0.780900281522513,0.725994763547936
