"","bcubed.precision","bcubed.recall","bcubed.f1"
"majority-vote",0.792755852786573,0.230715776365551,0.357413487261019
