"","bcubed.precision","bcubed.recall","bcubed.f1"
"majority-vote",0.507520238275395,0.406485120168884,0.451418414864996
