"","bcubed.precision","bcubed.recall","bcubed.f1"
"majority-vote",0.938547216631139,0.954300973690208,0.946358537641918
