"","bcubed.precision","bcubed.recall","bcubed.f1"
"majority-vote",0.878905579148443,0.507642259529264,0.643569016035228
