"","bcubed.precision","bcubed.recall","bcubed.f1"
"majority-vote",0.93472463572908,0.430349898014812,0.589357784815889
