"","bcubed.precision","bcubed.recall","bcubed.f1"
"majority-vote",0.817438148701119,0.401325407082519,0.538346746972299
