"","bcubed.precision","bcubed.recall","bcubed.f1"
"majority-vote",0.991351482429873,0.850542506575802,0.915564717401273
