"","bcubed.precision","bcubed.recall","bcubed.f1"
"majority-vote",0.951635843800001,0.340755930233986,0.501822378806855
