"","bcubed.precision","bcubed.recall","bcubed.f1"
"majority-vote",0.931447065970091,0.464181416168121,0.619592425493105
