"","bcubed.precision","bcubed.recall","bcubed.f1"
"majority-vote",0.94964194967262,0.995437061880852,0.972000403691498
