"","bcubed.precision","bcubed.recall","bcubed.f1"
"majority-vote",0.969850789236717,0.400722320383839,0.567121674810372
