"","bcubed.precision","bcubed.recall","bcubed.f1"
"majority-vote",0.972888273417714,0.425237017434088,0.591804054174141
