"","bcubed.precision","bcubed.recall","bcubed.f1"
"majority-vote",0.931407235804244,0.654508061762134,0.768784493790971
