"","bcubed.precision","bcubed.recall","bcubed.f1"
"majority-vote",0.901595110610209,0.807178650381802,0.851778440407106
