"","bcubed.precision","bcubed.recall","bcubed.f1"
"majority-vote",0.652541499163011,0.349721085452733,0.455384696372226
