"","bcubed.precision","bcubed.recall","bcubed.f1"
"majority-vote",0.87343081491764,0.615340041448642,0.722014340293764
