"","bcubed.precision","bcubed.recall","bcubed.f1"
"majority-vote",0.790014233326132,0.594881917265081,0.678700972036241
