"","bcubed.precision","bcubed.recall","bcubed.f1"
"majority-vote",0.96668749309211,0.68745067504654,0.803499952404841
