"","bcubed.precision","bcubed.recall","bcubed.f1"
"majority-vote",0.983107220750342,0.348108821794438,0.514158912416343
