"","bcubed.precision","bcubed.recall","bcubed.f1"
"majority-vote",0.972180745843412,0.38503314532598,0.551603270247884
