"","bcubed.precision","bcubed.recall","bcubed.f1"
"majority-vote",0.934680533856223,0.207881824732466,0.340118144903625
