"","bcubed.precision","bcubed.recall","bcubed.f1"
"majority-vote",0.993250738409313,0.867205516660357,0.925958369005858
