"","bcubed.precision","bcubed.recall","bcubed.f1"
"majority-vote",0.74209159727341,0.508444930327756,0.603441326414143
