"","bcubed.precision","bcubed.recall","bcubed.f1"
"majority-vote",0.930055234963762,0.73779326297753,0.822842707116676
