"","bcubed.precision","bcubed.recall","bcubed.f1"
"majority-vote",0.927681388026019,0.244126474123554,0.386533652289029
