"","bcubed.precision","bcubed.recall","bcubed.f1"
"majority-vote",0.933948099589169,0.580025507404334,0.715618446518725
