"","bcubed.precision","bcubed.recall","bcubed.f1"
"majority-vote",0.959106893907281,0.577505503788302,0.720922870052866
