"","bcubed.precision","bcubed.recall","bcubed.f1"
"majority-vote",0.857566066602904,0.592676352129203,0.700929887995347
