"","bcubed.precision","bcubed.recall","bcubed.f1"
"majority-vote",0.669118202099685,0.13877555330679,0.229874901501891
