"","bcubed.precision","bcubed.recall","bcubed.f1"
"majority-vote",0.959493531629228,0.188033713562081,0.314445051561215
