"","bcubed.precision","bcubed.recall","bcubed.f1"
"majority-vote",0.952535380487355,0.352343037562247,0.514406866883544
