"","bcubed.precision","bcubed.recall","bcubed.f1"
"majority-vote",0.693220854373314,0.875812634460195,0.773892446595017
