"","bcubed.precision","bcubed.recall","bcubed.f1"
"majority-vote",0.983504539011437,0.308501146781092,0.469676382210843
