"","bcubed.precision","bcubed.recall","bcubed.f1"
"majority-vote",0.98708302801338,0.130862125253698,0.231087871297076
