"","bcubed.precision","bcubed.recall","bcubed.f1"
"majority-vote",0.760578078895251,0.1280952729348,0.219262694000405
