"","bcubed.precision","bcubed.recall","bcubed.f1"
"majority-vote",0.936895037578667,0.399456263675344,0.560105102327444
