"","bcubed.precision","bcubed.recall","bcubed.f1"
"majority-vote",0.942447724304392,0.329800170163181,0.488614555696422
