"","bcubed.precision","bcubed.recall","bcubed.f1"
"majority-vote",0.952897387783714,0.675472682215539,0.790552671362648
