"","bcubed.precision","bcubed.recall","bcubed.f1"
"majority-vote",0.935717575172135,0.250793549129147,0.395566340430451
