"","bcubed.precision","bcubed.recall","bcubed.f1"
"majority-vote",0.997244089147625,0.361116247248428,0.530229031891678
