"","bcubed.precision","bcubed.recall","bcubed.f1"
"majority-vote",0.96771986518975,0.19533210757989,0.325052990304984
