"","bcubed.precision","bcubed.recall","bcubed.f1"
"majority-vote",0.808043767383016,0.102550597164526,0.182002819491149
