"","bcubed.precision","bcubed.recall","bcubed.f1"
"majority-vote",0.962070290237086,0.26052873700437,0.410023158926322
