"","bcubed.precision","bcubed.recall","bcubed.f1"
"majority-vote",0.92105146998222,0.105571468374866,0.189430320523445
