"","bcubed.precision","bcubed.recall","bcubed.f1"
"majority-vote",0.805059781225881,0.800044881957692,0.802544497456341
