"","bcubed.precision","bcubed.recall","bcubed.f1"
"majority-vote",0.973604550274752,0.212374540886124,0.348688810638051
