"","bcubed.precision","bcubed.recall","bcubed.f1"
"majority-vote",0.734897336546987,0.392594293674493,0.511784731755846
