"","bcubed.precision","bcubed.recall","bcubed.f1"
"majority-vote",0.941694701242971,0.402698300135002,0.564148809236573
