"","bcubed.precision","bcubed.recall","bcubed.f1"
"majority-vote",0.945308569478797,0.773522800521155,0.850831262196368
