"","bcubed.precision","bcubed.recall","bcubed.f1"
"majority-vote",0.864504006882273,0.55859618143977,0.678671313582228
