"","bcubed.precision","bcubed.recall","bcubed.f1"
"majority-vote",0.626397455914053,0.606169631462269,0.616117562912655
