"","bcubed.precision","bcubed.recall","bcubed.f1"
"majority-vote",0.908234500448817,0.795470344291755,0.848120627231865
