"","bcubed.precision","bcubed.recall","bcubed.f1"
"majority-vote",0.894325848191484,0.511814520396529,0.651043047046541
