"","bcubed.precision","bcubed.recall","bcubed.f1"
"majority-vote",0.971106643292218,0.308929213072253,0.468741886611778
