"","bcubed.precision","bcubed.recall","bcubed.f1"
"majority-vote",0.961792074616979,0.237173207872048,0.380513622828623
