"","bcubed.precision","bcubed.recall","bcubed.f1"
"majority-vote",0.513671936164421,0.279629199545451,0.362126475994736
