"","bcubed.precision","bcubed.recall","bcubed.f1"
"majority-vote",0.89758735690154,0.698661573980199,0.785729322570199
