"","bcubed.precision","bcubed.recall","bcubed.f1"
"majority-vote",0.98087163354436,0.457753857960145,0.624203834938364
