"","bcubed.precision","bcubed.recall","bcubed.f1"
"majority-vote",0.891865508623056,0.845517926167181,0.868073518108626
