"","bcubed.precision","bcubed.recall","bcubed.f1"
"majority-vote",0.99959421030513,0.968871721859955,0.983993218144607
