"","bcubed.precision","bcubed.recall","bcubed.f1"
"majority-vote",0.917457916390204,0.529895996840752,0.671787698531547
