"","bcubed.precision","bcubed.recall","bcubed.f1"
"majority-vote",0.967311422275058,0.559747572676221,0.709141195501385
