"","bcubed.precision","bcubed.recall","bcubed.f1"
"majority-vote",0.697663141673613,0.484187569750306,0.571645501087564
