"","bcubed.precision","bcubed.recall","bcubed.f1"
"majority-vote",0.965139405061172,0.622242791701109,0.756655881628168
