"","bcubed.precision","bcubed.recall","bcubed.f1"
"majority-vote",0.929561737248767,0.423484331007838,0.58187941957734
