"","bcubed.precision","bcubed.recall","bcubed.f1"
"majority-vote",0.630726368945652,0.904533816559221,0.743213867061023
