"","bcubed.precision","bcubed.recall","bcubed.f1"
"majority-vote",0.99975715168769,0.666102495739967,0.799516015531519
