"","bcubed.precision","bcubed.recall","bcubed.f1"
"majority-vote",0.985659669835504,0.207583146041319,0.34294165859302
