"","bcubed.precision","bcubed.recall","bcubed.f1"
"majority-vote",0.966415989722414,0.212056205671756,0.347796933490661
