"","bcubed.precision","bcubed.recall","bcubed.f1"
"majority-vote",0.917972081518891,0.459943423224569,0.612831803031333
