"","bcubed.precision","bcubed.recall","bcubed.f1"
"majority-vote",0.874907147641434,0.332646668643994,0.482023979570532
