"","bcubed.precision","bcubed.recall","bcubed.f1"
"majority-vote",0.980045497506388,0.758659198232181,0.855257978185216
