"","bcubed.precision","bcubed.recall","bcubed.f1"
"majority-vote",0.977999749667146,0.751277287918789,0.849775927795693
