"","bcubed.precision","bcubed.recall","bcubed.f1"
"majority-vote",0.969260070780318,0.0534342719444589,0.101284819996152
