"","bcubed.precision","bcubed.recall","bcubed.f1"
"majority-vote",0.945527638960295,0.161837615271212,0.276371211174669
