"","bcubed.precision","bcubed.recall","bcubed.f1"
"majority-vote",0.380756459244675,0.849895581897428,0.525905327700327
