"","bcubed.precision","bcubed.recall","bcubed.f1"
"majority-vote",0.957564699850232,0.719709683917903,0.821772029823622
