"","bcubed.precision","bcubed.recall","bcubed.f1"
"majority-vote",0.96885230407293,0.978541248867744,0.973672673573649
