"","bcubed.precision","bcubed.recall","bcubed.f1"
"majority-vote",0.962786068168634,0.662556922646838,0.784942720518343
