"","bcubed.precision","bcubed.recall","bcubed.f1"
"majority-vote",0.991973561800071,0.192474197315538,0.322393813650785
