"","bcubed.precision","bcubed.recall","bcubed.f1"
"majority-vote",0.970119752054118,0.746706035728584,0.843876273752725
