"","bcubed.precision","bcubed.recall","bcubed.f1"
"majority-vote",0.993424707475435,0.436882229498503,0.606876174367145
