"","bcubed.precision","bcubed.recall","bcubed.f1"
"majority-vote",0.928447713925421,0.706570818008807,0.802454587387002
