"","bcubed.precision","bcubed.recall","bcubed.f1"
"majority-vote",0.997583361184667,0.0962735483348411,0.175600463104873
