"","bcubed.precision","bcubed.recall","bcubed.f1"
"majority-vote",0.937563131313131,0.499808414035686,0.652026183816278
