"","bcubed.precision","bcubed.recall","bcubed.f1"
"majority-vote",0.99859910498374,0.331782848043795,0.498079599398523
