"","bcubed.precision","bcubed.recall","bcubed.f1"
"majority-vote",0.953033379535373,0.221489527997834,0.359442820647587
