"","bcubed.precision","bcubed.recall","bcubed.f1"
"majority-vote",0.902787764483998,0.41240202312451,0.566171519932879
