"","bcubed.precision","bcubed.recall","bcubed.f1"
"majority-vote",0.960793984623795,0.219101355691392,0.356830402457515
