"","bcubed.precision","bcubed.recall","bcubed.f1"
"majority-vote",0.291263119093331,0.749108115886284,0.419441751242657
