"","bcubed.precision","bcubed.recall","bcubed.f1"
"majority-vote",0.589372123973709,0.783772990623153,0.672811558350716
