"","bcubed.precision","bcubed.recall","bcubed.f1"
"majority-vote",0.690638905146357,0.771463663161248,0.728817295359252
