"","bcubed.precision","bcubed.recall","bcubed.f1"
"majority-vote",0.997237173319808,0.522880032381436,0.686046317378389
