"","bcubed.precision","bcubed.recall","bcubed.f1"
"majority-vote",0.990775681477791,0.630623078852418,0.770699998041668
