"","bcubed.precision","bcubed.recall","bcubed.f1"
"majority-vote",0.963736891665965,0.284278157620064,0.439048147937032
