"","bcubed.precision","bcubed.recall","bcubed.f1"
"majority-vote",0.990397603227653,0.0899629034797329,0.164943171159181
