"","bcubed.precision","bcubed.recall","bcubed.f1"
"majority-vote",0.948831127563879,0.78077227611904,0.856636888599066
