"","bcubed.precision","bcubed.recall","bcubed.f1"
"majority-vote",0.892631321444824,0.605492447930161,0.721544554554727
