"","bcubed.precision","bcubed.recall","bcubed.f1"
"majority-vote",0.964455708714046,0.882237185801576,0.921516179342127
