"","bcubed.precision","bcubed.recall","bcubed.f1"
"majority-vote",0.946981081633342,0.140831505826855,0.245198066750349
