"","bcubed.precision","bcubed.recall","bcubed.f1"
"majority-vote",0.523904387726507,0.86440200340966,0.652397777950568
