"","bcubed.precision","bcubed.recall","bcubed.f1"
"majority-vote",0.706646570203299,0.279053244666737,0.400105620946782
