"","bcubed.precision","bcubed.recall","bcubed.f1"
"majority-vote",0.993015162098758,0.244613267093922,0.39253248769217
