"","bcubed.precision","bcubed.recall","bcubed.f1"
"majority-vote",0.950100147135098,0.255582409689076,0.402807328805282
