"","bcubed.precision","bcubed.recall","bcubed.f1"
"majority-vote",0.974758463013497,0.558482880525976,0.710111185736932
