"","bcubed.precision","bcubed.recall","bcubed.f1"
"majority-vote",0.99150923267473,0.106500928202366,0.192341851402766
