"","bcubed.precision","bcubed.recall","bcubed.f1"
"majority-vote",0.993289359740506,0.088483240070812,0.162491564110668
