"","bcubed.precision","bcubed.recall","bcubed.f1"
"majority-vote",0.929864693909388,0.767050886372987,0.840647049220272
