"","bcubed.precision","bcubed.recall","bcubed.f1"
"majority-vote",0.993825534897477,0.0609632785443409,0.114879608384803
