"","bcubed.precision","bcubed.recall","bcubed.f1"
"majority-vote",0.493533290653525,0.560514825243461,0.524895822098365
