"","bcubed.precision","bcubed.recall","bcubed.f1"
"majority-vote",0.924401257958418,0.595891404587403,0.724653584902245
