"","bcubed.precision","bcubed.recall","bcubed.f1"
"majority-vote",0.941847673112629,0.569832340334105,0.710064642032673
