"","bcubed.precision","bcubed.recall","bcubed.f1"
"majority-vote",0.89036385018817,0.393116555935961,0.545418174902786
