"","bcubed.precision","bcubed.recall","bcubed.f1"
"majority-vote",0.877734487362279,0.810346721793965,0.842695553485894
