"","bcubed.precision","bcubed.recall","bcubed.f1"
"majority-vote",0.942219684488187,0.599740173683773,0.732946443746133
