"","bcubed.precision","bcubed.recall","bcubed.f1"
"majority-vote",0.781582522008106,0.524622270762372,0.627827427603268
