"","bcubed.precision","bcubed.recall","bcubed.f1"
"majority-vote",0.989813618430478,0.471689269473004,0.638910078736343
