"","bcubed.precision","bcubed.recall","bcubed.f1"
"majority-vote",0.83328450597061,0.390827193934822,0.532092365824161
