"","bcubed.precision","bcubed.recall","bcubed.f1"
"majority-vote",0.990767229897322,0.11721695988344,0.209632454527498
