"","bcubed.precision","bcubed.recall","bcubed.f1"
"majority-vote",0.55216998508549,0.701603613655668,0.617981519593564
