"","bcubed.precision","bcubed.recall","bcubed.f1"
"majority-vote",0.958671360862726,0.177260100375122,0.299197948911637
