"","bcubed.precision","bcubed.recall","bcubed.f1"
"majority-vote",0.977389945823987,0.179332296159451,0.303059069612472
