"","bcubed.precision","bcubed.recall","bcubed.f1"
"majority-vote",0.952165910124998,0.307606741642115,0.4649928742387
