"","bcubed.precision","bcubed.recall","bcubed.f1"
"majority-vote",0.473532481043258,0.916491234147977,0.624433041274813
