"","bcubed.precision","bcubed.recall","bcubed.f1"
"majority-vote",0.94610909946175,0.618799871326055,0.748225232184097
