"","bcubed.precision","bcubed.recall","bcubed.f1"
"majority-vote",0.985807630893689,0.880301649910144,0.930072094808846
