"","bcubed.precision","bcubed.recall","bcubed.f1"
"majority-vote",0.926293181038967,0.357967286083797,0.516379137446033
