"","bcubed.precision","bcubed.recall","bcubed.f1"
"majority-vote",0.998602394392063,0.466239023258362,0.635683015751438
