"","bcubed.precision","bcubed.recall","bcubed.f1"
"majority-vote",0.930538052421125,0.462528138332337,0.617917563272357
