"","bcubed.precision","bcubed.recall","bcubed.f1"
"majority-vote",0.963428251953269,0.49017557784121,0.649763010292165
