"","bcubed.precision","bcubed.recall","bcubed.f1"
"majority-vote",0.972276953696739,0.180062462703342,0.303852459129204
