"","bcubed.precision","bcubed.recall","bcubed.f1"
"majority-vote",0.917974516499558,0.297095592112945,0.448906084662816
