"","bcubed.precision","bcubed.recall","bcubed.f1"
"majority-vote",0.604470403853347,0.899956865028587,0.72319519980346
