"","bcubed.precision","bcubed.recall","bcubed.f1"
"majority-vote",0.780630792740424,0.468403186494027,0.585492399524767
