"","bcubed.precision","bcubed.recall","bcubed.f1"
"majority-vote",0.915265260815581,0.882138142433069,0.898396426255884
