"","bcubed.precision","bcubed.recall","bcubed.f1"
"majority-vote",0.980729157177819,0.970898362277804,0.975788999744822
