"","bcubed.precision","bcubed.recall","bcubed.f1"
"majority-vote",0.876138991843045,0.549111727657689,0.675106756862721
