"","bcubed.precision","bcubed.recall","bcubed.f1"
"majority-vote",0.898029844721215,0.353419875946877,0.507222289599505
