"","bcubed.precision","bcubed.recall","bcubed.f1"
"majority-vote",0.908143365792953,0.737111489785097,0.813737649250584
