"","bcubed.precision","bcubed.recall","bcubed.f1"
"majority-vote",0.922734278107231,0.139192051082316,0.24189489090402
