"","bcubed.precision","bcubed.recall","bcubed.f1"
"majority-vote",0.966511878002934,0.326828802387227,0.488477513110368
