"","bcubed.precision","bcubed.recall","bcubed.f1"
"majority-vote",0.968625820046409,0.175400429153936,0.29701658444372
