"","bcubed.precision","bcubed.recall","bcubed.f1"
"majority-vote",0.61940459885279,0.769093663007244,0.686180407855989
