"","bcubed.precision","bcubed.recall","bcubed.f1"
"majority-vote",0.998648909296237,0.238353937343182,0.384852630211639
