"","bcubed.precision","bcubed.recall","bcubed.f1"
"majority-vote",0.965619896344466,0.762591999894018,0.852180232636433
