"","bcubed.precision","bcubed.recall","bcubed.f1"
"majority-vote",0.983084952886763,0.28911033908133,0.446818229668426
