"","bcubed.precision","bcubed.recall","bcubed.f1"
"majority-vote",0.995346075988587,0.623088477524481,0.766405622953955
