"","bcubed.precision","bcubed.recall","bcubed.f1"
"majority-vote",0.990386274281671,0.0581262655300664,0.109807853259563
