"","bcubed.precision","bcubed.recall","bcubed.f1"
"majority-vote",0.924552549532307,0.649677340745751,0.763117058657497
