"","bcubed.precision","bcubed.recall","bcubed.f1"
"majority-vote",0.855128220066799,0.105762578607237,0.188243171271665
