"","bcubed.precision","bcubed.recall","bcubed.f1"
"majority-vote",0.976284208232601,0.279137995574264,0.434145606427047
