"","bcubed.precision","bcubed.recall","bcubed.f1"
"majority-vote",0.952107761283438,0.556169931621516,0.702170045980642
