"","bcubed.precision","bcubed.recall","bcubed.f1"
"majority-vote",0.932268167325738,0.149961917194415,0.258364138478887
