"","bcubed.precision","bcubed.recall","bcubed.f1"
"majority-vote",0.974363000251495,0.252002706378866,0.400438648490059
