"","bcubed.precision","bcubed.recall","bcubed.f1"
"majority-vote",0.983679328345738,0.347815147395461,0.513916620477128
