"","bcubed.precision","bcubed.recall","bcubed.f1"
"majority-vote",0.974021038174578,0.490196742522282,0.652173394362296
