"","bcubed.precision","bcubed.recall","bcubed.f1"
"majority-vote",0.68230850930387,0.477931775339769,0.56211962555875
