"","bcubed.precision","bcubed.recall","bcubed.f1"
"majority-vote",0.938997864463466,0.250331846479297,0.395283271053453
