"","bcubed.precision","bcubed.recall","bcubed.f1"
"majority-vote",0.965480909148564,0.169121235696463,0.287824811786958
