"","bcubed.precision","bcubed.recall","bcubed.f1"
"majority-vote",0.926165494170968,0.66775047060501,0.77601010123229
