"","bcubed.precision","bcubed.recall","bcubed.f1"
"majority-vote",0.834768019764313,0.404014666311781,0.544499897752217
