"","bcubed.precision","bcubed.recall","bcubed.f1"
"majority-vote",0.942070433578561,0.182949070236273,0.306396305727776
