"","bcubed.precision","bcubed.recall","bcubed.f1"
"majority-vote",0.939410321095255,0.583061648216541,0.719532630104214
