"","bcubed.precision","bcubed.recall","bcubed.f1"
"majority-vote",0.986826695800465,0.0676386328489499,0.126599911347075
