"","bcubed.precision","bcubed.recall","bcubed.f1"
"majority-vote",0.813537032704728,0.243927443403181,0.37532042538557
