"","bcubed.precision","bcubed.recall","bcubed.f1"
"majority-vote",0.886926114228344,0.321648350541896,0.472090599313322
