"","bcubed.precision","bcubed.recall","bcubed.f1"
"majority-vote",0.939735129031987,0.698429077160753,0.801309583574346
