"","bcubed.precision","bcubed.recall","bcubed.f1"
"majority-vote",0.95164582382907,0.651461818283408,0.773448896964337
