"","bcubed.precision","bcubed.recall","bcubed.f1"
"majority-vote",0.980849797597002,0.0766718581631486,0.142226073860688
