"","bcubed.precision","bcubed.recall","bcubed.f1"
"majority-vote",0.610427688850834,0.953450560241641,0.744319607053275
