"","bcubed.precision","bcubed.recall","bcubed.f1"
"majority-vote",0.923494200077446,0.952141671250326,0.937599162495504
