"","bcubed.precision","bcubed.recall","bcubed.f1"
"majority-vote",0.998896172036355,0.774982501213765,0.872807216785831
