"","bcubed.precision","bcubed.recall","bcubed.f1"
"majority-vote",0.983343917787657,0.129353199077814,0.228631277337844
