"","bcubed.precision","bcubed.recall","bcubed.f1"
"majority-vote",0.784494914683613,0.233777897906647,0.360213038795893
