"","bcubed.precision","bcubed.recall","bcubed.f1"
"majority-vote",0.952180770066085,0.135448478190456,0.237160662007587
