"","bcubed.precision","bcubed.recall","bcubed.f1"
"majority-vote",0.998203734864819,0.688126336135217,0.814656976829778
