"","bcubed.precision","bcubed.recall","bcubed.f1"
"majority-vote",0.994443489574934,0.138128562127584,0.242564787159699
