"","bcubed.precision","bcubed.recall","bcubed.f1"
"majority-vote",0.743243236924372,0.910475054491478,0.818403509414861
