"","bcubed.precision","bcubed.recall","bcubed.f1"
"majority-vote",0.98263032631689,0.287478622861153,0.444820443433607
