"","bcubed.precision","bcubed.recall","bcubed.f1"
"majority-vote",0.987889076618425,0.0476055477685001,0.0908338865685215
