"","bcubed.precision","bcubed.recall","bcubed.f1"
"majority-vote",0.984832633158212,0.180960573273652,0.305741836359425
