"","bcubed.precision","bcubed.recall","bcubed.f1"
"majority-vote",0.945398118774871,0.551160501079131,0.696352410056692
