"","bcubed.precision","bcubed.recall","bcubed.f1"
"majority-vote",0.98629305051596,0.0742282699603196,0.138065733144916
