"","bcubed.precision","bcubed.recall","bcubed.f1"
"majority-vote",0.969612351399882,0.628694690128218,0.762794783441645
