"","bcubed.precision","bcubed.recall","bcubed.f1"
"majority-vote",0.960872671037928,0.449080357981084,0.612089955059254
