"","bcubed.precision","bcubed.recall","bcubed.f1"
"majority-vote",0.939825531641726,0.234223453249916,0.374991477027476
