"","bcubed.precision","bcubed.recall","bcubed.f1"
"majority-vote",0.860128590913972,0.792842400366098,0.825116012611498
