"","bcubed.precision","bcubed.recall","bcubed.f1"
"majority-vote",0.912261667804452,0.381579905948986,0.538088632276434
