"","bcubed.precision","bcubed.recall","bcubed.f1"
"majority-vote",0.944591641363839,0.0598825373651814,0.112625183318062
