"","bcubed.precision","bcubed.recall","bcubed.f1"
"majority-vote",0.921977174921494,0.274668924772652,0.423247072572819
