"","bcubed.precision","bcubed.recall","bcubed.f1"
"majority-vote",0.923762535267785,0.541496578458848,0.682765590699884
