"","bcubed.precision","bcubed.recall","bcubed.f1"
"majority-vote",0.951036676876101,0.920604186602747,0.935573018765517
