"","bcubed.precision","bcubed.recall","bcubed.f1"
"majority-vote",0.960189702132922,0.551221013842326,0.700374472003331
