"","bcubed.precision","bcubed.recall","bcubed.f1"
"majority-vote",0.945913683986578,0.614227755992536,0.744812520953853
