"","bcubed.precision","bcubed.recall","bcubed.f1"
"majority-vote",0.984363638322721,0.758546444515716,0.856826230236996
