"","bcubed.precision","bcubed.recall","bcubed.f1"
"majority-vote",0.973173103293525,0.299985671691189,0.458604209937306
