"","bcubed.precision","bcubed.recall","bcubed.f1"
"majority-vote",0.960570999046993,0.146691511822167,0.254515276512207
