"","bcubed.precision","bcubed.recall","bcubed.f1"
"majority-vote",0.985409238617467,0.435883008472501,0.604412138861107
