"","bcubed.precision","bcubed.recall","bcubed.f1"
"majority-vote",0.920628725733996,0.7113250298969,0.802554917499504
