"","bcubed.precision","bcubed.recall","bcubed.f1"
"majority-vote",0.723771951566724,0.799257736234374,0.759644196291861
