"","bcubed.precision","bcubed.recall","bcubed.f1"
"majority-vote",0.958043234986658,0.556128348626356,0.703744553063746
