"","bcubed.precision","bcubed.recall","bcubed.f1"
"majority-vote",0.988625384578488,0.221888738111234,0.362432515138994
