"","bcubed.precision","bcubed.recall","bcubed.f1"
"majority-vote",0.853274244525867,0.358869017175675,0.505243396864605
