"","bcubed.precision","bcubed.recall","bcubed.f1"
"majority-vote",0.979152806243591,0.057338383301837,0.108332882096348
