"","bcubed.precision","bcubed.recall","bcubed.f1"
"majority-vote",0.93843910741223,0.684095184327639,0.79133202599623
