"","bcubed.precision","bcubed.recall","bcubed.f1"
"majority-vote",0.905105321785384,0.937052627574555,0.920801954365957
