"","bcubed.precision","bcubed.recall","bcubed.f1"
"majority-vote",0.931393851033461,0.64316492959889,0.760898694919725
