"","bcubed.precision","bcubed.recall","bcubed.f1"
"majority-vote",0.939009243725911,0.505416028813754,0.657133784635195
