"","bcubed.precision","bcubed.recall","bcubed.f1"
"majority-vote",0.921687210867851,0.328217545460143,0.484059145309256
