"","bcubed.precision","bcubed.recall","bcubed.f1"
"majority-vote",0.955351743248116,0.135702307861539,0.237648054643049
