"","bcubed.precision","bcubed.recall","bcubed.f1"
"majority-vote",0.955288846316929,0.126442502752683,0.223325528439063
