"","bcubed.precision","bcubed.recall","bcubed.f1"
"majority-vote",0.96093513752988,0.418926327391613,0.583480354022134
