"","bcubed.precision","bcubed.recall","bcubed.f1"
"majority-vote",0.960744429783543,0.697827042282823,0.808446853351787
