"","bcubed.precision","bcubed.recall","bcubed.f1"
"majority-vote",0.889768916581315,0.352342783377011,0.504791407473461
