"","bcubed.precision","bcubed.recall","bcubed.f1"
"majority-vote",0.998255893723077,0.584299029364516,0.737137070253223
