"","bcubed.precision","bcubed.recall","bcubed.f1"
"majority-vote",0.81809736368011,0.510238109598094,0.628492516700108
