"","bcubed.precision","bcubed.recall","bcubed.f1"
"majority-vote",0.929370843194359,0.729561093738135,0.817432944359308
