"","bcubed.precision","bcubed.recall","bcubed.f1"
"majority-vote",0.848959337937031,0.753279006142793,0.79826231683916
