"","bcubed.precision","bcubed.recall","bcubed.f1"
"majority-vote",0.92847070948399,0.16661625262629,0.282531553456512
