"","bcubed.precision","bcubed.recall","bcubed.f1"
"majority-vote",0.987225834055499,0.234554172380098,0.379050135440803
