"","bcubed.precision","bcubed.recall","bcubed.f1"
"majority-vote",0.905103407250549,0.344711367250592,0.499273075309963
