"","bcubed.precision","bcubed.recall","bcubed.f1"
"majority-vote",0.825139858414925,0.637890539883233,0.719532431281997
