"","bcubed.precision","bcubed.recall","bcubed.f1"
"majority-vote",0.766439457047711,0.688075911013249,0.725146724778368
