"","bcubed.precision","bcubed.recall","bcubed.f1"
"majority-vote",0.92965549489492,0.242970472705975,0.385252998465414
