"","bcubed.precision","bcubed.recall","bcubed.f1"
"majority-vote",0.976320220129701,0.150735248131841,0.261151069812712
