"","bcubed.precision","bcubed.recall","bcubed.f1"
"majority-vote",0.953951651541973,0.761895056524942,0.847174801870807
