"","bcubed.precision","bcubed.recall","bcubed.f1"
"majority-vote",0.998779468181558,0.0761482804954166,0.141507816110918
