"","bcubed.precision","bcubed.recall","bcubed.f1"
"majority-vote",0.927207543059917,0.504193623954685,0.653195123863876
