"","bcubed.precision","bcubed.recall","bcubed.f1"
"majority-vote",0.998498018829018,0.549535903699793,0.708912773982761
