"","bcubed.precision","bcubed.recall","bcubed.f1"
"majority-vote",0.991480601637917,0.105032694493644,0.189943668709905
