"","bcubed.precision","bcubed.recall","bcubed.f1"
"majority-vote",0.986413997184076,0.134322408192449,0.236447219775984
