"","bcubed.precision","bcubed.recall","bcubed.f1"
"majority-vote",0.958901820531357,0.449488231984208,0.612067776518628
