"","bcubed.precision","bcubed.recall","bcubed.f1"
"majority-vote",0.984007040697334,0.263272205470942,0.415402893296231
