"","bcubed.precision","bcubed.recall","bcubed.f1"
"majority-vote",0.954600954205894,0.685375268324645,0.797889476863612
