"","bcubed.precision","bcubed.recall","bcubed.f1"
"majority-vote",0.931307659587026,0.790583311922522,0.855195022353413
