"","bcubed.precision","bcubed.recall","bcubed.f1"
"majority-vote",0.775733529612367,0.484839740357057,0.596722859421961
