"","bcubed.precision","bcubed.recall","bcubed.f1"
"majority-vote",0.786217361250646,0.419475152305733,0.547069246342475
