"","bcubed.precision","bcubed.recall","bcubed.f1"
"majority-vote",0.773344158688019,0.461932481962182,0.57838507566318
