"","bcubed.precision","bcubed.recall","bcubed.f1"
"majority-vote",0.986187388758284,0.0840362039940383,0.154875009557407
