"","bcubed.precision","bcubed.recall","bcubed.f1"
"majority-vote",0.968061960095467,0.391478069739036,0.557504772510587
