"","bcubed.precision","bcubed.recall","bcubed.f1"
"majority-vote",0.934451415990017,0.304972623464042,0.459862146872176
