"","bcubed.precision","bcubed.recall","bcubed.f1"
"majority-vote",0.950054724770746,0.62284880926677,0.752417985282007
