"","bcubed.precision","bcubed.recall","bcubed.f1"
"majority-vote",0.999889394444497,0.408632318138717,0.580164462477229
