"","bcubed.precision","bcubed.recall","bcubed.f1"
"majority-vote",0.95239288893402,0.419108095763922,0.582071138925426
