"","bcubed.precision","bcubed.recall","bcubed.f1"
"majority-vote",0.94806595024708,0.182903840736422,0.30664816152308
