"","bcubed.precision","bcubed.recall","bcubed.f1"
"majority-vote",0.921411264012814,0.466265858874809,0.619196796294882
