"","bcubed.precision","bcubed.recall","bcubed.f1"
"majority-vote",0.888266400116481,0.109439791328417,0.194870374277236
