"","bcubed.precision","bcubed.recall","bcubed.f1"
"majority-vote",0.993704949525585,0.54080707619533,0.700421579428532
