"","bcubed.precision","bcubed.recall","bcubed.f1"
"majority-vote",0.969927251523011,0.277855738007454,0.431965901998518
