"","bcubed.precision","bcubed.recall","bcubed.f1"
"majority-vote",0.992762212992685,0.0310328848084489,0.0601844557844661
