"","bcubed.precision","bcubed.recall","bcubed.f1"
"majority-vote",0.832955581597031,0.729898906264063,0.778029397741673
