"","bcubed.precision","bcubed.recall","bcubed.f1"
"majority-vote",0.962955999866942,0.461981425279487,0.624403257924464
