"","bcubed.precision","bcubed.recall","bcubed.f1"
"majority-vote",0.913587356148728,0.114052224734012,0.202788355754304
