"","bcubed.precision","bcubed.recall","bcubed.f1"
"majority-vote",0.880291880130257,0.252005445136991,0.391837624539729
