"","bcubed.precision","bcubed.recall","bcubed.f1"
"majority-vote",0.676524342760051,0.418802758031508,0.517343650894073
