"","bcubed.precision","bcubed.recall","bcubed.f1"
"majority-vote",0.79448567973773,0.447276048231612,0.572339132710766
