"","bcubed.precision","bcubed.recall","bcubed.f1"
"majority-vote",0.90562255917855,0.212063430058896,0.343655423951671
