"","bcubed.precision","bcubed.recall","bcubed.f1"
"majority-vote",0.955891111982218,0.469045257838724,0.629299949922374
