"","bcubed.precision","bcubed.recall","bcubed.f1"
"majority-vote",0.768671834777552,0.395186308030925,0.522002765285607
