"","bcubed.precision","bcubed.recall","bcubed.f1"
"majority-vote",0.982215210225423,0.654478400451755,0.785533267184621
