"","bcubed.precision","bcubed.recall","bcubed.f1"
"majority-vote",0.883447141102459,0.461579611323433,0.606354018281638
