"","bcubed.precision","bcubed.recall","bcubed.f1"
"majority-vote",0.99218665624666,0.636682314543245,0.775639671558978
