"","bcubed.precision","bcubed.recall","bcubed.f1"
"majority-vote",0.965745911693043,0.100434744411906,0.181947483763363
