"","bcubed.precision","bcubed.recall","bcubed.f1"
"majority-vote",0.96843539812111,0.583703806670885,0.728387539793997
