"","bcubed.precision","bcubed.recall","bcubed.f1"
"majority-vote",0.806056515678411,0.429572504532889,0.560459022200395
