"","bcubed.precision","bcubed.recall","bcubed.f1"
"majority-vote",0.670064277462122,0.333867103264662,0.445672729455779
