"","bcubed.precision","bcubed.recall","bcubed.f1"
"majority-vote",0.991549388399316,0.174893716740394,0.297341134093377
