"","bcubed.precision","bcubed.recall","bcubed.f1"
"majority-vote",0.975785032067166,0.467277802566507,0.631937396790324
