"","bcubed.precision","bcubed.recall","bcubed.f1"
"majority-vote",0.833925255320838,0.63944188804608,0.723847741755796
