"","bcubed.precision","bcubed.recall","bcubed.f1"
"majority-vote",0.937392115409043,0.412084781010614,0.57249594361234
