"","bcubed.precision","bcubed.recall","bcubed.f1"
"majority-vote",0.714814007644189,0.949542238011703,0.815625974730063
