"","bcubed.precision","bcubed.recall","bcubed.f1"
"majority-vote",0.829341145115235,0.189813188648485,0.308922568479614
