"","bcubed.precision","bcubed.recall","bcubed.f1"
"majority-vote",0.721740174576451,0.618999629962032,0.666433411582556
