"","bcubed.precision","bcubed.recall","bcubed.f1"
"majority-vote",0.932082867315842,0.195180887168051,0.322772306362568
