"","bcubed.precision","bcubed.recall","bcubed.f1"
"majority-vote",0.49850225001308,0.728965651094538,0.592098607099978
