"","bcubed.precision","bcubed.recall","bcubed.f1"
"majority-vote",0.944058839235748,0.43335037582839,0.594025723528901
