"","bcubed.precision","bcubed.recall","bcubed.f1"
"majority-vote",0.917009030078825,0.881589906508559,0.898950720641015
