"","bcubed.precision","bcubed.recall","bcubed.f1"
"majority-vote",0.964950488232311,0.430717842273146,0.595587623660298
