"","bcubed.precision","bcubed.recall","bcubed.f1"
"majority-vote",0.586932835622564,0.930779938728672,0.719906056021885
