"","bcubed.precision","bcubed.recall","bcubed.f1"
"majority-vote",0.873342641218115,0.772531824370458,0.819849870724465
