"","bcubed.precision","bcubed.recall","bcubed.f1"
"majority-vote",0.991434882287056,0.882138142433069,0.933598545522075
