"","bcubed.precision","bcubed.recall","bcubed.f1"
"majority-vote",0.890485594177391,0.448401260347125,0.596457962673633
