"","bcubed.precision","bcubed.recall","bcubed.f1"
"majority-vote",0.946717512409951,0.471562980220982,0.629546741845519
