"","bcubed.precision","bcubed.recall","bcubed.f1"
"majority-vote",0.979082613711905,0.87622040878334,0.924800054349618
