"","bcubed.precision","bcubed.recall","bcubed.f1"
"majority-vote",0.96080741079861,0.930694167439597,0.945511083417551
