"","bcubed.precision","bcubed.recall","bcubed.f1"
"majority-vote",0.823334028863074,0.767482420458157,0.794427784031294
