"","bcubed.precision","bcubed.recall","bcubed.f1"
"majority-vote",0.997230531371905,0.291681986074635,0.451348214913873
