"","bcubed.precision","bcubed.recall","bcubed.f1"
"majority-vote",0.818406287599202,0.848736388427925,0.833295442306043
