"","bcubed.precision","bcubed.recall","bcubed.f1"
"majority-vote",0.1964477568156,0.998371322259546,0.328297078882814
