"","bcubed.precision","bcubed.recall","bcubed.f1"
"majority-vote",0.533543413367601,0.893660196510336,0.668168870001198
