"","bcubed.precision","bcubed.recall","bcubed.f1"
"majority-vote",0.975985229444098,0.0436631702573718,0.0835868702473801
