"","bcubed.precision","bcubed.recall","bcubed.f1"
"majority-vote",0.92758259644154,0.255402504730758,0.400523925856821
