"","bcubed.precision","bcubed.recall","bcubed.f1"
"majority-vote",0.86493735282712,0.616631231051052,0.719976638894068
