"","bcubed.precision","bcubed.recall","bcubed.f1"
"majority-vote",0.952556996103346,0.251959388279078,0.398509611244866
