"","bcubed.precision","bcubed.recall","bcubed.f1"
"majority-vote",0.979118327530876,0.17733201124472,0.300279253584635
