"","bcubed.precision","bcubed.recall","bcubed.f1"
"majority-vote",0.9801762414239,0.331345615818121,0.495267537527529
