"","bcubed.precision","bcubed.recall","bcubed.f1"
"majority-vote",0.966758785065214,0.263588666872577,0.414235277914936
