"","bcubed.precision","bcubed.recall","bcubed.f1"
"majority-vote",0.820810964451678,0.79524649649195,0.807826527877581
