"","bcubed.precision","bcubed.recall","bcubed.f1"
"majority-vote",0.889075535773731,0.607217786371293,0.721599796990969
