"","bcubed.precision","bcubed.recall","bcubed.f1"
"majority-vote",0.992660169805723,0.311574534446245,0.474282166027682
