"","bcubed.precision","bcubed.recall","bcubed.f1"
"majority-vote",0.98792429905414,0.538097730293612,0.696713170320556
