"","bcubed.precision","bcubed.recall","bcubed.f1"
"majority-vote",0.684731431898799,0.832401976876829,0.751379930394185
