"","bcubed.precision","bcubed.recall","bcubed.f1"
"majority-vote",0.969557959673252,0.146826044522759,0.255031171387844
