"","bcubed.precision","bcubed.recall","bcubed.f1"
"majority-vote",0.98145339894064,0.844241793157829,0.907691471181573
