"","bcubed.precision","bcubed.recall","bcubed.f1"
"majority-vote",0.972786761855098,0.244136959858477,0.390317319635214
