"","bcubed.precision","bcubed.recall","bcubed.f1"
"majority-vote",0.970104393678527,0.245508457640071,0.391849811695435
