"","bcubed.precision","bcubed.recall","bcubed.f1"
"majority-vote",0.911569477180014,0.357543846023515,0.51362798077933
