"","bcubed.precision","bcubed.recall","bcubed.f1"
"majority-vote",0.938879582303605,0.876644456339724,0.906695327055052
