"","bcubed.precision","bcubed.recall","bcubed.f1"
"majority-vote",0.915304533521073,0.619642470830262,0.738998233952473
