"","bcubed.precision","bcubed.recall","bcubed.f1"
"majority-vote",0.987584232064664,0.879153057129158,0.93021948167882
