"","bcubed.precision","bcubed.recall","bcubed.f1"
"majority-vote",0.998449303923167,0.928705592401591,0.962315436139868
