"","bcubed.precision","bcubed.recall","bcubed.f1"
"majority-vote",0.995523951353255,0.630726094250656,0.772209581506078
