"","bcubed.precision","bcubed.recall","bcubed.f1"
"majority-vote",0.69409536061515,0.836921095458867,0.75884625178825
