"","bcubed.precision","bcubed.recall","bcubed.f1"
"majority-vote",0.858587044438641,0.444062108624716,0.585370162786636
