"","bcubed.precision","bcubed.recall","bcubed.f1"
"majority-vote",0.866479069662096,0.0504213657945412,0.095297278603621
