"","bcubed.precision","bcubed.recall","bcubed.f1"
"majority-vote",0.981139528365571,0.876206081954033,0.925708621188164
