"","bcubed.precision","bcubed.recall","bcubed.f1"
"majority-vote",0.995373319033083,0.518348856989489,0.681697910450562
