"","bcubed.precision","bcubed.recall","bcubed.f1"
"majority-vote",0.876750185448483,0.703363223020025,0.78054376719472
