"","bcubed.precision","bcubed.recall","bcubed.f1"
"majority-vote",0.978689076588933,0.205187760844393,0.339249850725219
