"","bcubed.precision","bcubed.recall","bcubed.f1"
"majority-vote",0.984247414731334,0.517075287754727,0.677975513660463
