"","bcubed.precision","bcubed.recall","bcubed.f1"
"majority-vote",0.719238498653883,0.613836337855853,0.662370504591573
