"","bcubed.precision","bcubed.recall","bcubed.f1"
"majority-vote",0.873714562477527,0.563849577776931,0.685386583256464
