"","bcubed.precision","bcubed.recall","bcubed.f1"
"majority-vote",0.981349784371007,0.396314543368855,0.564612415153655
