"","bcubed.precision","bcubed.recall","bcubed.f1"
"majority-vote",0.851019352112061,0.836426599953848,0.843659878185201
