"","bcubed.precision","bcubed.recall","bcubed.f1"
"majority-vote",0.996287512742504,0.469017697036606,0.637787229164711
