"","bcubed.precision","bcubed.recall","bcubed.f1"
"majority-vote",0.971569484810018,0.10903491606492,0.196066196180073
