"","bcubed.precision","bcubed.recall","bcubed.f1"
"majority-vote",0.97915051538825,0.192282606665783,0.32144150591691
