"","bcubed.precision","bcubed.recall","bcubed.f1"
"majority-vote",0.98138059701552,0.845845010843849,0.908586086090386
