"","bcubed.precision","bcubed.recall","bcubed.f1"
"majority-vote",0.982314783459818,0.254459590110056,0.404211831195598
