"","bcubed.precision","bcubed.recall","bcubed.f1"
"majority-vote",0.855296368463684,0.775811005627947,0.813616989620041
