"","bcubed.precision","bcubed.recall","bcubed.f1"
"majority-vote",0.980963927627079,0.158059660149374,0.272252175781915
