"","bcubed.precision","bcubed.recall","bcubed.f1"
"majority-vote",0.974646562539243,0.107649230832525,0.193884062810681
