"","bcubed.precision","bcubed.recall","bcubed.f1"
"majority-vote",0.922840095839467,0.486404715501738,0.637041585192272
