"","bcubed.precision","bcubed.recall","bcubed.f1"
"majority-vote",0.986234720917005,0.443200889871463,0.611570192646102
