"","bcubed.precision","bcubed.recall","bcubed.f1"
"majority-vote",0.961283106906053,0.94170710267116,0.951394415899122
