"","bcubed.precision","bcubed.recall","bcubed.f1"
"majority-vote",0.965577666870077,0.18506149193427,0.310594754649355
