"","bcubed.precision","bcubed.recall","bcubed.f1"
"majority-vote",0.908848520799508,0.3512505115396,0.506680030140562
