"","bcubed.precision","bcubed.recall","bcubed.f1"
"majority-vote",0.902633943809581,0.68340551046496,0.777868431292389
