"","bcubed.precision","bcubed.recall","bcubed.f1"
"majority-vote",0.855891159496975,0.868042861380396,0.861924182854545
