"","bcubed.precision","bcubed.recall","bcubed.f1"
"majority-vote",0.999786977206561,0.452787289945342,0.623294582823095
