"","bcubed.precision","bcubed.recall","bcubed.f1"
"majority-vote",0.975327937174076,0.541579052776771,0.696439773645679
