"","bcubed.precision","bcubed.recall","bcubed.f1"
"majority-vote",0.940120811544573,0.540693514207411,0.68653742273249
