"","bcubed.precision","bcubed.recall","bcubed.f1"
"majority-vote",0.999982480275175,0.142668031513872,0.249709829098745
