"","bcubed.precision","bcubed.recall","bcubed.f1"
"majority-vote",0.93572208628847,0.291159012444793,0.444124404309149
