"","bcubed.precision","bcubed.recall","bcubed.f1"
"majority-vote",0.971253586541269,0.0630411547136545,0.118397484146637
