"","bcubed.precision","bcubed.recall","bcubed.f1"
"majority-vote",0.912553955450996,0.565298977311604,0.698128760070573
