"","bcubed.precision","bcubed.recall","bcubed.f1"
"majority-vote",0.450426926196642,0.68185147723967,0.542488956927242
