"","bcubed.precision","bcubed.recall","bcubed.f1"
"majority-vote",0.933478457912439,0.153811402437068,0.264105526947801
