"","bcubed.precision","bcubed.recall","bcubed.f1"
"majority-vote",0.875794040147855,0.668505165740789,0.758237571749492
