"","bcubed.precision","bcubed.recall","bcubed.f1"
"majority-vote",0.936801346025307,0.233869347102251,0.374296752187639
