"","bcubed.precision","bcubed.recall","bcubed.f1"
"majority-vote",0.982360192380177,0.45582596270784,0.622708373089781
