"","bcubed.precision","bcubed.recall","bcubed.f1"
"majority-vote",0.860938311480926,0.502661225290491,0.634732258083882
