"","bcubed.precision","bcubed.recall","bcubed.f1"
"majority-vote",0.996619171376639,0.123099211627166,0.219131946302192
