"","bcubed.precision","bcubed.recall","bcubed.f1"
"majority-vote",0.970573530918585,0.6848039959921,0.803022418236647
