"","bcubed.precision","bcubed.recall","bcubed.f1"
"majority-vote",0.964842772373177,0.1707736843906,0.290185571218932
