"","bcubed.precision","bcubed.recall","bcubed.f1"
"majority-vote",0.995526640736924,0.321435975535773,0.485963797275873
