"","bcubed.precision","bcubed.recall","bcubed.f1"
"majority-vote",0.973903148277054,0.449036281759371,0.614668255394228
