"","bcubed.precision","bcubed.recall","bcubed.f1"
"majority-vote",0.989151169006641,0.323497571490312,0.487545511816524
