"","bcubed.precision","bcubed.recall","bcubed.f1"
"majority-vote",0.976279544973941,0.0900707502819965,0.164925599949618
