"","bcubed.precision","bcubed.recall","bcubed.f1"
"majority-vote",0.697169694683077,0.843905579080511,0.763551793900447
