"","bcubed.precision","bcubed.recall","bcubed.f1"
"majority-vote",0.992581418296778,0.0643140803758028,0.120800895066814
