"","bcubed.precision","bcubed.recall","bcubed.f1"
"majority-vote",0.890156501683655,0.428795461727779,0.578785397403228
