"","bcubed.precision","bcubed.recall","bcubed.f1"
"majority-vote",0.939515856749084,0.781402702404361,0.853195783740773
