"","bcubed.precision","bcubed.recall","bcubed.f1"
"majority-vote",0.828782928210949,0.912426206357653,0.868595561634081
