"","bcubed.precision","bcubed.recall","bcubed.f1"
"majority-vote",0.999719616691836,0.639767030137918,0.780229166706924
