"","bcubed.precision","bcubed.recall","bcubed.f1"
"majority-vote",0.98763096308151,0.313902583974087,0.476391733467718
