"","bcubed.precision","bcubed.recall","bcubed.f1"
"majority-vote",0.989076861123425,0.208366059025483,0.344216904468322
