"","bcubed.precision","bcubed.recall","bcubed.f1"
"majority-vote",0.979046848761114,0.722566308836516,0.831477195070704
