"","bcubed.precision","bcubed.recall","bcubed.f1"
"majority-vote",0.992269983182618,0.0918437094988477,0.168125827936808
