"","bcubed.precision","bcubed.recall","bcubed.f1"
"majority-vote",0.969990385900416,0.417971702766924,0.58420692693648
