"","bcubed.precision","bcubed.recall","bcubed.f1"
"majority-vote",0.883334565969154,0.267285261048238,0.410391520316516
