"","bcubed.precision","bcubed.recall","bcubed.f1"
"majority-vote",0.988179649403459,0.437345709187454,0.606339448075702
