"","bcubed.precision","bcubed.recall","bcubed.f1"
"majority-vote",0.938697259305142,0.437429775953072,0.596767771150668
