"","bcubed.precision","bcubed.recall","bcubed.f1"
"majority-vote",0.856036420309979,0.834557432162087,0.845160481006689
