"","bcubed.precision","bcubed.recall","bcubed.f1"
"majority-vote",0.985818178445913,0.765108971557419,0.861553072213113
