"","bcubed.precision","bcubed.recall","bcubed.f1"
"majority-vote",0.916509843207196,0.800382723061734,0.854518982062102
