"","bcubed.precision","bcubed.recall","bcubed.f1"
"majority-vote",0.835260962649823,0.847880292844048,0.841523321112976
