"","bcubed.precision","bcubed.recall","bcubed.f1"
"majority-vote",0.852202213969319,0.88443486228604,0.86801941298757
