"","bcubed.precision","bcubed.recall","bcubed.f1"
"majority-vote",0.846465760435925,0.756824434861545,0.799139136072253
