"","bcubed.precision","bcubed.recall","bcubed.f1"
"majority-vote",0.970684223814733,0.725334569904688,0.830262997793647
