"","bcubed.precision","bcubed.recall","bcubed.f1"
"majority-vote",0.967236778391832,0.942873638674458,0.954899834641776
