"","bcubed.precision","bcubed.recall","bcubed.f1"
"majority-vote",0.93275935383047,0.499057033090489,0.650223198955095
