"","bcubed.precision","bcubed.recall","bcubed.f1"
"majority-vote",0.966568096486471,0.0957957338949455,0.17431523460116
