"","bcubed.precision","bcubed.recall","bcubed.f1"
"majority-vote",0.883808245587887,0.747874581922095,0.810179173334835
