"","bcubed.precision","bcubed.recall","bcubed.f1"
"majority-vote",0.968628827547524,0.191350054996042,0.31956992012742
