"","bcubed.precision","bcubed.recall","bcubed.f1"
"majority-vote",0.986948880738678,0.26684271443171,0.420101904265607
