"","bcubed.precision","bcubed.recall","bcubed.f1"
"majority-vote",0.599491473780268,0.263075116703732,0.365679105051221
