"","bcubed.precision","bcubed.recall","bcubed.f1"
"majority-vote",0.951864026742641,0.274744462188229,0.426410500927925
