"","bcubed.precision","bcubed.recall","bcubed.f1"
"majority-vote",0.897141103792354,0.607778660237216,0.724640915933829
