"","bcubed.precision","bcubed.recall","bcubed.f1"
"majority-vote",0.818375316770102,0.787014765383628,0.80238873415676
