"","bcubed.precision","bcubed.recall","bcubed.f1"
"majority-vote",0.894031042090191,0.763349632930544,0.823538343476246
