"","bcubed.precision","bcubed.recall","bcubed.f1"
"majority-vote",0.96513357882515,0.109076035327722,0.196000748741989
