"","bcubed.precision","bcubed.recall","bcubed.f1"
"majority-vote",0.957437930013169,0.450761059754464,0.612947089321618
