"","bcubed.precision","bcubed.recall","bcubed.f1"
"majority-vote",0.977133274898215,0.710567004798392,0.822798541643999
