"","bcubed.precision","bcubed.recall","bcubed.f1"
"majority-vote",0.851182491135319,0.67844465989908,0.755060101175422
