"","bcubed.precision","bcubed.recall","bcubed.f1"
"majority-vote",0.860463930733579,0.773595476310438,0.814720690660745
