"","bcubed.precision","bcubed.recall","bcubed.f1"
"majority-vote",0.970199525811898,0.195093646499067,0.324862048143535
