"","bcubed.precision","bcubed.recall","bcubed.f1"
"majority-vote",0.958701894338191,0.878482078556701,0.91684060527415
