"","bcubed.precision","bcubed.recall","bcubed.f1"
"majority-vote",0.989797341519832,0.249050920840762,0.39796631571575
