"","bcubed.precision","bcubed.recall","bcubed.f1"
"majority-vote",0.737320447114241,0.289399574611039,0.415654159326362
