"","bcubed.precision","bcubed.recall","bcubed.f1"
"majority-vote",0.912147826964415,0.660853386865882,0.766427864736309
