"","bcubed.precision","bcubed.recall","bcubed.f1"
"majority-vote",0.977569458875415,0.613118648815507,0.753593445316007
