"","bcubed.precision","bcubed.recall","bcubed.f1"
"majority-vote",0.958478863978571,0.367316197152128,0.531099898753648
