"","bcubed.precision","bcubed.recall","bcubed.f1"
"majority-vote",0.867965710258256,0.970828679332344,0.916520094868676
