"","bcubed.precision","bcubed.recall","bcubed.f1"
"majority-vote",0.950561397693524,0.672801999901091,0.787919218019334
