"","bcubed.precision","bcubed.recall","bcubed.f1"
"majority-vote",0.991722844050214,0.160994369567295,0.27701814838401
