"","bcubed.precision","bcubed.recall","bcubed.f1"
"majority-vote",0.976243304675543,0.153240017316393,0.264899070222059
