"","bcubed.precision","bcubed.recall","bcubed.f1"
"majority-vote",0.973198561328524,0.0505631279879083,0.0961316758140434
