"","bcubed.precision","bcubed.recall","bcubed.f1"
"majority-vote",0.973914889888361,0.299056564889293,0.457599642743631
