"","bcubed.precision","bcubed.recall","bcubed.f1"
"majority-vote",0.988975631632583,0.886548910966796,0.934965391582027
