"","bcubed.precision","bcubed.recall","bcubed.f1"
"majority-vote",0.975173873601451,0.0817386428765041,0.150834412033323
