"","bcubed.precision","bcubed.recall","bcubed.f1"
"majority-vote",0.922194910616544,0.893626059732455,0.90768574406451
