"","bcubed.precision","bcubed.recall","bcubed.f1"
"majority-vote",0.95837326200435,0.343055685104718,0.505252932498961
