"","bcubed.precision","bcubed.recall","bcubed.f1"
"majority-vote",0.838887486629466,0.326498226263742,0.470050856792112
