"","bcubed.precision","bcubed.recall","bcubed.f1"
"majority-vote",0.992933633534368,0.191415821644037,0.320957984942628
