"","bcubed.precision","bcubed.recall","bcubed.f1"
"majority-vote",0.904788859240571,0.499234191668407,0.643438915737332
