"","bcubed.precision","bcubed.recall","bcubed.f1"
"majority-vote",0.933942932953914,0.326681496320373,0.48404880586181
