"","bcubed.precision","bcubed.recall","bcubed.f1"
"majority-vote",0.891099725962111,0.277962238598327,0.423744988976552
