"","bcubed.precision","bcubed.recall","bcubed.f1"
"majority-vote",0.932057463561998,0.245295127185378,0.388378393805357
