"","bcubed.precision","bcubed.recall","bcubed.f1"
"majority-vote",0.97422367367606,0.924984349894559,0.948965716512657
