"","bcubed.precision","bcubed.recall","bcubed.f1"
"majority-vote",0.967173111561467,0.0958693667650442,0.174446977704114
