"","bcubed.precision","bcubed.recall","bcubed.f1"
"majority-vote",0.985329902942881,0.821225698030841,0.89582433764982
