"","bcubed.precision","bcubed.recall","bcubed.f1"
"majority-vote",0.997372397372072,0.0782108516065903,0.145047525872958
