"","bcubed.precision","bcubed.recall","bcubed.f1"
"majority-vote",0.964695609709669,0.222929398080994,0.362166525954228
