"","bcubed.precision","bcubed.recall","bcubed.f1"
"majority-vote",0.978387390555471,0.572945111378564,0.72268488122867
