"","bcubed.precision","bcubed.recall","bcubed.f1"
"majority-vote",0.890776373589865,0.223146179418759,0.356888984689651
