"","bcubed.precision","bcubed.recall","bcubed.f1"
"majority-vote",0.962546765828309,0.117885420067131,0.210046000674974
