"","bcubed.precision","bcubed.recall","bcubed.f1"
"majority-vote",0.906932248094704,0.321328450663657,0.474529771133727
