"","bcubed.precision","bcubed.recall","bcubed.f1"
"majority-vote",0.275466345060995,0.806842723407159,0.410710808088492
