"","bcubed.precision","bcubed.recall","bcubed.f1"
"majority-vote",0.901755605243095,0.949979048755872,0.92523940212396
