"","bcubed.precision","bcubed.recall","bcubed.f1"
"majority-vote",0.882513275479661,0.950099464411218,0.915060091112258
