"","bcubed.precision","bcubed.recall","bcubed.f1"
"majority-vote",0.86778388997292,0.490062636740033,0.626386639247269
