"","bcubed.precision","bcubed.recall","bcubed.f1"
"majority-vote",0.405364143882138,0.869766462482928,0.552997686169329
