"","bcubed.precision","bcubed.recall","bcubed.f1"
"majority-vote",0.678613515451601,0.838300488751625,0.750051802673345
