"","bcubed.precision","bcubed.recall","bcubed.f1"
"majority-vote",0.923945445261952,0.140386090093521,0.243738128978244
