"","bcubed.precision","bcubed.recall","bcubed.f1"
"majority-vote",0.965900583035267,0.742324178925915,0.839481282782167
