"","bcubed.precision","bcubed.recall","bcubed.f1"
"majority-vote",0.894664054396681,0.279077747661821,0.425444214012195
