"","bcubed.precision","bcubed.recall","bcubed.f1"
"majority-vote",0.979998086255482,0.107700365380067,0.194072450508272
