"","bcubed.precision","bcubed.recall","bcubed.f1"
"majority-vote",0.998109535359337,0.604812131613305,0.753210550587122
