"","bcubed.precision","bcubed.recall","bcubed.f1"
"majority-vote",0.893007647885126,0.245898718284602,0.385614555429704
