"","bcubed.precision","bcubed.recall","bcubed.f1"
"majority-vote",0.902551373751692,0.85822721349337,0.879831406561421
