"","bcubed.precision","bcubed.recall","bcubed.f1"
"majority-vote",0.961899806719083,0.556233030733936,0.704866440609221
