"","bcubed.precision","bcubed.recall","bcubed.f1"
"majority-vote",0.964276790976956,0.8349720757291,0.894978130750115
