"","bcubed.precision","bcubed.recall","bcubed.f1"
"majority-vote",0.884803760374373,0.962613627134874,0.922070088584449
