"","bcubed.precision","bcubed.recall","bcubed.f1"
"majority-vote",0.91606358492543,0.496075880564906,0.643614969556188
