"","bcubed.precision","bcubed.recall","bcubed.f1"
"majority-vote",0.978380834145876,0.02908816602804,0.0564966349086169
