"","bcubed.precision","bcubed.recall","bcubed.f1"
"majority-vote",0.922344715734836,0.549391146521666,0.688612724417592
