"","bcubed.precision","bcubed.recall","bcubed.f1"
"majority-vote",0.996401582363875,0.255398435455803,0.4065815651044
