"","bcubed.precision","bcubed.recall","bcubed.f1"
"majority-vote",0.731983663135213,0.560419052422587,0.634813879520519
