"","bcubed.precision","bcubed.recall","bcubed.f1"
"majority-vote",0.977540561808602,0.159456460027594,0.274187450847768
