"","bcubed.precision","bcubed.recall","bcubed.f1"
"majority-vote",0.963517684754452,0.103411248705273,0.186776389327027
