"","bcubed.precision","bcubed.recall","bcubed.f1"
"majority-vote",0.880718979341932,0.859333797232836,0.869894976752057
