"","bcubed.precision","bcubed.recall","bcubed.f1"
"majority-vote",0.879292081069418,0.110191014336642,0.195839801126576
