"","bcubed.precision","bcubed.recall","bcubed.f1"
"majority-vote",0.918835428519335,0.0839012111035928,0.153762019280856
