"","bcubed.precision","bcubed.recall","bcubed.f1"
"majority-vote",0.998522801674878,0.415007285392048,0.58632531577028
