"","bcubed.precision","bcubed.recall","bcubed.f1"
"majority-vote",0.938051451631089,0.208523778261543,0.341200520991818
