"","bcubed.precision","bcubed.recall","bcubed.f1"
"majority-vote",0.870727426483834,0.833872317923135,0.851901450511977
