"","bcubed.precision","bcubed.recall","bcubed.f1"
"majority-vote",0.971957047903384,0.506594411407393,0.666041084326423
