"","bcubed.precision","bcubed.recall","bcubed.f1"
"majority-vote",0.986288280865519,0.30386163627707,0.464589683543843
