"","bcubed.precision","bcubed.recall","bcubed.f1"
"majority-vote",0.9200965893603,0.248857441675188,0.391756865100059
