"","bcubed.precision","bcubed.recall","bcubed.f1"
"majority-vote",0.97507368137394,0.483630888484525,0.646567866592083
