"","bcubed.precision","bcubed.recall","bcubed.f1"
"majority-vote",0.958607740657809,0.955827802286491,0.957215753107683
