"","bcubed.precision","bcubed.recall","bcubed.f1"
"majority-vote",0.929846745810234,0.975748002667628,0.952244548045751
