"","bcubed.precision","bcubed.recall","bcubed.f1"
"majority-vote",0.988698012586872,0.0612436304012115,0.115342516540169
