"","bcubed.precision","bcubed.recall","bcubed.f1"
"majority-vote",0.941245546348105,0.25203745119926,0.39760748949214
