"","bcubed.precision","bcubed.recall","bcubed.f1"
"majority-vote",0.990670503558379,0.54581962126827,0.703847542287182
