"","bcubed.precision","bcubed.recall","bcubed.f1"
"majority-vote",0.653488065749163,0.888628853818794,0.753131417575824
