"","bcubed.precision","bcubed.recall","bcubed.f1"
"majority-vote",0.967463480858193,0.46508110767955,0.628181476398334
