"","bcubed.precision","bcubed.recall","bcubed.f1"
"majority-vote",0.966440732750099,0.579354126682769,0.724431735940063
