"","bcubed.precision","bcubed.recall","bcubed.f1"
"majority-vote",0.88550372796701,0.445813382060091,0.593050909987562
