"","bcubed.precision","bcubed.recall","bcubed.f1"
"majority-vote",0.895203202553676,0.76447074085372,0.824688075858819
