"","bcubed.precision","bcubed.recall","bcubed.f1"
"majority-vote",0.894703337154027,0.440173926547542,0.59005436937058
