"","bcubed.precision","bcubed.recall","bcubed.f1"
"majority-vote",0.971909881900101,0.44254670440568,0.608170684598474
