"","bcubed.precision","bcubed.recall","bcubed.f1"
"majority-vote",0.953837966532408,0.583772067168403,0.724272018602966
