"","bcubed.precision","bcubed.recall","bcubed.f1"
"majority-vote",0.994296977689047,0.627986860011552,0.769785684141369
