"","bcubed.precision","bcubed.recall","bcubed.f1"
"majority-vote",0.971132732352672,0.357433479533115,0.522541290765804
