"","bcubed.precision","bcubed.recall","bcubed.f1"
"majority-vote",0.966733357091562,0.376160487631309,0.541586950363987
