"","bcubed.precision","bcubed.recall","bcubed.f1"
"majority-vote",0.777137175125279,0.86289159842441,0.817772407477295
