"","bcubed.precision","bcubed.recall","bcubed.f1"
"majority-vote",0.984068166259348,0.370023600558464,0.537819452118774
