"","bcubed.precision","bcubed.recall","bcubed.f1"
"majority-vote",0.954814721924502,0.958714739275302,0.956760756233255
