"","bcubed.precision","bcubed.recall","bcubed.f1"
"majority-vote",0.910365853658537,0.139442780152478,0.241842068166649
