"","bcubed.precision","bcubed.recall","bcubed.f1"
"majority-vote",0.98336993362335,0.365260397644989,0.532667973809531
