"","bcubed.precision","bcubed.recall","bcubed.f1"
"majority-vote",0.95164014586225,0.588129009360296,0.726975435707517
