"","bcubed.precision","bcubed.recall","bcubed.f1"
"majority-vote",0.999050176979266,0.0695695289339241,0.130080794522513
