"","bcubed.precision","bcubed.recall","bcubed.f1"
"majority-vote",0.957448991135679,0.912568214467294,0.934470029116623
