"","bcubed.precision","bcubed.recall","bcubed.f1"
"majority-vote",0.982646203599303,0.347007123406963,0.512893436976539
