"","bcubed.precision","bcubed.recall","bcubed.f1"
"majority-vote",0.987876313136418,0.0902853763653074,0.16544973838778
