"","bcubed.precision","bcubed.recall","bcubed.f1"
"majority-vote",0.891853689111948,0.399541928468499,0.55185713503838
