"","bcubed.precision","bcubed.recall","bcubed.f1"
"majority-vote",0.841160114281716,0.859105841231589,0.850038272244636
