"","bcubed.precision","bcubed.recall","bcubed.f1"
"majority-vote",0.859006614131549,0.529150754694753,0.654888283364896
