"","bcubed.precision","bcubed.recall","bcubed.f1"
"majority-vote",0.98294845322878,0.397448461564555,0.566027562574677
