"","bcubed.precision","bcubed.recall","bcubed.f1"
"majority-vote",0.872535976515059,0.240198225531066,0.376696596339986
