"","bcubed.precision","bcubed.recall","bcubed.f1"
"majority-vote",0.401942172714493,0.893164898155726,0.554395304962406
