"","bcubed.precision","bcubed.recall","bcubed.f1"
"majority-vote",0.991361409100749,0.0364887736614877,0.0703868378486799
