"","bcubed.precision","bcubed.recall","bcubed.f1"
"majority-vote",0.775743745978782,0.516943338759841,0.620437175868314
