"","bcubed.precision","bcubed.recall","bcubed.f1"
"majority-vote",0.997524639666256,0.629588683845423,0.771956342457361
