"","bcubed.precision","bcubed.recall","bcubed.f1"
"majority-vote",0.053566404554768,0.989644369445735,0.101631792884557
