"","bcubed.precision","bcubed.recall","bcubed.f1"
"majority-vote",0.926483641790486,0.62836743936448,0.74884618940165
