"","bcubed.precision","bcubed.recall","bcubed.f1"
"majority-vote",0.978324864833414,0.133196143923249,0.234469881313007
