"","bcubed.precision","bcubed.recall","bcubed.f1"
"majority-vote",0.844674024161245,0.870504908894758,0.857394957782221
