"","bcubed.precision","bcubed.recall","bcubed.f1"
"majority-vote",0.894127811413036,0.693258241705005,0.780983898884806
