"","bcubed.precision","bcubed.recall","bcubed.f1"
"majority-vote",0.954035930348314,0.877361214085295,0.914093510165713
