"","bcubed.precision","bcubed.recall","bcubed.f1"
"majority-vote",0.938970245153828,0.504027847639805,0.65594979511922
