"","bcubed.precision","bcubed.recall","bcubed.f1"
"majority-vote",0.971515654020734,0.072654158825062,0.135197650343643
