"","bcubed.precision","bcubed.recall","bcubed.f1"
"majority-vote",0.9542219741398,0.790941041650654,0.86494306304128
