"","bcubed.precision","bcubed.recall","bcubed.f1"
"majority-vote",0.977984977974203,0.961502319518025,0.969673610125564
