"","bcubed.precision","bcubed.recall","bcubed.f1"
"majority-vote",0.924556598551687,0.446327525635765,0.602027628245213
