"","bcubed.precision","bcubed.recall","bcubed.f1"
"majority-vote",0.918009220724728,0.414931316588635,0.571534534261477
