"","bcubed.precision","bcubed.recall","bcubed.f1"
"majority-vote",0.954936346252552,0.131153581808463,0.230631587632351
