"","bcubed.precision","bcubed.recall","bcubed.f1"
"majority-vote",0.939922250993551,0.638080031407843,0.760132765489041
