"","bcubed.precision","bcubed.recall","bcubed.f1"
"majority-vote",0.964947503446773,0.803555776494136,0.876887421361365
