"","bcubed.precision","bcubed.recall","bcubed.f1"
"majority-vote",0.913307316273858,0.199105614684104,0.326937254218358
