"","bcubed.precision","bcubed.recall","bcubed.f1"
"majority-vote",0.947886756829137,0.238978915681709,0.381719607505135
