"","bcubed.precision","bcubed.recall","bcubed.f1"
"majority-vote",0.986288776741373,0.0276840678869382,0.0538564431899404
