"","bcubed.precision","bcubed.recall","bcubed.f1"
"majority-vote",0.93115257301071,0.302664220269865,0.456836977738358
