"","bcubed.precision","bcubed.recall","bcubed.f1"
"majority-vote",0.931596479919674,0.637508392988549,0.756992837230348
