"","bcubed.precision","bcubed.recall","bcubed.f1"
"majority-vote",0.72951051803103,0.964291457777545,0.830629283639111
