"","bcubed.precision","bcubed.recall","bcubed.f1"
"majority-vote",0.993136605666231,0.979258562933573,0.986148760394542
