"","bcubed.precision","bcubed.recall","bcubed.f1"
"majority-vote",0.984618931559186,0.665326657072337,0.794078576576272
