"","bcubed.precision","bcubed.recall","bcubed.f1"
"majority-vote",0.995521190100087,0.342360076433311,0.509502179691576
