"","bcubed.precision","bcubed.recall","bcubed.f1"
"majority-vote",0.950093788128362,0.553932235740776,0.699838390917573
