"","bcubed.precision","bcubed.recall","bcubed.f1"
"majority-vote",0.898992331450969,0.904099657988297,0.901538761371442
