"","bcubed.precision","bcubed.recall","bcubed.f1"
"majority-vote",0.99300498877081,0.708122891089657,0.826709822159302
