"","bcubed.precision","bcubed.recall","bcubed.f1"
"majority-vote",0.942838822631738,0.202823454224731,0.333832806833886
