"","bcubed.precision","bcubed.recall","bcubed.f1"
"majority-vote",0.98443458022889,0.196543232752809,0.327667383256487
