"","bcubed.precision","bcubed.recall","bcubed.f1"
"majority-vote",0.969202510903888,0.463568994853765,0.627165227649993
