"","bcubed.precision","bcubed.recall","bcubed.f1"
"majority-vote",0.970645428882521,0.0910418521067167,0.166469654797115
