"","bcubed.precision","bcubed.recall","bcubed.f1"
"majority-vote",0.889985253443476,0.796395071309499,0.840593143761142
