"","bcubed.precision","bcubed.recall","bcubed.f1"
"majority-vote",0.131569807271809,0.899043442174731,0.229546772233785
