"","bcubed.precision","bcubed.recall","bcubed.f1"
"majority-vote",0.909745127479081,0.91058109464314,0.910162919106204
