"","bcubed.precision","bcubed.recall","bcubed.f1"
"majority-vote",0.982632224339309,0.0906648304241045,0.166012165212961
