"","bcubed.precision","bcubed.recall","bcubed.f1"
"majority-vote",0.940736184474343,0.586371706626892,0.722438912391584
