"","bcubed.precision","bcubed.recall","bcubed.f1"
"majority-vote",0.60066812663462,0.751879367289999,0.66782123812131
