"","bcubed.precision","bcubed.recall","bcubed.f1"
"majority-vote",0.939460176294272,0.540741810647481,0.686400101124249
