"","bcubed.precision","bcubed.recall","bcubed.f1"
"majority-vote",0.867245386120405,0.131921473203611,0.229007373289865
