"","bcubed.precision","bcubed.recall","bcubed.f1"
"majority-vote",0.973805037293626,0.152020603397417,0.262986423492635
