"","bcubed.precision","bcubed.recall","bcubed.f1"
"majority-vote",0.933304310437513,0.651878016058757,0.767609570328532
