"","bcubed.precision","bcubed.recall","bcubed.f1"
"majority-vote",0.981623970815314,0.831859458881649,0.900557647029765
