"","bcubed.precision","bcubed.recall","bcubed.f1"
"majority-vote",0.998832663698556,0.130256231700741,0.230458698873266
