"","bcubed.precision","bcubed.recall","bcubed.f1"
"majority-vote",0.986332829037439,0.671704664733008,0.799166924430815
