"","bcubed.precision","bcubed.recall","bcubed.f1"
"majority-vote",0.964655302187273,0.0840421964229097,0.154614177099243
