"","bcubed.precision","bcubed.recall","bcubed.f1"
"majority-vote",0.942108015647537,0.212717657566236,0.347070583744845
