"","bcubed.precision","bcubed.recall","bcubed.f1"
"majority-vote",0.840313480601494,0.908552224661018,0.87310155367079
