"","bcubed.precision","bcubed.recall","bcubed.f1"
"majority-vote",0.966320391842363,0.149799737354569,0.259388818661488
