"","bcubed.precision","bcubed.recall","bcubed.f1"
"majority-vote",0.956341729729651,0.0449123268617423,0.0857954723366886
