"","bcubed.precision","bcubed.recall","bcubed.f1"
"majority-vote",0.918206169027296,0.278595871774844,0.427486650938108
