"","bcubed.precision","bcubed.recall","bcubed.f1"
"majority-vote",0.920891154616246,0.594205305140478,0.722328147499964
