"","bcubed.precision","bcubed.recall","bcubed.f1"
"majority-vote",0.962750006269132,0.181964868674467,0.306079150872808
