"","bcubed.precision","bcubed.recall","bcubed.f1"
"majority-vote",0.987632141211832,0.136280482275438,0.239511473939052
