{
      "avg_bcuded_f1": 0.7720414702694148,
      "avg_bcuded_recall": 0.7359886528483615,
      "avg_bcuded_precision": 0.8784081574391682,
      "avg_bcuded_f1star": 0.8009163946867824
}