{
      "avg_bcuded_f1": 0.32993158981041304,
      "avg_bcuded_recall": 0.21623065117262455,
      "avg_bcuded_precision": 0.9401681502060107,
      "avg_bcuded_f1star": 0.35159699420034957
}