{
      "avg_bcuded_f1": 0.6182398993690057,
      "avg_bcuded_recall": 0.5028619808491468,
      "avg_bcuded_precision": 0.916206776315174,
      "avg_bcuded_f1star": 0.649335068620512
}