"","bcubed.precision","bcubed.recall","bcubed.f1"
"majority-vote",0.853640764876785,0.858709677419355,0.856167718631725
