"","bcubed.precision","bcubed.recall","bcubed.f1"
"majority-vote",0.969885773624091,0.309888206051773,0.469701943056584
