"","bcubed.precision","bcubed.recall","bcubed.f1"
"majority-vote",0.771895833790896,0.609814046959262,0.68134842023343
