"","bcubed.precision","bcubed.recall","bcubed.f1"
"majority-vote",0.897791543226502,0.594441204865174,0.715282903897963
