"","bcubed.precision","bcubed.recall","bcubed.f1"
"majority-vote",0.881951881202256,0.827246436773334,0.853723694268841
