"","bcubed.precision","bcubed.recall","bcubed.f1"
"majority-vote",0.943823811043728,0.578000633631053,0.716943091206465
