"","bcubed.precision","bcubed.recall","bcubed.f1"
"majority-vote",0.842771651189964,0.809688544317823,0.825898927307765
