"","bcubed.precision","bcubed.recall","bcubed.f1"
"majority-vote",0.88649123024123,0.807971820541342,0.84541227719441
