"","bcubed.precision","bcubed.recall","bcubed.f1"
"majority-vote",0.990748898678414,0.647664026388675,0.783285350159127
