"","bcubed.precision","bcubed.recall","bcubed.f1"
"majority-vote",0.941016382810738,0.6185999991697,0.746481943061172
