"","bcubed.precision","bcubed.recall","bcubed.f1"
"majority-vote",0.557213821318568,0.876543579446815,0.681317769931065
