"","bcubed.precision","bcubed.recall","bcubed.f1"
"majority-vote",0.624997947884164,0.432402123241785,0.511160244956482
