"","bcubed.precision","bcubed.recall","bcubed.f1"
"majority-vote",0.907474446337308,0.61368785607083,0.732211213136394
