"","bcubed.precision","bcubed.recall","bcubed.f1"
"majority-vote",0.989510489510489,0.648517164302251,0.783521004924421
