"","bcubed.precision","bcubed.recall","bcubed.f1"
"majority-vote",0.978638184245661,0.621277941483026,0.760047738487431
