"","bcubed.precision","bcubed.recall","bcubed.f1"
"majority-vote",0.980519480519481,0.446374244695665,0.613470554662753
