"","bcubed.precision","bcubed.recall","bcubed.f1"
"majority-vote",0.910982402244478,0.803021995113963,0.853602134617031
