"","bcubed.precision","bcubed.recall","bcubed.f1"
"majority-vote",0.893460517351745,0.572399345101345,0.697769586446281
