"","bcubed.precision","bcubed.recall","bcubed.f1"
"majority-vote",0.982856158992523,0.549419129769099,0.704834150263295
