"","bcubed.precision","bcubed.recall","bcubed.f1"
"majority-vote",0.929750583808403,0.853420926641108,0.889952088320272
