"","bcubed.precision","bcubed.recall","bcubed.f1"
"majority-vote",0.91688631172026,0.921656710473915,0.919265322309554
