"","bcubed.precision","bcubed.recall","bcubed.f1"
"majority-vote",0.877199040418726,0.544747640634473,0.672109740825151
