"","bcubed.precision","bcubed.recall","bcubed.f1"
"majority-vote",0.590560535694999,0.836867350003755,0.69246346589613
