"","bcubed.precision","bcubed.recall","bcubed.f1"
"majority-vote",0.941470440657312,0.788657633748931,0.858315474972192
