"","bcubed.precision","bcubed.recall","bcubed.f1"
"majority-vote",0.935894097222222,0.556770934535598,0.698185621087571
