"","bcubed.precision","bcubed.recall","bcubed.f1"
"majority-vote",0.994523548740416,0.56644634550015,0.721787437126613
