"","bcubed.precision","bcubed.recall","bcubed.f1"
"majority-vote",0.783207889454995,0.674399855188255,0.72474270141865
