"","bcubed.precision","bcubed.recall","bcubed.f1"
"majority-vote",0.763817703073656,0.928820158656287,0.838276510521003
