"","bcubed.precision","bcubed.recall","bcubed.f1"
"majority-vote",0.889010318441644,0.700177070006241,0.783374754288391
