"","bcubed.precision","bcubed.recall","bcubed.f1"
"majority-vote",0.969592656339644,0.520556375822352,0.677419007514763
