"","bcubed.precision","bcubed.recall","bcubed.f1"
"majority-vote",0.942139175257732,0.473432815017756,0.630189923147562
