"","bcubed.precision","bcubed.recall","bcubed.f1"
"majority-vote",0.992535170829745,0.408020819676031,0.578306068025163
