"","bcubed.precision","bcubed.recall","bcubed.f1"
"majority-vote",0.696167285095857,0.861607142857143,0.770102133786154
