"","bcubed.precision","bcubed.recall","bcubed.f1"
"majority-vote",0.912058266379254,0.204453644906538,0.334028925340583
