"","bcubed.precision","bcubed.recall","bcubed.f1"
"majority-vote",0.718012170385396,0.806996687659425,0.759908298425292
