"","bcubed.precision","bcubed.recall","bcubed.f1"
"majority-vote",0.971632054581363,0.585732242304134,0.730871027623613
