"","bcubed.precision","bcubed.recall","bcubed.f1"
"majority-vote",0.970149253731343,0.467129841034108,0.630616097215045
