"","bcubed.precision","bcubed.recall","bcubed.f1"
"majority-vote",0.995341614906832,0.670585005188079,0.80130919807042
