"","bcubed.precision","bcubed.recall","bcubed.f1"
"majority-vote",0.971546961325967,0.567225942073205,0.716267669113646
