"","bcubed.precision","bcubed.recall","bcubed.f1"
"majority-vote",0.812272789814161,0.695501437877552,0.749365366364479
