"","bcubed.precision","bcubed.recall","bcubed.f1"
"majority-vote",0.972770592239619,0.319134976259257,0.480600327810049
