"","bcubed.precision","bcubed.recall","bcubed.f1"
"majority-vote",0.919034608378871,0.648038706378048,0.760104831244456
