"","bcubed.precision","bcubed.recall","bcubed.f1"
"majority-vote",0.976737821565408,0.848039644051189,0.907850310669825
