"","bcubed.precision","bcubed.recall","bcubed.f1"
"majority-vote",0.697732104890149,0.604441767045643,0.64774518287228
