"","bcubed.precision","bcubed.recall","bcubed.f1"
"majority-vote",0.908575265263163,0.829571895254176,0.867278124553147
