"","bcubed.precision","bcubed.recall","bcubed.f1"
"majority-vote",0.584459071914347,0.97279792746114,0.730207761560424
