"","bcubed.precision","bcubed.recall","bcubed.f1"
"majority-vote",0.993141473910705,0.609124613700902,0.755114174010832
