"","bcubed.precision","bcubed.recall","bcubed.f1"
"majority-vote",0.993904208998549,0.782274215734582,0.875481454771594
