"","bcubed.precision","bcubed.recall","bcubed.f1"
"majority-vote",0.991739674593242,0.45619974585819,0.624931376432674
