"","bcubed.precision","bcubed.recall","bcubed.f1"
"majority-vote",0.797742165242165,0.56821596214166,0.663695061915579
