"","bcubed.precision","bcubed.recall","bcubed.f1"
"majority-vote",0.910946637426901,0.282941490403639,0.431773452241473
