"","bcubed.precision","bcubed.recall","bcubed.f1"
"majority-vote",0.991650277132129,0.448127031463371,0.617297261580747
