"","bcubed.precision","bcubed.recall","bcubed.f1"
"majority-vote",0.296303593017527,0.891639670014964,0.444795717310567
