"","bcubed.precision","bcubed.recall","bcubed.f1"
"majority-vote",0.897397650602803,0.622757447263141,0.73526848787192
