"","bcubed.precision","bcubed.recall","bcubed.f1"
"majority-vote",0.930263852376223,0.721464458383589,0.812666710422497
