"","bcubed.precision","bcubed.recall","bcubed.f1"
"majority-vote",0.892207120098024,0.707022587840257,0.788893032451787
