"","bcubed.precision","bcubed.recall","bcubed.f1"
"majority-vote",0.9675504827505,0.45895038990663,0.622583105028948
