"","bcubed.precision","bcubed.recall","bcubed.f1"
"majority-vote",0.867806069061737,0.456499006822736,0.598279982241772
