"","bcubed.precision","bcubed.recall","bcubed.f1"
"majority-vote",0.799520337635316,0.959808992939428,0.87236289052221
