"","bcubed.precision","bcubed.recall","bcubed.f1"
"majority-vote",0.986263736263736,0.219632949210414,0.359261312688183
