"","bcubed.precision","bcubed.recall","bcubed.f1"
"majority-vote",0.981774294912981,0.886695130813954,0.931815607867341
