"","bcubed.precision","bcubed.recall","bcubed.f1"
"majority-vote",0.9789726146869,0.708730459032024,0.822215378274982
