"","bcubed.precision","bcubed.recall","bcubed.f1"
"majority-vote",0.975055130367103,0.333936146478622,0.497491707696652
