"","bcubed.precision","bcubed.recall","bcubed.f1"
"majority-vote",0.212761509220716,0.757477248749861,0.332211017794166
