"","bcubed.precision","bcubed.recall","bcubed.f1"
"majority-vote",0.960425873844918,0.538739058807542,0.690276193179302
