"","bcubed.precision","bcubed.recall","bcubed.f1"
"majority-vote",0.981236282951065,0.712511179220348,0.82555615482717
