"","bcubed.precision","bcubed.recall","bcubed.f1"
"majority-vote",0.886258810446614,0.373206092211109,0.525234465266135
