"","bcubed.precision","bcubed.recall","bcubed.f1"
"majority-vote",0.791426398769779,0.747311887078888,0.768736777381855
