"","bcubed.precision","bcubed.recall","bcubed.f1"
"majority-vote",0.780113780025284,0.976182190164718,0.867203696060834
