"","bcubed.precision","bcubed.recall","bcubed.f1"
"majority-vote",0.883113245298119,0.457499451161653,0.602745037555445
