"","bcubed.precision","bcubed.recall","bcubed.f1"
"majority-vote",0.941809485850937,0.420052058382038,0.580982721497183
