"","bcubed.precision","bcubed.recall","bcubed.f1"
"majority-vote",0.903139002532632,0.575142269410188,0.702753157153659
