"","bcubed.precision","bcubed.recall","bcubed.f1"
"majority-vote",0.979366902419815,0.410920442570296,0.578933387304785
