"","bcubed.precision","bcubed.recall","bcubed.f1"
"majority-vote",0.929775275681642,0.779272805682557,0.847897254191182
