"","bcubed.precision","bcubed.recall","bcubed.f1"
"majority-vote",0.958595501912677,0.622385525261253,0.754741460797252
