"","bcubed.precision","bcubed.recall","bcubed.f1"
"majority-vote",0.928608115048793,0.461350152879892,0.616440803624544
