"","bcubed.precision","bcubed.recall","bcubed.f1"
"majority-vote",0.970238095238095,0.71386444935427,0.822537185545701
