"","bcubed.precision","bcubed.recall","bcubed.f1"
"majority-vote",0.912868076678524,0.361963187777262,0.518381762775032
