"","bcubed.precision","bcubed.recall","bcubed.f1"
"majority-vote",0.993640585923544,0.17046848686178,0.291011231037929
