"","bcubed.precision","bcubed.recall","bcubed.f1"
"majority-vote",0.978743921531383,0.917320554748062,0.947037327356308
