"","bcubed.precision","bcubed.recall","bcubed.f1"
"majority-vote",0.981332641949702,0.892219387755102,0.934656732348568
