"","bcubed.precision","bcubed.recall","bcubed.f1"
"majority-vote",0.948218448218448,0.551138541067475,0.697098470742811
