"","bcubed.precision","bcubed.recall","bcubed.f1"
"majority-vote",0.932116944088775,0.77818987288965,0.848226714689968
