"","bcubed.precision","bcubed.recall","bcubed.f1"
"majority-vote",0.82161753590325,0.75051500223914,0.784458398815094
