"","bcubed.precision","bcubed.recall","bcubed.f1"
"majority-vote",0.942265972265826,0.155416607534365,0.266823548992244
