"","bcubed.precision","bcubed.recall","bcubed.f1"
"majority-vote",0.989208633093525,0.623420595535452,0.764829291450056
