"","bcubed.precision","bcubed.recall","bcubed.f1"
"majority-vote",0.884246979074565,0.735407879132698,0.802988602436564
