"","bcubed.precision","bcubed.recall","bcubed.f1"
"majority-vote",0.924532393602602,0.36141624901126,0.519680209166157
