"","bcubed.precision","bcubed.recall","bcubed.f1"
"majority-vote",0.929201310153691,0.410870496273706,0.569792456806991
