"","bcubed.precision","bcubed.recall","bcubed.f1"
"majority-vote",0.901748159831756,0.635630933768382,0.745657368756777
