"","bcubed.precision","bcubed.recall","bcubed.f1"
"majority-vote",0.989393939393939,0.495490562269691,0.660300998208654
