"","bcubed.precision","bcubed.recall","bcubed.f1"
"majority-vote",0.969167170800565,0.747342532472054,0.843921646855771
