"","bcubed.precision","bcubed.recall","bcubed.f1"
"majority-vote",0.994983277591973,0.623434895022446,0.76655997283148
