"","bcubed.precision","bcubed.recall","bcubed.f1"
"majority-vote",0.860574458021,0.764960460426438,0.809955450563596
