"","bcubed.precision","bcubed.recall","bcubed.f1"
"majority-vote",0.94412248216596,0.471724810880797,0.629115867982718
