"","bcubed.precision","bcubed.recall","bcubed.f1"
"majority-vote",0.97360237550111,0.506771496477379,0.666580168896412
