"","bcubed.precision","bcubed.recall","bcubed.f1"
"majority-vote",0.970944816053512,0.831555483054673,0.895860584247647
