"","bcubed.precision","bcubed.recall","bcubed.f1"
"majority-vote",0.999000999063343,0.991573729863693,0.995273508081499
