"","bcubed.precision","bcubed.recall","bcubed.f1"
"majority-vote",0.966820987654321,0.518871476986357,0.67531584871696
