"","bcubed.precision","bcubed.recall","bcubed.f1"
"majority-vote",0.990131259115216,0.23202651187549,0.375952610709436
