"","bcubed.precision","bcubed.recall","bcubed.f1"
"majority-vote",0.947062846775341,0.885476878612717,0.915235006144405
