"","bcubed.precision","bcubed.recall","bcubed.f1"
"majority-vote",0.825855698849774,0.544555214723926,0.656334567922179
