"","bcubed.precision","bcubed.recall","bcubed.f1"
"majority-vote",0.987341772151899,0.916064858972612,0.950368761434595
