"","bcubed.precision","bcubed.recall","bcubed.f1"
"majority-vote",0.992653414001729,0.425351118391391,0.595521706983673
