"","bcubed.precision","bcubed.recall","bcubed.f1"
"majority-vote",0.976214424753786,0.422593618590034,0.58984788976523
