"","bcubed.precision","bcubed.recall","bcubed.f1"
"majority-vote",0.940447062736062,0.650167779557594,0.768820159742584
