"","bcubed.precision","bcubed.recall","bcubed.f1"
"majority-vote",0.860054347826087,0.603946109693878,0.709598791211835
