"","bcubed.precision","bcubed.recall","bcubed.f1"
"majority-vote",0.637611367127496,0.517075664621677,0.571052263275793
