"","bcubed.precision","bcubed.recall","bcubed.f1"
"majority-vote",0.770205354828861,0.830976472679902,0.799437662855134
