"","bcubed.precision","bcubed.recall","bcubed.f1"
"majority-vote",0.990723270440252,0.525054166847645,0.686358522750303
