"","bcubed.precision","bcubed.recall","bcubed.f1"
"majority-vote",0.989648033126294,0.309212444708034,0.471199937092105
