"","bcubed.precision","bcubed.recall","bcubed.f1"
"majority-vote",0.977272727272727,0.131436870946367,0.23171021436141
