"","bcubed.precision","bcubed.recall","bcubed.f1"
"majority-vote",0.678106431369747,0.895164813934968,0.771662253761762
