"","bcubed.precision","bcubed.recall","bcubed.f1"
"majority-vote",0.726868281892386,0.577084915613196,0.64337389090375
