"","bcubed.precision","bcubed.recall","bcubed.f1"
"majority-vote",0.742851561783335,0.633679091700306,0.683936099421721
