"","bcubed.precision","bcubed.recall","bcubed.f1"
"majority-vote",0.872906511867577,0.511074723884671,0.644691478475674
