"","bcubed.precision","bcubed.recall","bcubed.f1"
"majority-vote",0.862666666666667,0.795454545454545,0.827698380788771
