"","bcubed.precision","bcubed.recall","bcubed.f1"
"majority-vote",0.913194444444444,0.879981909408227,0.896280601912545
