"","bcubed.precision","bcubed.recall","bcubed.f1"
"majority-vote",0.968390804597701,0.504225425119221,0.663156164214872
