"","bcubed.precision","bcubed.recall","bcubed.f1"
"majority-vote",0.941288882199478,0.0406984083786812,0.0780233302357951
