"","bcubed.precision","bcubed.recall","bcubed.f1"
"majority-vote",0.953816135684824,0.312425670412461,0.470678892778018
