"","bcubed.precision","bcubed.recall","bcubed.f1"
"majority-vote",0.983199800243182,0.909956605593057,0.945161371866544
