"","bcubed.precision","bcubed.recall","bcubed.f1"
"majority-vote",0.92552074267479,0.787332626225589,0.850852373223526
