"","bcubed.precision","bcubed.recall","bcubed.f1"
"majority-vote",0.945718773539305,0.691007038857308,0.798543438791694
