"","bcubed.precision","bcubed.recall","bcubed.f1"
"majority-vote",0.959683691988592,0.637046463098168,0.765768842940284
