"","bcubed.precision","bcubed.recall","bcubed.f1"
"majority-vote",0.972398685651698,0.38648023733514,0.553121942592212
