"","bcubed.precision","bcubed.recall","bcubed.f1"
"majority-vote",0.938114210668558,0.639213075819811,0.760342986783352
