"","bcubed.precision","bcubed.recall","bcubed.f1"
"majority-vote",0.989908854166667,0.503574517467512,0.66755731338119
