"","bcubed.precision","bcubed.recall","bcubed.f1"
"majority-vote",0.868561113833639,0.742199863357001,0.800424084185192
