"","bcubed.precision","bcubed.recall","bcubed.f1"
"majority-vote",0.985816356657809,0.835585421627406,0.904505294598564
