"","bcubed.precision","bcubed.recall","bcubed.f1"
"majority-vote",0.984928360494367,0.922140730448591,0.952500947238073
