"","bcubed.precision","bcubed.recall","bcubed.f1"
"majority-vote",0.960978835978836,0.659414965986395,0.782135584167368
