"","bcubed.precision","bcubed.recall","bcubed.f1"
"majority-vote",0.976447337828412,0.734225327554041,0.838187668470231
