"","bcubed.precision","bcubed.recall","bcubed.f1"
"majority-vote",0.967390667993677,0.589782636121027,0.732802465622239
