"","bcubed.precision","bcubed.recall","bcubed.f1"
"majority-vote",0.972595876984289,0.617000771176338,0.755024750255505
