"","bcubed.precision","bcubed.recall","bcubed.f1"
"majority-vote",0.986158555443095,0.389752487821192,0.558695639884142
