"","bcubed.precision","bcubed.recall","bcubed.f1"
"majority-vote",0.651488382141827,0.956326769350751,0.775009215686094
