"","bcubed.precision","bcubed.recall","bcubed.f1"
"majority-vote",0.916487916487916,0.719013870072161,0.805829170134193
