"","bcubed.precision","bcubed.recall","bcubed.f1"
"majority-vote",0.886296429065816,0.480185137199078,0.622893689745569
