"","bcubed.precision","bcubed.recall","bcubed.f1"
"majority-vote",0.889338156156486,0.197382152605771,0.323062849274528
