"","bcubed.precision","bcubed.recall","bcubed.f1"
"majority-vote",0.826499587599222,0.891815890550468,0.857916343217836
