"","bcubed.precision","bcubed.recall","bcubed.f1"
"majority-vote",0.977789742899448,0.349001836284615,0.514399429610531
