"","bcubed.precision","bcubed.recall","bcubed.f1"
"majority-vote",0.719718211814499,0.905664837477121,0.802055217219575
