"","bcubed.precision","bcubed.recall","bcubed.f1"
"majority-vote",0.87454312154911,0.78771382163342,0.828860673175752
