"","bcubed.precision","bcubed.recall","bcubed.f1"
"majority-vote",0.924692534362346,0.123576487494207,0.218017041477072
