"","bcubed.precision","bcubed.recall","bcubed.f1"
"majority-vote",0.933363037607211,0.892414484141095,0.912429563625038
