"","bcubed.precision","bcubed.recall","bcubed.f1"
"majority-vote",0.983012649124116,0.930215525424716,0.955885596990818
