"","bcubed.precision","bcubed.recall","bcubed.f1"
"majority-vote",0.885838549403121,0.637854274164034,0.741666425432429
