"","bcubed.precision","bcubed.recall","bcubed.f1"
"majority-vote",0.995426829268293,0.246200930304977,0.394764066004155
