"","bcubed.precision","bcubed.recall","bcubed.f1"
"majority-vote",0.829890900149724,0.788685889837206,0.808763905551457
