"","bcubed.precision","bcubed.recall","bcubed.f1"
"majority-vote",0.941121123774185,0.829356893745641,0.881711361709154
