"","bcubed.precision","bcubed.recall","bcubed.f1"
"majority-vote",0.981090972464273,0.706931550327896,0.821747521507761
