"","bcubed.precision","bcubed.recall","bcubed.f1"
"majority-vote",0.866394335511983,0.541881091196717,0.666748420131313
