"","bcubed.precision","bcubed.recall","bcubed.f1"
"majority-vote",0.962463256907701,0.737869322442433,0.835333181137598
