"","bcubed.precision","bcubed.recall","bcubed.f1"
"majority-vote",0.938253788269251,0.685243580895755,0.792033788133948
