"","bcubed.precision","bcubed.recall","bcubed.f1"
"majority-vote",0.844710275582274,0.807083768886202,0.825468471831453
