"","bcubed.precision","bcubed.recall","bcubed.f1"
"majority-vote",0.989224137931034,0.715802470486681,0.830590066219796
