"","bcubed.precision","bcubed.recall","bcubed.f1"
"majority-vote",0.987705513011287,0.901107830519595,0.942421520972586
