"","bcubed.precision","bcubed.recall","bcubed.f1"
"majority-vote",0.971458312788315,0.272534018560169,0.425654453288932
