"","bcubed.precision","bcubed.recall","bcubed.f1"
"majority-vote",0.946090639130728,0.544774207099349,0.691418513327826
