"","bcubed.precision","bcubed.recall","bcubed.f1"
"majority-vote",0.953992028323846,0.998134283660757,0.975564074889233
