"","bcubed.precision","bcubed.recall","bcubed.f1"
"majority-vote",0.140361631019412,0.958442871587462,0.244863584697334
