"","bcubed.precision","bcubed.recall","bcubed.f1"
"majority-vote",0.996488066357062,0.800360215600049,0.887720361970384
