"","bcubed.precision","bcubed.recall","bcubed.f1"
"majority-vote",0.673158997027736,0.43598825135444,0.52921632258606
