"","bcubed.precision","bcubed.recall","bcubed.f1"
"majority-vote",0.817792132942702,0.732179151444038,0.772621216905327
