"","bcubed.precision","bcubed.recall","bcubed.f1"
"majority-vote",0.993464052287582,0.572514336492237,0.726411573492391
