"","bcubed.precision","bcubed.recall","bcubed.f1"
"majority-vote",0.781481481481481,0.373325174825175,0.505273690800823
