"","bcubed.precision","bcubed.recall","bcubed.f1"
"majority-vote",0.967057332910991,0.522219623862117,0.678203358145182
