"","bcubed.precision","bcubed.recall","bcubed.f1"
"majority-vote",0.971906233318386,0.155262846943662,0.267752072674353
