"","bcubed.precision","bcubed.recall","bcubed.f1"
"majority-vote",0.617343805166008,0.607022300323102,0.612139547186151
