"","bcubed.precision","bcubed.recall","bcubed.f1"
"majority-vote",0.979724606647591,0.709426547741568,0.822949022206141
