"","bcubed.precision","bcubed.recall","bcubed.f1"
"majority-vote",0.961210535304738,0.800531071585419,0.87354342638815
