"","bcubed.precision","bcubed.recall","bcubed.f1"
"majority-vote",0.76865052923684,0.472623144648393,0.585337525328287
