"","bcubed.precision","bcubed.recall","bcubed.f1"
"majority-vote",0.982421509702922,0.980131578947368,0.981275208365651
