"","bcubed.precision","bcubed.recall","bcubed.f1"
"majority-vote",0.696363404363915,0.77784452443065,0.734852188105196
