"","bcubed.precision","bcubed.recall","bcubed.f1"
"majority-vote",0.86424437685915,0.9157615995116,0.889257478264326
