"","bcubed.precision","bcubed.recall","bcubed.f1"
"majority-vote",0.809354263177664,0.539924223642435,0.647738738098119
