"","bcubed.precision","bcubed.recall","bcubed.f1"
"majority-vote",0.814199404423079,0.93920233463035,0.872245035985441
