"","bcubed.precision","bcubed.recall","bcubed.f1"
"majority-vote",0.873303167420814,0.316542891973926,0.464661639214059
