"","bcubed.precision","bcubed.recall","bcubed.f1"
"majority-vote",0.945375470395979,0.226237962962963,0.365103052880436
