"","bcubed.precision","bcubed.recall","bcubed.f1"
"majority-vote",0.960300225772538,0.656801458943866,0.780070412729969
