"","bcubed.precision","bcubed.recall","bcubed.f1"
"majority-vote",0.882951910474846,0.939488660243957,0.910343328347521
