"","bcubed.precision","bcubed.recall","bcubed.f1"
"majority-vote",0.607160064477725,0.37656530285562,0.4648358599955
