"","bcubed.precision","bcubed.recall","bcubed.f1"
"majority-vote",0.649749004490384,0.700451344960046,0.674148194772703
