"","bcubed.precision","bcubed.recall","bcubed.f1"
"majority-vote",0.994992527038,0.774484682124668,0.870999035228155
