"","bcubed.precision","bcubed.recall","bcubed.f1"
"majority-vote",0.939253707979494,0.458623197618074,0.616311117528684
