"","bcubed.precision","bcubed.recall","bcubed.f1"
"majority-vote",0.760299625468165,0.569852828989193,0.651442458344683
