"","bcubed.precision","bcubed.recall","bcubed.f1"
"majority-vote",0.996746909564086,0.805786401374637,0.891151470505323
