"","bcubed.precision","bcubed.recall","bcubed.f1"
"majority-vote",0.973504684892825,0.450635868957851,0.616085439635919
