"","bcubed.precision","bcubed.recall","bcubed.f1"
"majority-vote",0.990451388888889,0.976065639535104,0.983205895856427
