"","bcubed.precision","bcubed.recall","bcubed.f1"
"majority-vote",0.622816948323551,0.86529802022162,0.724301930611863
