"","bcubed.precision","bcubed.recall","bcubed.f1"
"majority-vote",0.955902629201731,0.682807538307478,0.796599098544633
