"","bcubed.precision","bcubed.recall","bcubed.f1"
"majority-vote",0.815130499627144,0.773335618013959,0.793683216394056
