"","bcubed.precision","bcubed.recall","bcubed.f1"
"majority-vote",0.989101239669422,0.772753275645378,0.867643969755224
