"","bcubed.precision","bcubed.recall","bcubed.f1"
"majority-vote",0.99680170575693,0.333058990353594,0.499291047059491
