"","bcubed.precision","bcubed.recall","bcubed.f1"
"majority-vote",0.925536504273958,0.996593573831067,0.959751624525692
