"","bcubed.precision","bcubed.recall","bcubed.f1"
"majority-vote",0.98728813559322,0.799809262387387,0.883714783967473
