"","bcubed.precision","bcubed.recall","bcubed.f1"
"majority-vote",0.936727376281898,0.722456895142147,0.815756469632432
