"","bcubed.precision","bcubed.recall","bcubed.f1"
"majority-vote",0.994426475156698,0.796595719456995,0.884585211514248
