"","bcubed.precision","bcubed.recall","bcubed.f1"
"majority-vote",0.990070921985816,0.702268740207599,0.821697765090482
