"","bcubed.precision","bcubed.recall","bcubed.f1"
"majority-vote",0.975744047619048,0.58728433941263,0.733242215171802
