"","bcubed.precision","bcubed.recall","bcubed.f1"
"majority-vote",0.975957638575935,0.648787981884956,0.779432273905464
