"","bcubed.precision","bcubed.recall","bcubed.f1"
"majority-vote",0.966416647868261,0.472611619135391,0.634789110375768
