"","bcubed.precision","bcubed.recall","bcubed.f1"
"majority-vote",0.995515695067265,0.355351032449688,0.523748972205819
