"","bcubed.precision","bcubed.recall","bcubed.f1"
"majority-vote",0.872380053610073,0.853026883200294,0.862594930182426
