"","bcubed.precision","bcubed.recall","bcubed.f1"
"majority-vote",0.945454545454545,0.709239953580421,0.810486936799093
