"","bcubed.precision","bcubed.recall","bcubed.f1"
"majority-vote",0.916051376711275,0.878536024882494,0.896901576785096
