"","bcubed.precision","bcubed.recall","bcubed.f1"
"majority-vote",0.979045776918117,0.440829271045841,0.607929601662073
