"","bcubed.precision","bcubed.recall","bcubed.f1"
"majority-vote",0.99247311827957,0.853234939990279,0.917602041908002
