"","bcubed.precision","bcubed.recall","bcubed.f1"
"majority-vote",0.899324472208492,0.911393109043562,0.905318571213413
