"","bcubed.precision","bcubed.recall","bcubed.f1"
"majority-vote",0.94332945920338,0.722759882401815,0.818444331854523
