"","bcubed.precision","bcubed.recall","bcubed.f1"
"majority-vote",0.775888888888889,0.882295873920963,0.825678272580156
