"","bcubed.precision","bcubed.recall","bcubed.f1"
"majority-vote",0.99437933067964,0.720725254026214,0.835720809206993
