"","bcubed.precision","bcubed.recall","bcubed.f1"
"majority-vote",0.991529269399486,0.335312327073948,0.501147970591123
