"","bcubed.precision","bcubed.recall","bcubed.f1"
"majority-vote",0.781518345788251,0.825133906337482,0.802734113348383
