"","bcubed.precision","bcubed.recall","bcubed.f1"
"majority-vote",0.827977574182962,0.637353789527702,0.720266634043963
