"","bcubed.precision","bcubed.recall","bcubed.f1"
"majority-vote",0.921112385192208,0.714336137507163,0.804652490513347
