"","bcubed.precision","bcubed.recall","bcubed.f1"
"majority-vote",0.99262796347491,0.559403421276023,0.715551868702998
