"","bcubed.precision","bcubed.recall","bcubed.f1"
"majority-vote",0.79926016887351,0.337073896383873,0.474173480464311
