"","bcubed.precision","bcubed.recall","bcubed.f1"
"majority-vote",0.969205127187587,0.768908060258871,0.857515655161228
