"","bcubed.precision","bcubed.recall","bcubed.f1"
"majority-vote",0.768361782835467,0.806463886593903,0.786951904232347
