"","bcubed.precision","bcubed.recall","bcubed.f1"
"majority-vote",0.811067901569406,0.597025763184788,0.68777872530758
