"","bcubed.precision","bcubed.recall","bcubed.f1"
"majority-vote",0.953422514215068,0.831749907683877,0.888439770247586
