"","bcubed.precision","bcubed.recall","bcubed.f1"
"majority-vote",0.993162393162393,0.565729012954555,0.72084659416641
