"","bcubed.precision","bcubed.recall","bcubed.f1"
"majority-vote",0.806870613634225,0.740821575673087,0.772436746126303
