"","bcubed.precision","bcubed.recall","bcubed.f1"
"majority-vote",0.71652682721334,0.521752308024044,0.60382108560367
