"","bcubed.precision","bcubed.recall","bcubed.f1"
"majority-vote",0.951410421660864,0.789756944444444,0.863079566215623
