"","bcubed.precision","bcubed.recall","bcubed.f1"
"majority-vote",0.84874971179442,0.716951225645152,0.777303163823985
