"","bcubed.precision","bcubed.recall","bcubed.f1"
"majority-vote",0.897907511086131,0.521222653598222,0.659572669598189
