"","bcubed.precision","bcubed.recall","bcubed.f1"
"majority-vote",0.987179487179487,0.814367683538849,0.892485176384114
