"","bcubed.precision","bcubed.recall","bcubed.f1"
"majority-vote",0.974913929033671,0.691301178349089,0.80897015630659
