"","bcubed.precision","bcubed.recall","bcubed.f1"
"majority-vote",0.805385827195734,0.891568955890564,0.846288903156287
