"","bcubed.precision","bcubed.recall","bcubed.f1"
"majority-vote",0.962351424626239,0.756289915545311,0.846967497689587
