"","bcubed.precision","bcubed.recall","bcubed.f1"
"majority-vote",0.935655209044692,0.709844271297124,0.807255788268886
