"","bcubed.precision","bcubed.recall","bcubed.f1"
"majority-vote",0.957209918305644,0.682406848573927,0.796779609686241
