"","bcubed.precision","bcubed.recall","bcubed.f1"
"majority-vote",0.963133978305482,0.442115604514185,0.606036915082755
