"","bcubed.precision","bcubed.recall","bcubed.f1"
"majority-vote",0.982986351342852,0.767610239270308,0.862049420637163
