"","bcubed.precision","bcubed.recall","bcubed.f1"
"majority-vote",0.973009331879935,0.956168199289641,0.964515256604318
