"","bcubed.precision","bcubed.recall","bcubed.f1"
"majority-vote",0.954427083333333,0.676458345575993,0.791754165338714
