"","bcubed.precision","bcubed.recall","bcubed.f1"
"majority-vote",0.904690181613258,0.894193478562735,0.899411205324047
