"","bcubed.precision","bcubed.recall","bcubed.f1"
"majority-vote",0.960130643166357,0.61167110469065,0.747275121628555
