"","bcubed.precision","bcubed.recall","bcubed.f1"
"majority-vote",0.978534161018633,0.778128929272355,0.866900139449873
