"","bcubed.precision","bcubed.recall","bcubed.f1"
"majority-vote",0.993998048145738,0.265362850889167,0.418895260344127
