"","bcubed.precision","bcubed.recall","bcubed.f1"
"majority-vote",0.993985938955869,0.576434408336213,0.729699787199682
