"","bcubed.precision","bcubed.recall","bcubed.f1"
"majority-vote",0.977503785420722,0.743077953284428,0.844320843187427
