"","bcubed.precision","bcubed.recall","bcubed.f1"
"majority-vote",0.995855494922981,0.681441286715454,0.809179457412513
