"","bcubed.precision","bcubed.recall","bcubed.f1"
"majority-vote",0.980332404965881,0.578325223477147,0.727486199455001
