"","bcubed.precision","bcubed.recall","bcubed.f1"
"majority-vote",0.989292833940848,0.960385897585915,0.974625071234771
