"","bcubed.precision","bcubed.recall","bcubed.f1"
"majority-vote",0.996035833193609,0.781405464921531,0.875762079052063
