"","bcubed.precision","bcubed.recall","bcubed.f1"
"majority-vote",0.951721380012361,0.296263425635822,0.451864854471315
