"","bcubed.precision","bcubed.recall","bcubed.f1"
"majority-vote",0.984924623115578,0.524986650848012,0.684904190257283
