"","bcubed.precision","bcubed.recall","bcubed.f1"
"majority-vote",0.873735892278467,0.831785231821419,0.852244632376626
