"","bcubed.precision","bcubed.recall","bcubed.f1"
"majority-vote",0.98984962406015,0.653811469438582,0.787479900558338
