"","bcubed.precision","bcubed.recall","bcubed.f1"
"majority-vote",0.96737165582068,0.745229601433779,0.841893570323902
