"","bcubed.precision","bcubed.recall","bcubed.f1"
"majority-vote",0.994740623822088,0.75522230393881,0.858589966480812
