"","bcubed.precision","bcubed.recall","bcubed.f1"
"majority-vote",0.876496372685478,0.461646592805554,0.604765820232367
