"","bcubed.precision","bcubed.recall","bcubed.f1"
"majority-vote",0.827034119359229,0.675115021475112,0.743392439637166
