"","bcubed.precision","bcubed.recall","bcubed.f1"
"majority-vote",0.837846916989637,0.19786242553268,0.320125379610691
