"","bcubed.precision","bcubed.recall","bcubed.f1"
"majority-vote",0.829568556584594,0.524776870991047,0.642876451654294
