"","bcubed.precision","bcubed.recall","bcubed.f1"
"majority-vote",0.836258084456455,0.630952588826608,0.719241228165719
