"","bcubed.precision","bcubed.recall","bcubed.f1"
"majority-vote",0.910226712495663,0.712613123214982,0.799388191184251
