"","bcubed.precision","bcubed.recall","bcubed.f1"
"majority-vote",0.579664616690545,0.84812339338447,0.688655624313112
