"","bcubed.precision","bcubed.recall","bcubed.f1"
"majority-vote",0.862377754212325,0.870316133917666,0.866328759123969
