"","bcubed.precision","bcubed.recall","bcubed.f1"
"majority-vote",0.99410374996373,0.896081089441343,0.942550752407471
