"","bcubed.precision","bcubed.recall","bcubed.f1"
"majority-vote",0.959514170040486,0.242018582430576,0.386540040257191
