"","bcubed.precision","bcubed.recall","bcubed.f1"
"majority-vote",0.986330524837634,0.568701223130342,0.721435271812221
