"","bcubed.precision","bcubed.recall","bcubed.f1"
"majority-vote",0.938764058415865,0.807792066950388,0.868367352314504
