"","bcubed.precision","bcubed.recall","bcubed.f1"
"majority-vote",0.996509598603839,0.354421344935472,0.522875390288968
