"","bcubed.precision","bcubed.recall","bcubed.f1"
"majority-vote",0.170756120900734,0.869303545794061,0.285443049314222
