"","bcubed.precision","bcubed.recall","bcubed.f1"
"majority-vote",0.931071504793265,0.857532140876793,0.89279001834488
