"","bcubed.precision","bcubed.recall","bcubed.f1"
"majority-vote",0.499431048650199,0.669964333240628,0.572263230538114
