"","bcubed.precision","bcubed.recall","bcubed.f1"
"majority-vote",0.929389750598509,0.699924483310367,0.798498690361277
