"","bcubed.precision","bcubed.recall","bcubed.f1"
"majority-vote",0.881599060859483,0.853349591774842,0.867244338962104
