"","bcubed.precision","bcubed.recall","bcubed.f1"
"majority-vote",0.568731635041586,0.651182279266,0.607170650409813
