"","bcubed.precision","bcubed.recall","bcubed.f1"
"majority-vote",0.924031893862024,0.171860324805219,0.289817591008424
