"","bcubed.precision","bcubed.recall","bcubed.f1"
"majority-vote",0.947644633262527,0.660413271604938,0.778376314282474
