"","bcubed.precision","bcubed.recall","bcubed.f1"
"majority-vote",0.968992185827446,0.17512698172229,0.296641611520013
