"","bcubed.precision","bcubed.recall","bcubed.f1"
"majority-vote",0.99105249204666,0.577402768342274,0.729681575154846
