"","bcubed.precision","bcubed.recall","bcubed.f1"
"majority-vote",0.997757009345794,0.783159600064926,0.877528994083316
