"","bcubed.precision","bcubed.recall","bcubed.f1"
"majority-vote",0.714563240562138,0.922917091634369,0.805484639786558
