"","bcubed.precision","bcubed.recall","bcubed.f1"
"majority-vote",0.283663108437525,0.933867576015914,0.435149245705636
