"","bcubed.precision","bcubed.recall","bcubed.f1"
"majority-vote",0.951515151515152,0.413991498697381,0.576956814597296
