"","bcubed.precision","bcubed.recall","bcubed.f1"
"majority-vote",0.980968716817773,0.709187428596881,0.823226521054126
