"","bcubed.precision","bcubed.recall","bcubed.f1"
"majority-vote",0.821650346060577,0.143135647027172,0.243800085731104
