"","bcubed.precision","bcubed.recall","bcubed.f1"
"majority-vote",0.984642233856894,0.673166563128475,0.799643758293363
