"","bcubed.precision","bcubed.recall","bcubed.f1"
"majority-vote",0.954305734376548,0.734718476500086,0.830238016437343
