"","bcubed.precision","bcubed.recall","bcubed.f1"
"majority-vote",0.943732030834453,0.454879805359238,0.613872457515516
