"","bcubed.precision","bcubed.recall","bcubed.f1"
"majority-vote",0.972350230414747,0.503570436507937,0.663513752388152
