"","bcubed.precision","bcubed.recall","bcubed.f1"
"majority-vote",0.963263531877184,0.91185218509081,0.936853068226395
