"","bcubed.precision","bcubed.recall","bcubed.f1"
"majority-vote",0.864037891079535,0.847551803809271,0.855715450181644
