"","bcubed.precision","bcubed.recall","bcubed.f1"
"majority-vote",0.871874035196048,0.912282107794029,0.891620484770497
