"","bcubed.precision","bcubed.recall","bcubed.f1"
"majority-vote",0.983156581409857,0.843612668033721,0.908054859135287
