"","bcubed.precision","bcubed.recall","bcubed.f1"
"majority-vote",0.99685534591195,0.499965210532306,0.665935526798311
