"","bcubed.precision","bcubed.recall","bcubed.f1"
"majority-vote",0.961794019933555,0.4428428714143,0.606453707887128
