"","bcubed.precision","bcubed.recall","bcubed.f1"
"majority-vote",0.942253388640178,0.830556883414026,0.882886398157516
