"","bcubed.precision","bcubed.recall","bcubed.f1"
"majority-vote",0.957598039215686,0.541817976079306,0.692061210781824
