"","bcubed.precision","bcubed.recall","bcubed.f1"
"majority-vote",0.992592592592593,0.759776552510915,0.860718850426148
