"","bcubed.precision","bcubed.recall","bcubed.f1"
"majority-vote",0.979842756774841,0.793234569512868,0.876718838865207
