"","bcubed.precision","bcubed.recall","bcubed.f1"
"majority-vote",0.942516722408027,0.452414645103324,0.611368241339237
