"","bcubed.precision","bcubed.recall","bcubed.f1"
"majority-vote",0.665890590890591,0.802342628740655,0.727775941867069
