"","bcubed.precision","bcubed.recall","bcubed.f1"
"majority-vote",0.958477764659583,0.528819462262688,0.681587630129446
