"","bcubed.precision","bcubed.recall","bcubed.f1"
"majority-vote",0.98927729067323,0.699314300399673,0.819399741282456
