"","bcubed.precision","bcubed.recall","bcubed.f1"
"majority-vote",0.959156414762742,0.684304195767974,0.798747173877149
