"","bcubed.precision","bcubed.recall","bcubed.f1"
"majority-vote",0.938984726163733,0.72172099457822,0.816140971872943
