"","bcubed.precision","bcubed.recall","bcubed.f1"
"majority-vote",0.970737913486005,0.488075384461414,0.64955985937692
