"","bcubed.precision","bcubed.recall","bcubed.f1"
"majority-vote",0.970461095100865,0.425979739825918,0.592072008298034
