"","bcubed.precision","bcubed.recall","bcubed.f1"
"majority-vote",0.972139303482587,0.773197504540788,0.861330237308201
