"","bcubed.precision","bcubed.recall","bcubed.f1"
"majority-vote",0.884473087480606,0.950617283950617,0.916353131418239
