"","bcubed.precision","bcubed.recall","bcubed.f1"
"majority-vote",0.686186507439864,0.665428949216758,0.675648335277106
