"","bcubed.precision","bcubed.recall","bcubed.f1"
"majority-vote",0.706789492931815,0.669661266568483,0.687724633470861
