"","bcubed.precision","bcubed.recall","bcubed.f1"
"majority-vote",0.959546075443942,0.725903283097833,0.826530495168401
