"","bcubed.precision","bcubed.recall","bcubed.f1"
"majority-vote",0.712336801684628,0.672696400821401,0.691949336375265
