"","bcubed.precision","bcubed.recall","bcubed.f1"
"majority-vote",0.949059282925098,0.624086990375496,0.75300760218052
