"","bcubed.precision","bcubed.recall","bcubed.f1"
"majority-vote",0.93121453709689,0.698025713569566,0.797932277302278
