"","bcubed.precision","bcubed.recall","bcubed.f1"
"majority-vote",0.950613169168031,0.477537746365554,0.63572226930977
