"","bcubed.precision","bcubed.recall","bcubed.f1"
"majority-vote",0.969069843609269,0.770850063180161,0.858668893041866
