"","bcubed.precision","bcubed.recall","bcubed.f1"
"majority-vote",0.88618704814221,0.261772057300551,0.404159008183163
