"","bcubed.precision","bcubed.recall","bcubed.f1"
"majority-vote",0.737412600376235,0.83140184292258,0.781591726881314
