"","bcubed.precision","bcubed.recall","bcubed.f1"
"majority-vote",0.928698151688554,0.386653934188721,0.545990382163998
