"","bcubed.precision","bcubed.recall","bcubed.f1"
"majority-vote",0.947348947348947,0.206062960912743,0.33849750936333
