"","bcubed.precision","bcubed.recall","bcubed.f1"
"majority-vote",0.891812865497076,0.587920458937702,0.708661514222319
