"","bcubed.precision","bcubed.recall","bcubed.f1"
"majority-vote",0.954560581405571,0.737684262679905,0.832225101631809
