"","bcubed.precision","bcubed.recall","bcubed.f1"
"majority-vote",0.98516228748068,0.698615248434287,0.817506329115396
