"","bcubed.precision","bcubed.recall","bcubed.f1"
"majority-vote",0.960298777151437,0.315903619381359,0.475413398711379
