"","bcubed.precision","bcubed.recall","bcubed.f1"
"majority-vote",0.972139303482587,0.798783858485351,0.876976709659345
