"","bcubed.precision","bcubed.recall","bcubed.f1"
"majority-vote",0.916974646773433,0.989690721649485,0.951946067652269
