"","bcubed.precision","bcubed.recall","bcubed.f1"
"majority-vote",0.805365418407908,0.190698981361139,0.308378383866517
