"","bcubed.precision","bcubed.recall","bcubed.f1"
"majority-vote",0.912956810631229,0.290438836010033,0.44068318536341
