"","bcubed.precision","bcubed.recall","bcubed.f1"
"majority-vote",0.884905381431106,0.700385553267742,0.781906881062136
