"","bcubed.precision","bcubed.recall","bcubed.f1"
"majority-vote",0.977592329545455,0.270472979984837,0.423715503609326
