"","bcubed.precision","bcubed.recall","bcubed.f1"
"majority-vote",0.691060564453602,0.680881791819292,0.685933418746678
