"","bcubed.precision","bcubed.recall","bcubed.f1"
"majority-vote",0.610072942807352,0.73013203556509,0.664724884272637
