"","bcubed.precision","bcubed.recall","bcubed.f1"
"majority-vote",0.88213947663925,0.587158418634742,0.705038265942923
