"","bcubed.precision","bcubed.recall","bcubed.f1"
"majority-vote",0.975582437275986,0.882467830882353,0.926691954489675
