"","bcubed.precision","bcubed.recall","bcubed.f1"
"majority-vote",0.971127819548872,0.543320402885532,0.696799732542186
