"","bcubed.precision","bcubed.recall","bcubed.f1"
"majority-vote",0.240059523809524,0.93624682461383,0.382136791468008
