"","bcubed.precision","bcubed.recall","bcubed.f1"
"majority-vote",0.828810199445844,0.495104594571155,0.619900524758097
