"","bcubed.precision","bcubed.recall","bcubed.f1"
"majority-vote",0.992063492063492,0.752560763888889,0.855872611957951
