"","bcubed.precision","bcubed.recall","bcubed.f1"
"majority-vote",0.970909090909091,0.761215058352723,0.853369108220707
