"","bcubed.precision","bcubed.recall","bcubed.f1"
"majority-vote",0.981760293969596,0.673017302728926,0.798586669643139
