"","bcubed.precision","bcubed.recall","bcubed.f1"
"majority-vote",0.98961038961039,0.584671745609527,0.735061677983158
