"","bcubed.precision","bcubed.recall","bcubed.f1"
"majority-vote",0.523679343532285,0.537459770763342,0.530480077751516
