"","bcubed.precision","bcubed.recall","bcubed.f1"
"majority-vote",0.935392286766708,0.690013859666974,0.794181372465909
