"","bcubed.precision","bcubed.recall","bcubed.f1"
"majority-vote",0.92961284909505,0.942156114924994,0.935842453981802
