"","bcubed.precision","bcubed.recall","bcubed.f1"
"majority-vote",0.115567156354479,0.997649213443219,0.207139394936975
