"","bcubed.precision","bcubed.recall","bcubed.f1"
"majority-vote",0.840324852042006,0.203191315743173,0.327252643723778
