"","bcubed.precision","bcubed.recall","bcubed.f1"
"majority-vote",0.366695396833747,0.928671295422007,0.525780832931355
