"","bcubed.precision","bcubed.recall","bcubed.f1"
"majority-vote",0.847808833678399,0.677017142005939,0.752848026853342
