"","bcubed.precision","bcubed.recall","bcubed.f1"
"majority-vote",0.834248241088983,0.579181196488852,0.683700058307339
