"","bcubed.precision","bcubed.recall","bcubed.f1"
"majority-vote",0.938202247191011,0.833060214639162,0.882510618570118
