"","bcubed.precision","bcubed.recall","bcubed.f1"
"majority-vote",0.972222222222222,0.462043603887576,0.626395820297198
