"","bcubed.precision","bcubed.recall","bcubed.f1"
"majority-vote",0.964488345286885,0.752975488227174,0.845707570092907
