"","bcubed.precision","bcubed.recall","bcubed.f1"
"majority-vote",0.986147876967364,0.0611454569096013,0.115151048072433
