"","bcubed.precision","bcubed.recall","bcubed.f1"
"majority-vote",0.978299319727891,0.795056498939994,0.877210567524466
