"","bcubed.precision","bcubed.recall","bcubed.f1"
"majority-vote",0.934777752959571,0.614987890166218,0.741888943811441
