"","bcubed.precision","bcubed.recall","bcubed.f1"
"majority-vote",0.984933340069931,0.571624189597086,0.723406249488339
