"","bcubed.precision","bcubed.recall","bcubed.f1"
"majority-vote",0.905523255813954,0.331929208186246,0.485787738989073
