"","bcubed.precision","bcubed.recall","bcubed.f1"
"majority-vote",0.838622691841481,0.669384664169755,0.744507202442669
