"","bcubed.precision","bcubed.recall","bcubed.f1"
"majority-vote",0.98447267594273,0.84105910903948,0.907132615836841
