"","bcubed.precision","bcubed.recall","bcubed.f1"
"majority-vote",0.975926371409696,0.674771970424331,0.797877775649212
