"","bcubed.precision","bcubed.recall","bcubed.f1"
"majority-vote",0.899771341463415,0.63350103276898,0.743515742737316
