"","bcubed.precision","bcubed.recall","bcubed.f1"
"majority-vote",0.95069414843232,0.462171564686495,0.621975320144683
