"","bcubed.precision","bcubed.recall","bcubed.f1"
"majority-vote",0.877705198138635,0.438782680858688,0.585074645937792
