"","bcubed.precision","bcubed.recall","bcubed.f1"
"majority-vote",0.980110958603187,0.531687989817754,0.68939487743708
