"","bcubed.precision","bcubed.recall","bcubed.f1"
"majority-vote",0.936020189021384,0.827206684278132,0.878255848640578
