"","bcubed.precision","bcubed.recall","bcubed.f1"
"majority-vote",0.971333023714508,0.962803057992203,0.967049231340439
