"","bcubed.precision","bcubed.recall","bcubed.f1"
"majority-vote",0.982142857142857,0.566034042410189,0.718168953190502
