"","bcubed.precision","bcubed.recall","bcubed.f1"
"majority-vote",0.681080808770909,0.837151796817247,0.751094424848596
