"","bcubed.precision","bcubed.recall","bcubed.f1"
"majority-vote",0.989690721649485,0.464483969638609,0.632242436703472
