"","bcubed.precision","bcubed.recall","bcubed.f1"
"majority-vote",0.0767279411764706,0.419700912993632,0.129737772868666
