"","bcubed.precision","bcubed.recall","bcubed.f1"
"majority-vote",0.832574312548797,0.880858804641442,0.856036230850414
