"","bcubed.precision","bcubed.recall","bcubed.f1"
"majority-vote",0.90477424399469,0.856163017621654,0.879797666719616
