"","bcubed.precision","bcubed.recall","bcubed.f1"
"majority-vote",0.731530984958919,0.952107279693487,0.82737009573078
