"","bcubed.precision","bcubed.recall","bcubed.f1"
"majority-vote",0.930390259635543,0.651702826125281,0.766500994234901
