"","bcubed.precision","bcubed.recall","bcubed.f1"
"majority-vote",0.856603600920211,0.949561838207175,0.900690570513472
