"","bcubed.precision","bcubed.recall","bcubed.f1"
"majority-vote",0.996062507690415,0.525296409140465,0.687843023471608
