"","bcubed.precision","bcubed.recall","bcubed.f1"
"majority-vote",0.996268656716418,0.380679604083859,0.550869148241693
