"","bcubed.precision","bcubed.recall","bcubed.f1"
"majority-vote",0.976417824074074,0.592801458816496,0.737719599595189
