"","bcubed.precision","bcubed.recall","bcubed.f1"
"majority-vote",0.779722222222222,0.369867329436063,0.501733467600287
