"","bcubed.precision","bcubed.recall","bcubed.f1"
"majority-vote",0.95128002111375,0.509499816708021,0.66358664577159
