"","bcubed.precision","bcubed.recall","bcubed.f1"
"majority-vote",0.982371794871795,0.618923303596988,0.759401308633191
