"","bcubed.precision","bcubed.recall","bcubed.f1"
"majority-vote",0.970951147564573,0.858101063997168,0.911044755909973
