"","bcubed.precision","bcubed.recall","bcubed.f1"
"majority-vote",0.994833524684271,0.821279002889947,0.899763503405271
