"","bcubed.precision","bcubed.recall","bcubed.f1"
"majority-vote",0.89697052030974,0.850422654268808,0.873076605517431
