"","bcubed.precision","bcubed.recall","bcubed.f1"
"majority-vote",0.961998123964883,0.735679496996439,0.833753460859371
