"","bcubed.precision","bcubed.recall","bcubed.f1"
"majority-vote",0.91437467650818,0.94322640681864,0.928576483239516
