"","bcubed.precision","bcubed.recall","bcubed.f1"
"majority-vote",0.904505255691271,0.23477638523086,0.372790127964549
