"","bcubed.precision","bcubed.recall","bcubed.f1"
"majority-vote",0.994513104623908,0.54345830705723,0.702843244133323
