"","bcubed.precision","bcubed.recall","bcubed.f1"
"majority-vote",0.833322670736856,0.686041735021551,0.752543798839013
