"","bcubed.precision","bcubed.recall","bcubed.f1"
"majority-vote",0.538795576900904,0.690784661722661,0.605396392420557
