"","bcubed.precision","bcubed.recall","bcubed.f1"
"majority-vote",0.991878438564318,0.182570640849159,0.308379282418249
