"","bcubed.precision","bcubed.recall","bcubed.f1"
"majority-vote",0.889344262295082,0.173810690657052,0.290790237175058
