"","bcubed.precision","bcubed.recall","bcubed.f1"
"majority-vote",0.994054696789536,0.422945073205788,0.593409463299483
