"","bcubed.precision","bcubed.recall","bcubed.f1"
"majority-vote",0.954813830716304,0.633684743128979,0.761789739085266
