"","bcubed.precision","bcubed.recall","bcubed.f1"
"majority-vote",0.963435643216257,0.721516392989111,0.825109077568796
