"","bcubed.precision","bcubed.recall","bcubed.f1"
"majority-vote",0.656206668659969,0.893971783366363,0.756855115708817
