"","bcubed.precision","bcubed.recall","bcubed.f1"
"majority-vote",0.977797202797203,0.599534881314542,0.743310220889645
