"","bcubed.precision","bcubed.recall","bcubed.f1"
"majority-vote",0.818222268993429,0.869180369989723,0.842931874192287
