"","bcubed.precision","bcubed.recall","bcubed.f1"
"majority-vote",0.971777269260107,0.372901473507978,0.538979555641197
