"","bcubed.precision","bcubed.recall","bcubed.f1"
"majority-vote",0.994845360824742,0.819575183211547,0.89874485994443
