"","bcubed.precision","bcubed.recall","bcubed.f1"
"majority-vote",0.902765448958689,0.553297905691327,0.686094091502487
