"","bcubed.precision","bcubed.recall","bcubed.f1"
"majority-vote",0.994652406417112,0.582851670625965,0.735002622445228
