"","bcubed.precision","bcubed.recall","bcubed.f1"
"majority-vote",0.416567981565481,0.8880479876789,0.567113030166183
