"","bcubed.precision","bcubed.recall","bcubed.f1"
"majority-vote",0.939229249011858,0.61606580553949,0.744073636941712
