"","bcubed.precision","bcubed.recall","bcubed.f1"
"majority-vote",0.946635803613898,0.735412158494519,0.827761746783079
