"","bcubed.precision","bcubed.recall","bcubed.f1"
"majority-vote",0.98692403486924,0.438562979354054,0.607270835594688
