"","bcubed.precision","bcubed.recall","bcubed.f1"
"majority-vote",0.636588434647441,0.862687146037349,0.73258934776427
