"","bcubed.precision","bcubed.recall","bcubed.f1"
"majority-vote",0.948535265456872,0.0568910215386563,0.10734380215687
