"","bcubed.precision","bcubed.recall","bcubed.f1"
"majority-vote",0.905220991988478,0.450201183907935,0.601335243791487
