"","bcubed.precision","bcubed.recall","bcubed.f1"
"majority-vote",0.987847667950364,0.599445554072757,0.746126656925095
