"","bcubed.precision","bcubed.recall","bcubed.f1"
"majority-vote",0.606477114655386,0.665238195393837,0.63450009308356
