"","bcubed.precision","bcubed.recall","bcubed.f1"
"majority-vote",0.446982197994771,0.799076644321408,0.573284379060549
