"","bcubed.precision","bcubed.recall","bcubed.f1"
"majority-vote",0.968312757201646,0.732523148148148,0.834074006864861
