"","bcubed.precision","bcubed.recall","bcubed.f1"
"majority-vote",0.962577962577962,0.583084881044538,0.72624461294606
