"","bcubed.precision","bcubed.recall","bcubed.f1"
"majority-vote",0.927156177156177,0.518960990157782,0.665447999101738
