"","bcubed.precision","bcubed.recall","bcubed.f1"
"majority-vote",0.845869565217391,0.258002479057526,0.395401706053255
