"","bcubed.precision","bcubed.recall","bcubed.f1"
"majority-vote",0.944648651545203,0.540553422965784,0.687627725352997
