"","bcubed.precision","bcubed.recall","bcubed.f1"
"majority-vote",0.825655200655201,0.821150600700119,0.823396739835641
