"","bcubed.precision","bcubed.recall","bcubed.f1"
"majority-vote",0.861196911196911,0.501264307381994,0.633687428785529
