"","bcubed.precision","bcubed.recall","bcubed.f1"
"majority-vote",0.916428707405292,0.472848972196673,0.623823989617785
