"","bcubed.precision","bcubed.recall","bcubed.f1"
"majority-vote",0.74188376158102,0.813889419203425,0.77622027592117
