"","bcubed.precision","bcubed.recall","bcubed.f1"
"majority-vote",0.975351097704039,0.849161485027195,0.907892435917798
