"","bcubed.precision","bcubed.recall","bcubed.f1"
"majority-vote",0.864563025888178,0.656083873763337,0.746032309364204
