"","bcubed.precision","bcubed.recall","bcubed.f1"
"majority-vote",0.676007158217685,0.749931250189248,0.711053002444119
