"","bcubed.precision","bcubed.recall","bcubed.f1"
"majority-vote",0.984732824427481,0.333008370763577,0.497706643302542
