"","bcubed.precision","bcubed.recall","bcubed.f1"
"majority-vote",0.78036073263346,0.344235817496708,0.477732418278033
