"","bcubed.precision","bcubed.recall","bcubed.f1"
"majority-vote",0.982977806507218,0.570336913557252,0.721847956524015
