"","bcubed.precision","bcubed.recall","bcubed.f1"
"majority-vote",0.895617212952822,0.537625793467761,0.671912456715449
