"","bcubed.precision","bcubed.recall","bcubed.f1"
"majority-vote",0.961763778108242,0.464219012749041,0.626191331948381
