"","bcubed.precision","bcubed.recall","bcubed.f1"
"majority-vote",0.988721804511278,0.519678556090146,0.681274724090357
