"","bcubed.precision","bcubed.recall","bcubed.f1"
"majority-vote",0.552183409913673,0.242746818014675,0.337239070820991
