"","bcubed.precision","bcubed.recall","bcubed.f1"
"majority-vote",0.829339207579415,0.471830832502794,0.601470671296243
