"","bcubed.precision","bcubed.recall","bcubed.f1"
"majority-vote",0.690851860706032,0.432165397498508,0.531714480455879
