"","bcubed.precision","bcubed.recall","bcubed.f1"
"majority-vote",0.869661695767658,0.48914955660745,0.626127627571045
