"","bcubed.precision","bcubed.recall","bcubed.f1"
"majority-vote",0.798350349782568,0.576269741323832,0.669370617425932
