"","bcubed.precision","bcubed.recall","bcubed.f1"
"majority-vote",0.959420289855072,0.989010989010989,0.973990943420902
