"","bcubed.precision","bcubed.recall","bcubed.f1"
"majority-vote",0.645183577463243,0.927923211169284,0.761144534267507
