"","bcubed.precision","bcubed.recall","bcubed.f1"
"majority-vote",0.977083403031013,0.515471660041486,0.674894771014443
