"","bcubed.precision","bcubed.recall","bcubed.f1"
"majority-vote",0.91013797052341,0.585905420095954,0.712886769606367
