"","bcubed.precision","bcubed.recall","bcubed.f1"
"majority-vote",0.792000020975546,0.739417044019153,0.764805783818104
