"","bcubed.precision","bcubed.recall","bcubed.f1"
"majority-vote",0.84946354276353,0.812729733378063,0.830690736792246
