"","bcubed.precision","bcubed.recall","bcubed.f1"
"majority-vote",0.944305641159266,0.31174829895781,0.468746871332972
