"","bcubed.precision","bcubed.recall","bcubed.f1"
"majority-vote",0.986842105263158,0.344968431384061,0.51122793176482
