"","bcubed.precision","bcubed.recall","bcubed.f1"
"majority-vote",0.994419642857143,0.751427267857853,0.856013240050128
