"","bcubed.precision","bcubed.recall","bcubed.f1"
"majority-vote",0.893355903512484,0.688155096935585,0.777443113839153
