"","bcubed.precision","bcubed.recall","bcubed.f1"
"majority-vote",0.917056460488664,0.782163145917907,0.844255519905447
