"","bcubed.precision","bcubed.recall","bcubed.f1"
"majority-vote",0.663098084608623,0.744062646096307,0.701251114658548
