"","bcubed.precision","bcubed.recall","bcubed.f1"
"majority-vote",0.955314664257754,0.310436147190742,0.468598085886452
