"","bcubed.precision","bcubed.recall","bcubed.f1"
"majority-vote",0.973429951690821,0.739419496666978,0.840439404186834
