"","bcubed.precision","bcubed.recall","bcubed.f1"
"majority-vote",0.982015465993367,0.586804700153163,0.734630142450863
