"","bcubed.precision","bcubed.recall","bcubed.f1"
"majority-vote",0.591443641474877,0.75024755943762,0.661447504850059
