"","bcubed.precision","bcubed.recall","bcubed.f1"
"majority-vote",0.976175548589342,0.495741835485748,0.657551929815783
