"","bcubed.precision","bcubed.recall","bcubed.f1"
"majority-vote",0.864395224317403,0.806258569461693,0.834315355584462
