"","bcubed.precision","bcubed.recall","bcubed.f1"
"majority-vote",0.991907207214931,0.702841005944398,0.822721692708342
