"","bcubed.precision","bcubed.recall","bcubed.f1"
"majority-vote",0.950288488601182,0.60575217097603,0.739876958202496
