"","bcubed.precision","bcubed.recall","bcubed.f1"
"majority-vote",0.992853784673249,0.218677518758217,0.358413854445376
