"","bcubed.precision","bcubed.recall","bcubed.f1"
"majority-vote",0.92096157250949,0.326732644059125,0.482342878033734
