"","bcubed.precision","bcubed.recall","bcubed.f1"
"majority-vote",0.961865161865162,0.627040603564744,0.759174678280111
