"","bcubed.precision","bcubed.recall","bcubed.f1"
"majority-vote",0.845378878341393,0.940702958687659,0.890497171608456
