"","bcubed.precision","bcubed.recall","bcubed.f1"
"majority-vote",0.89768191288432,0.945245930540048,0.920850133227836
