"","bcubed.precision","bcubed.recall","bcubed.f1"
"majority-vote",0.699070746995648,0.875943894363749,0.77757594942816
