"","bcubed.precision","bcubed.recall","bcubed.f1"
"majority-vote",0.983432544908602,0.200178088114351,0.332645958285197
