"","bcubed.precision","bcubed.recall","bcubed.f1"
"majority-vote",0.984379590337849,0.452173585757165,0.619692269685664
