"","bcubed.precision","bcubed.recall","bcubed.f1"
"majority-vote",0.909369877982153,0.63434106388266,0.747355790800063
