"","bcubed.precision","bcubed.recall","bcubed.f1"
"majority-vote",0.874838034438449,0.428439785043943,0.575188825928053
