"","bcubed.precision","bcubed.recall","bcubed.f1"
"majority-vote",0.950148809523809,0.529243820164201,0.679820049911831
