"","bcubed.precision","bcubed.recall","bcubed.f1"
"majority-vote",0.917342909703927,0.483488283290795,0.633230543151398
