"","bcubed.precision","bcubed.recall","bcubed.f1"
"majority-vote",0.974433893352812,0.555773313735097,0.707831398801368
