"","bcubed.precision","bcubed.recall","bcubed.f1"
"majority-vote",0.775861223368776,0.396837893838941,0.52509826139561
