"","bcubed.precision","bcubed.recall","bcubed.f1"
"majority-vote",0.826340653704866,0.444324785615108,0.577907641839946
