"","bcubed.precision","bcubed.recall","bcubed.f1"
"majority-vote",0.566310951021429,0.618666422480246,0.591332084332525
