"","bcubed.precision","bcubed.recall","bcubed.f1"
"majority-vote",0.854551563626197,0.56413508995129,0.679618042502363
