"","bcubed.precision","bcubed.recall","bcubed.f1"
"majority-vote",0.951886098857595,0.622871190207334,0.753008011398765
