"","bcubed.precision","bcubed.recall","bcubed.f1"
"majority-vote",0.932918291829183,0.715695963872193,0.809996460694962
