"","bcubed.precision","bcubed.recall","bcubed.f1"
"majority-vote",0.955370517579134,0.715449275661824,0.818184160321447
