"","bcubed.precision","bcubed.recall","bcubed.f1"
"majority-vote",0.917839641643869,0.758610362383947,0.830663200793257
