"","bcubed.precision","bcubed.recall","bcubed.f1"
"majority-vote",0.984370201286574,0.472420083452122,0.63843953039953
