"","bcubed.precision","bcubed.recall","bcubed.f1"
"majority-vote",0.880037343862558,0.660198355950225,0.754428958715195
