"","bcubed.precision","bcubed.recall","bcubed.f1"
"majority-vote",0.936787905346188,0.735360743730695,0.823942358442343
