"","bcubed.precision","bcubed.recall","bcubed.f1"
"majority-vote",0.949141767323585,0.607863255847748,0.741100248695746
