"","bcubed.precision","bcubed.recall","bcubed.f1"
"majority-vote",0.94149366594118,0.650677329233586,0.769526119872196
