"","bcubed.precision","bcubed.recall","bcubed.f1"
"majority-vote",0.994725738396624,0.382349658576579,0.552377955904597
