"","bcubed.precision","bcubed.recall","bcubed.f1"
"majority-vote",0.428628175233612,0.666881679091886,0.521847021416116
