"","bcubed.precision","bcubed.recall","bcubed.f1"
"majority-vote",0.867579596242454,0.605044945839655,0.712910364888972
