"","bcubed.precision","bcubed.recall","bcubed.f1"
"majority-vote",0.896712716489334,0.815404972420506,0.854128209286443
