"","bcubed.precision","bcubed.recall","bcubed.f1"
"majority-vote",0.738538770118113,0.862023104495903,0.795517491082724
