"","bcubed.precision","bcubed.recall","bcubed.f1"
"majority-vote",0.958627850325466,0.28448577421211,0.43876276600633
