"","bcubed.precision","bcubed.recall","bcubed.f1"
"majority-vote",0.982324310164752,0.796169603254678,0.879504563260038
