"","bcubed.precision","bcubed.recall","bcubed.f1"
"majority-vote",0.992616520535302,0.663728970047103,0.79552043287174
