"","bcubed.precision","bcubed.recall","bcubed.f1"
"majority-vote",0.988712996725403,0.587765900652352,0.737252856316214
