"","bcubed.precision","bcubed.recall","bcubed.f1"
"majority-vote",0.995441837850979,0.374667370753476,0.544423136175427
