"","bcubed.precision","bcubed.recall","bcubed.f1"
"majority-vote",0.992992819319641,0.548727976815498,0.706850348135049
