"","bcubed.precision","bcubed.recall","bcubed.f1"
"majority-vote",0.968872634079927,0.250738222849911,0.398378550103524
