"","bcubed.precision","bcubed.recall","bcubed.f1"
"majority-vote",0.870700164469184,0.921284428761423,0.895278348570311
