"","bcubed.precision","bcubed.recall","bcubed.f1"
"majority-vote",0.97190349544073,0.793152535136862,0.873476771233076
