"","bcubed.precision","bcubed.recall","bcubed.f1"
"majority-vote",0.857307195655891,0.942425407217283,0.897853471884063
