"","bcubed.precision","bcubed.recall","bcubed.f1"
"majority-vote",0.963499472970938,0.688851766555959,0.803350157224199
