"","bcubed.precision","bcubed.recall","bcubed.f1"
"majority-vote",0.928415261840676,0.806954744014062,0.863434423125674
