"","bcubed.precision","bcubed.recall","bcubed.f1"
"majority-vote",0.988247863247863,0.671048942437744,0.799329789856162
