"","bcubed.precision","bcubed.recall","bcubed.f1"
"majority-vote",0.942069597069597,0.689209569854731,0.796042020194175
