"","bcubed.precision","bcubed.recall","bcubed.f1"
"majority-vote",0.739990006304156,0.832333592557389,0.783450100029872
