"","bcubed.precision","bcubed.recall","bcubed.f1"
"majority-vote",0.915958164642375,0.8558581002331,0.884888834383644
