"","bcubed.precision","bcubed.recall","bcubed.f1"
"majority-vote",0.991174152876281,0.526144184413164,0.687397632336157
