"","bcubed.precision","bcubed.recall","bcubed.f1"
"majority-vote",0.96910197869102,0.712583994548583,0.82127884764392
