"","bcubed.precision","bcubed.recall","bcubed.f1"
"majority-vote",0.782616238723109,0.52136851172221,0.625822446916432
