"","bcubed.precision","bcubed.recall","bcubed.f1"
"majority-vote",0.667595234696225,0.95227442207308,0.784919778751838
