"","bcubed.precision","bcubed.recall","bcubed.f1"
"majority-vote",0.968241042345277,0.368191829693568,0.533507441225455
