"","bcubed.precision","bcubed.recall","bcubed.f1"
"majority-vote",0.959207934243598,0.468300427033604,0.629344804423279
