"","bcubed.precision","bcubed.recall","bcubed.f1"
"majority-vote",0.752705454585293,0.787133993151006,0.769534838200519
