"","bcubed.precision","bcubed.recall","bcubed.f1"
"majority-vote",0.975106685633002,0.555365017148457,0.707677430695333
