"","bcubed.precision","bcubed.recall","bcubed.f1"
"majority-vote",0.884999038356852,0.809054702608581,0.845324580291805
