"","bcubed.precision","bcubed.recall","bcubed.f1"
"majority-vote",0.955162393162393,0.53370532659515,0.684782469563052
