"","bcubed.precision","bcubed.recall","bcubed.f1"
"majority-vote",0.942356754034753,0.731240042378145,0.823482686191396
