"","bcubed.precision","bcubed.recall","bcubed.f1"
"majority-vote",0.851403378042722,0.387274560693916,0.532385148541692
