"","bcubed.precision","bcubed.recall","bcubed.f1"
"majority-vote",0.978492935635793,0.213241723344092,0.350171102774847
