"","bcubed.precision","bcubed.recall","bcubed.f1"
"majority-vote",0.972648821546046,0.273033034150791,0.426377341365947
