"","bcubed.precision","bcubed.recall","bcubed.f1"
"majority-vote",0.946920138219604,0.297874477692035,0.453188562968939
