"","bcubed.precision","bcubed.recall","bcubed.f1"
"majority-vote",0.971773606867452,0.590939510864723,0.734951813480481
