"","bcubed.precision","bcubed.recall","bcubed.f1"
"majority-vote",0.955854495538778,0.770426187178758,0.85318145753255
