"","bcubed.precision","bcubed.recall","bcubed.f1"
"majority-vote",0.989684276336355,0.302941354527136,0.463887281930597
