"","bcubed.precision","bcubed.recall","bcubed.f1"
"majority-vote",0.983653095579419,0.125487548949869,0.222579916424573
