"","bcubed.precision","bcubed.recall","bcubed.f1"
"majority-vote",0.986996187363834,0.624020079890938,0.764617281910325
