"","bcubed.precision","bcubed.recall","bcubed.f1"
"majority-vote",0.982313664596273,0.832883091863414,0.901447668675134
