"","bcubed.precision","bcubed.recall","bcubed.f1"
"majority-vote",0.993591965598973,0.371513444691457,0.540812117474351
