"","bcubed.precision","bcubed.recall","bcubed.f1"
"majority-vote",0.920536635706914,0.498052002378857,0.646382048139885
