"","bcubed.precision","bcubed.recall","bcubed.f1"
"majority-vote",0.852606161837416,0.695204737461357,0.765902143687774
