"","bcubed.precision","bcubed.recall","bcubed.f1"
"majority-vote",0.990000740685875,0.709741854524236,0.826766315858436
