"","bcubed.precision","bcubed.recall","bcubed.f1"
"majority-vote",0.948839719373988,0.639262943458432,0.763877658633828
