"","bcubed.precision","bcubed.recall","bcubed.f1"
"majority-vote",0.982634142173616,0.616844863137725,0.757912821525976
