"","bcubed.precision","bcubed.recall","bcubed.f1"
"majority-vote",0.995724423678759,0.320673120956246,0.485114940930643
