"","bcubed.precision","bcubed.recall","bcubed.f1"
"majority-vote",0.970747919145768,0.749092903905374,0.845636837975416
