"","bcubed.precision","bcubed.recall","bcubed.f1"
"majority-vote",0.974506061842933,0.497408609536319,0.658635605217244
