"","bcubed.precision","bcubed.recall","bcubed.f1"
"majority-vote",0.946969696969697,0.701162999326836,0.805736230451476
