"","bcubed.precision","bcubed.recall","bcubed.f1"
"majority-vote",0.894347510463257,0.149974953099484,0.25687415643398
