"","bcubed.precision","bcubed.recall","bcubed.f1"
"majority-vote",0.94021164021164,0.937074829931973,0.93864061437995
