"","bcubed.precision","bcubed.recall","bcubed.f1"
"majority-vote",0.811432291666667,0.609495793804305,0.69611484745042
