"","bcubed.precision","bcubed.recall","bcubed.f1"
"majority-vote",0.945879120879121,0.509616283559945,0.662366093096855
