"","bcubed.precision","bcubed.recall","bcubed.f1"
"majority-vote",0.46481498720391,0.818962515859303,0.593040539223221
