"","bcubed.precision","bcubed.recall","bcubed.f1"
"majority-vote",0.954533165104542,0.635858788907569,0.763268829176762
