"","bcubed.precision","bcubed.recall","bcubed.f1"
"majority-vote",0.927357770141275,0.790861163207053,0.853687770014051
