"","bcubed.precision","bcubed.recall","bcubed.f1"
"majority-vote",0.992398961809418,0.568047432175002,0.722523611348877
