"","bcubed.precision","bcubed.recall","bcubed.f1"
"majority-vote",0.967809852095297,0.491665553700336,0.652068222482544
