"","bcubed.precision","bcubed.recall","bcubed.f1"
"majority-vote",0.914059443279044,0.94709841129744,0.930285676126059
