"","bcubed.precision","bcubed.recall","bcubed.f1"
"majority-vote",0.942176086120723,0.776505686550664,0.851356080268005
