"","bcubed.precision","bcubed.recall","bcubed.f1"
"majority-vote",0.848113779477036,0.710657888276654,0.773325253479936
