"","bcubed.precision","bcubed.recall","bcubed.f1"
"majority-vote",0.745369829091057,0.670779666921146,0.706110374785548
