"","bcubed.precision","bcubed.recall","bcubed.f1"
"majority-vote",0.968831168831169,0.579105297658138,0.724907351887535
