"","bcubed.precision","bcubed.recall","bcubed.f1"
"majority-vote",0.635925280458941,0.915614478114478,0.750560713084896
