"","bcubed.precision","bcubed.recall","bcubed.f1"
"majority-vote",0.907509157509158,0.564353070175439,0.695928694438061
