"","bcubed.precision","bcubed.recall","bcubed.f1"
"majority-vote",0.883808878595924,0.937311364451351,0.909774199780238
