"","bcubed.precision","bcubed.recall","bcubed.f1"
"majority-vote",0.910441999613974,0.609715848061713,0.730333256844869
