"","bcubed.precision","bcubed.recall","bcubed.f1"
"majority-vote",0.996544276457883,0.488833354455547,0.655919506778643
