"","bcubed.precision","bcubed.recall","bcubed.f1"
"majority-vote",0.982817869415808,0.913265306122449,0.94676591613112
