"","bcubed.precision","bcubed.recall","bcubed.f1"
"majority-vote",0.926295596918742,0.702976481263752,0.799331220428744
