"","bcubed.precision","bcubed.recall","bcubed.f1"
"majority-vote",0.975905701097517,0.828887874860303,0.896408778735237
