"","bcubed.precision","bcubed.recall","bcubed.f1"
"majority-vote",0.847542085714975,0.388375114214737,0.532663926612672
