"","bcubed.precision","bcubed.recall","bcubed.f1"
"majority-vote",0.998646994394691,0.854088183531152,0.920728021568925
