"","bcubed.precision","bcubed.recall","bcubed.f1"
"majority-vote",0.772105014805747,0.676456362567474,0.721122843662609
