"","bcubed.precision","bcubed.recall","bcubed.f1"
"majority-vote",0.984500599547009,0.531077216606504,0.689962379472966
