"","bcubed.precision","bcubed.recall","bcubed.f1"
"majority-vote",0.903902316213494,0.838466336355331,0.869955577289851
