"","bcubed.precision","bcubed.recall","bcubed.f1"
"majority-vote",0.946240096416821,0.750254101604033,0.836926544478744
