"","bcubed.precision","bcubed.recall","bcubed.f1"
"majority-vote",0.991745283018868,0.565117427545624,0.719976834587963
