"","bcubed.precision","bcubed.recall","bcubed.f1"
"majority-vote",0.959423841522647,0.121001723182653,0.214900390881488
