"","bcubed.precision","bcubed.recall","bcubed.f1"
"majority-vote",0.994542974079127,0.593284777137782,0.74321311776831
