"","bcubed.precision","bcubed.recall","bcubed.f1"
"majority-vote",0.573448236589347,0.926427631409181,0.708403012401506
