"","bcubed.precision","bcubed.recall","bcubed.f1"
"majority-vote",0.985770596729501,0.576341191866299,0.727400183230857
