"","bcubed.precision","bcubed.recall","bcubed.f1"
"majority-vote",0.960864002914416,0.310831163490859,0.469713943832339
