"","bcubed.precision","bcubed.recall","bcubed.f1"
"majority-vote",0.947131522734208,0.892895135648623,0.919213996836448
