"","bcubed.precision","bcubed.recall","bcubed.f1"
"majority-vote",0.98469387755102,0.541818827348347,0.699012435755603
