"","bcubed.precision","bcubed.recall","bcubed.f1"
"majority-vote",0.991830065359477,0.470127187516699,0.637893178072899
