"","bcubed.precision","bcubed.recall","bcubed.f1"
"majority-vote",0.800321137122293,0.541376253443412,0.645860775780677
