"","bcubed.precision","bcubed.recall","bcubed.f1"
"majority-vote",0.794144510102984,0.349934692022665,0.485803280136645
