"","bcubed.precision","bcubed.recall","bcubed.f1"
"majority-vote",0.969400724284421,0.457273682849369,0.621419206980718
