"","bcubed.precision","bcubed.recall","bcubed.f1"
"majority-vote",0.769501831501831,0.553487349317349,0.64385942861464
