"","bcubed.precision","bcubed.recall","bcubed.f1"
"majority-vote",0.991763314966216,0.745006362717177,0.850855458214654
