"","bcubed.precision","bcubed.recall","bcubed.f1"
"majority-vote",0.956886946638349,0.746633201267519,0.838784988951208
