"","bcubed.precision","bcubed.recall","bcubed.f1"
"majority-vote",0.954697305002183,0.412920633045543,0.57649757959612
