"","bcubed.precision","bcubed.recall","bcubed.f1"
"majority-vote",0.965289635002375,0.845025943708361,0.901163083787524
