"","bcubed.precision","bcubed.recall","bcubed.f1"
"majority-vote",0.978997728367867,0.396080763716101,0.563985503606574
