"","bcubed.precision","bcubed.recall","bcubed.f1"
"majority-vote",0.982866043613707,0.965408805031447,0.9740592127758
