"","bcubed.precision","bcubed.recall","bcubed.f1"
"majority-vote",0.96786547590313,0.405196219608198,0.571242258388384
