"","bcubed.precision","bcubed.recall","bcubed.f1"
"majority-vote",0.990234015109637,0.493433990581173,0.658658297962369
