"","bcubed.precision","bcubed.recall","bcubed.f1"
"majority-vote",0.998362573099415,0.428965408859869,0.600090539487788
