"","bcubed.precision","bcubed.recall","bcubed.f1"
"majority-vote",0.990369836695485,0.423081929446953,0.592885574749729
