"","bcubed.precision","bcubed.recall","bcubed.f1"
"majority-vote",0.84231464574004,0.921434343434343,0.880099886465044
