"","bcubed.precision","bcubed.recall","bcubed.f1"
"majority-vote",0.961257038810399,0.763787674582834,0.851219997544506
