"","bcubed.precision","bcubed.recall","bcubed.f1"
"majority-vote",0.994071146245059,0.328794184152108,0.494146764615361
