"","bcubed.precision","bcubed.recall","bcubed.f1"
"majority-vote",0.9888458850723,0.882062537672838,0.932406845947514
