"","bcubed.precision","bcubed.recall","bcubed.f1"
"majority-vote",0.959929838910174,0.717063689292265,0.820910540410347
