"","bcubed.precision","bcubed.recall","bcubed.f1"
"majority-vote",0.979307805596465,0.28188204953085,0.437760088603352
