"","bcubed.precision","bcubed.recall","bcubed.f1"
"majority-vote",0.994467496542185,0.856040818102341,0.9200766757751
