"","bcubed.precision","bcubed.recall","bcubed.f1"
"majority-vote",0.476476880458515,0.394464858736473,0.431609548337846
