"","bcubed.precision","bcubed.recall","bcubed.f1"
"majority-vote",0.962508654237286,0.611552405911674,0.747905526808364
