"","bcubed.precision","bcubed.recall","bcubed.f1"
"majority-vote",0.984010659560293,0.225147211279287,0.366448850413983
