"","bcubed.precision","bcubed.recall","bcubed.f1"
"majority-vote",0.977002923976608,0.757213008090449,0.853180171278562
