"","bcubed.precision","bcubed.recall","bcubed.f1"
"majority-vote",0.931894378099803,0.953293194672505,0.942472337105105
