"","bcubed.precision","bcubed.recall","bcubed.f1"
"majority-vote",0.916818254467719,0.706827611612987,0.798243595634412
