"","bcubed.precision","bcubed.recall","bcubed.f1"
"majority-vote",0.978451178451178,0.783801760415626,0.870376481419212
