"","bcubed.precision","bcubed.recall","bcubed.f1"
"majority-vote",0.891278172275394,0.14044908285895,0.242659484365333
