"","bcubed.precision","bcubed.recall","bcubed.f1"
"majority-vote",0.942560621229172,0.903454923802266,0.9225935681025
