"","bcubed.precision","bcubed.recall","bcubed.f1"
"majority-vote",0.974865455934197,0.808926032251809,0.884177383366872
