"","bcubed.precision","bcubed.recall","bcubed.f1"
"majority-vote",0.992363115801429,0.705538839999574,0.824724559847273
