"","bcubed.precision","bcubed.recall","bcubed.f1"
"majority-vote",0.974118831822759,0.747524685392718,0.84591016201909
