"","bcubed.precision","bcubed.recall","bcubed.f1"
"majority-vote",0.873022425599854,0.882063661828368,0.877519755981069
