"","bcubed.precision","bcubed.recall","bcubed.f1"
"majority-vote",0.947106552357624,0.77384252065635,0.851752481580398
