"","bcubed.precision","bcubed.recall","bcubed.f1"
"majority-vote",0.94799615959458,0.73351322091611,0.827075631572312
