"","bcubed.precision","bcubed.recall","bcubed.f1"
"majority-vote",0.878587184236495,0.928724654040721,0.902960475821873
