"","bcubed.precision","bcubed.recall","bcubed.f1"
"majority-vote",0.938988095238095,0.113973673385438,0.20327408965547
