"","bcubed.precision","bcubed.recall","bcubed.f1"
"majority-vote",0.971186687638955,0.71696390344206,0.824933275762688
