"","bcubed.precision","bcubed.recall","bcubed.f1"
"majority-vote",0.899072329782013,0.921108374931904,0.909956962500504
