"","bcubed.precision","bcubed.recall","bcubed.f1"
"majority-vote",0.982866043613707,0.911417513304306,0.945794331698797
