"","bcubed.precision","bcubed.recall","bcubed.f1"
"majority-vote",0.954858348402652,0.922229358113589,0.938260262085586
