"","bcubed.precision","bcubed.recall","bcubed.f1"
"majority-vote",0.98635477582846,0.570056556346879,0.722531371008709
