"","bcubed.precision","bcubed.recall","bcubed.f1"
"majority-vote",0.949532476467461,0.955026455026455,0.952271541654952
