"","bcubed.precision","bcubed.recall","bcubed.f1"
"majority-vote",0.984478935698448,0.398559194613278,0.567407540148257
