"","bcubed.precision","bcubed.recall","bcubed.f1"
"majority-vote",0.287542892159716,0.372130124508057,0.324413367099086
