"","bcubed.precision","bcubed.recall","bcubed.f1"
"majority-vote",0.985404503753128,0.548182110010421,0.704467703660392
