"","bcubed.precision","bcubed.recall","bcubed.f1"
"majority-vote",0.94331983805668,0.557588808641018,0.700888206389822
