"","bcubed.precision","bcubed.recall","bcubed.f1"
"majority-vote",0.904837627822213,0.835921075399794,0.869015150131212
