"","bcubed.precision","bcubed.recall","bcubed.f1"
"majority-vote",0.946630029422237,0.843339630802896,0.892004638133893
