"","bcubed.precision","bcubed.recall","bcubed.f1"
"majority-vote",0.997317436661699,0.484223213378759,0.65192170586181
