"","bcubed.precision","bcubed.recall","bcubed.f1"
"majority-vote",0.968433881779403,0.7460471434455,0.842817529605012
