"","bcubed.precision","bcubed.recall","bcubed.f1"
"majority-vote",0.967356173238526,0.648481285936051,0.776454799482553
