"","bcubed.precision","bcubed.recall","bcubed.f1"
"majority-vote",0.969558577510126,0.839744906028177,0.899994814543579
