"","bcubed.precision","bcubed.recall","bcubed.f1"
"majority-vote",0.973896595208071,0.724377103820369,0.830806477731982
