"","bcubed.precision","bcubed.recall","bcubed.f1"
"majority-vote",0.956245478659272,0.433435032304379,0.596497233232681
