"","bcubed.precision","bcubed.recall","bcubed.f1"
"majority-vote",0.965057234534767,0.56316291419172,0.711264597597805
