"","bcubed.precision","bcubed.recall","bcubed.f1"
"majority-vote",0.993476234855545,0.831147898809305,0.905091267710741
