"","bcubed.precision","bcubed.recall","bcubed.f1"
"majority-vote",0.976792105186258,0.811955407216187,0.886778738791196
