"","bcubed.precision","bcubed.recall","bcubed.f1"
"majority-vote",0.961377803483067,0.861220285562391,0.908547058647092
