"","bcubed.precision","bcubed.recall","bcubed.f1"
"majority-vote",0.932197938463923,0.614719704543053,0.740880348606383
