"","bcubed.precision","bcubed.recall","bcubed.f1"
"majority-vote",0.995073891625616,0.683802472386616,0.810582603801563
