"","bcubed.precision","bcubed.recall","bcubed.f1"
"majority-vote",0.845347996810992,0.959703703703704,0.898903453265837
