"","bcubed.precision","bcubed.recall","bcubed.f1"
"majority-vote",0.972138633724,0.726311101625696,0.831434769363489
