"","bcubed.precision","bcubed.recall","bcubed.f1"
"majority-vote",0.583255213413469,0.51022395422662,0.544300778867808
