"","bcubed.precision","bcubed.recall","bcubed.f1"
"majority-vote",0.667167091102721,0.409003220516619,0.507119525483133
