"","bcubed.precision","bcubed.recall","bcubed.f1"
"majority-vote",0.911800150060133,0.519275277313525,0.661705549156025
