"","bcubed.precision","bcubed.recall","bcubed.f1"
"majority-vote",0.965606595995289,0.785234372638073,0.866129480867001
