"","bcubed.precision","bcubed.recall","bcubed.f1"
"majority-vote",0.993084103109735,0.590170144393963,0.740359407785202
