"","bcubed.precision","bcubed.recall","bcubed.f1"
"majority-vote",0.984402079722704,0.51961590643018,0.68019263553524
