"","bcubed.precision","bcubed.recall","bcubed.f1"
"majority-vote",0.910595500961006,0.967774233867587,0.938314589471626
