"","bcubed.precision","bcubed.recall","bcubed.f1"
"majority-vote",0.947937795807978,0.918661499357465,0.933070058528424
