"","bcubed.precision","bcubed.recall","bcubed.f1"
"majority-vote",0.96675363622732,0.815034823676425,0.884434821722487
