"","bcubed.precision","bcubed.recall","bcubed.f1"
"majority-vote",0.896577652935323,0.305129881048258,0.455306511533312
