"","bcubed.precision","bcubed.recall","bcubed.f1"
"majority-vote",0.97719298245614,0.63942464069577,0.77302296195336
