"","bcubed.precision","bcubed.recall","bcubed.f1"
"majority-vote",0.962529274004684,0.22899517456713,0.369970686528286
