"","bcubed.precision","bcubed.recall","bcubed.f1"
"majority-vote",0.884827144232356,0.985695194130956,0.932541510805576
