"","bcubed.precision","bcubed.recall","bcubed.f1"
"majority-vote",0.921182646286861,0.703703137031801,0.797888841943535
