"","bcubed.precision","bcubed.recall","bcubed.f1"
"majority-vote",0.939817436095729,0.15945186316199,0.272645913642413
