"","bcubed.precision","bcubed.recall","bcubed.f1"
"majority-vote",0.947007537916629,0.892347304201035,0.918865250105889
