"","bcubed.precision","bcubed.recall","bcubed.f1"
"majority-vote",0.742286399773491,0.907429558745348,0.816592234233928
