"","bcubed.precision","bcubed.recall","bcubed.f1"
"majority-vote",0.871328321537311,0.927864139510062,0.898707971267646
