"","bcubed.precision","bcubed.recall","bcubed.f1"
"majority-vote",0.761514810825791,0.832470941083676,0.79541357312372
