"","bcubed.precision","bcubed.recall","bcubed.f1"
"majority-vote",0.992560603861228,0.560462113539558,0.716399840933688
