"","bcubed.precision","bcubed.recall","bcubed.f1"
"majority-vote",0.951224826253006,0.924956095797717,0.937906564528062
