"","bcubed.precision","bcubed.recall","bcubed.f1"
"majority-vote",0.936022550837366,0.736207495715505,0.824177055669749
