"","bcubed.precision","bcubed.recall","bcubed.f1"
"majority-vote",0.825833299304656,0.488817263408976,0.614127563395781
