"","bcubed.precision","bcubed.recall","bcubed.f1"
"majority-vote",0.844094291285566,0.607564108576914,0.706559333364323
