"","bcubed.precision","bcubed.recall","bcubed.f1"
"majority-vote",0.445374007157196,0.889734970592167,0.593606717900317
