"","bcubed.precision","bcubed.recall","bcubed.f1"
"majority-vote",0.994925687666371,0.744879224821796,0.851933995202188
