"","bcubed.precision","bcubed.recall","bcubed.f1"
"majority-vote",0.854560662358761,0.924829127393122,0.88830743688143
