"","bcubed.precision","bcubed.recall","bcubed.f1"
"majority-vote",0.971980676328502,0.713922038491058,0.823201030188306
