"","bcubed.precision","bcubed.recall","bcubed.f1"
"majority-vote",0.942287409949769,0.544829128196237,0.690444379985529
