"","bcubed.precision","bcubed.recall","bcubed.f1"
"majority-vote",0.962951028294893,0.962454212454212,0.962702556277402
