"","bcubed.precision","bcubed.recall","bcubed.f1"
"majority-vote",0.935364567332309,0.838096839830135,0.884063317988497
