"","bcubed.precision","bcubed.recall","bcubed.f1"
"majority-vote",0.990502035278155,0.497561904796645,0.662385622157042
