"","bcubed.precision","bcubed.recall","bcubed.f1"
"majority-vote",0.741974570981745,0.757220094855902,0.749519815968059
