"","bcubed.precision","bcubed.recall","bcubed.f1"
"majority-vote",0.890233043181587,0.314856644581335,0.465186602653475
