"","bcubed.precision","bcubed.recall","bcubed.f1"
"majority-vote",0.827699460279042,0.607742703857769,0.700868792263869
