"","bcubed.precision","bcubed.recall","bcubed.f1"
"majority-vote",0.988419557263455,0.412750814852661,0.582328867060841
