"","bcubed.precision","bcubed.recall","bcubed.f1"
"majority-vote",0.486131787793594,0.842833848829542,0.616612370483211
