"","bcubed.precision","bcubed.recall","bcubed.f1"
"majority-vote",0.553857609613073,0.561727632648927,0.557764861144475
