"","bcubed.precision","bcubed.recall","bcubed.f1"
"majority-vote",0.982644948613535,0.708438355800165,0.823310560649718
