"","bcubed.precision","bcubed.recall","bcubed.f1"
"majority-vote",0.940329218106996,0.430409233506579,0.590523126469307
