"","bcubed.precision","bcubed.recall","bcubed.f1"
"majority-vote",0.953794622312365,0.803809642299833,0.872402655847636
