"","bcubed.precision","bcubed.recall","bcubed.f1"
"majority-vote",0.986842105263158,0.541488273527534,0.699277375152413
