"","bcubed.precision","bcubed.recall","bcubed.f1"
"majority-vote",0.798829036493039,0.432923222420784,0.561527917873381
