"","bcubed.precision","bcubed.recall","bcubed.f1"
"majority-vote",0.985221674876847,0.230683295760615,0.37383543698523
