"","bcubed.precision","bcubed.recall","bcubed.f1"
"majority-vote",0.961165048543689,0.0416510512608779,0.0798422257378182
