"","bcubed.precision","bcubed.recall","bcubed.f1"
"majority-vote",0.952689376961004,0.378389025392118,0.54164683945351
