"","bcubed.precision","bcubed.recall","bcubed.f1"
"majority-vote",0.908664544178563,0.525380985503262,0.665801836596257
