"","bcubed.precision","bcubed.recall","bcubed.f1"
"majority-vote",0.991086415959668,0.522522806852681,0.68427867390844
