"","bcubed.precision","bcubed.recall","bcubed.f1"
"majority-vote",0.40304372373975,0.34807177493879,0.373546131179152
