"","bcubed.precision","bcubed.recall","bcubed.f1"
"majority-vote",0.872407670634937,0.953308564707312,0.911065682862524
