"","bcubed.precision","bcubed.recall","bcubed.f1"
"majority-vote",0.997550337575432,0.517874448350723,0.681796728642299
