"","bcubed.precision","bcubed.recall","bcubed.f1"
"majority-vote",0.97671121149382,0.285021007833693,0.441271467270306
