"","bcubed.precision","bcubed.recall","bcubed.f1"
"majority-vote",0.276774521502632,0.614427702791676,0.381637138692706
