"","bcubed.precision","bcubed.recall","bcubed.f1"
"majority-vote",0.941645021645022,0.770949494949495,0.847790585365769
