"","bcubed.precision","bcubed.recall","bcubed.f1"
"majority-vote",0.987460815047022,0.771728986779693,0.8663671577559
