"","bcubed.precision","bcubed.recall","bcubed.f1"
"majority-vote",0.895806639439916,0.959617036582123,0.926614577359432
