"","bcubed.precision","bcubed.recall","bcubed.f1"
"majority-vote",0.669005581469427,0.626296770131023,0.646947076651603
