"","bcubed.precision","bcubed.recall","bcubed.f1"
"majority-vote",0.950206102328744,0.951394486609473,0.950799923135294
