"","bcubed.precision","bcubed.recall","bcubed.f1"
"majority-vote",0.997975513351972,0.234509422005343,0.37977691101564
