"","bcubed.precision","bcubed.recall","bcubed.f1"
"majority-vote",0.668770137883353,0.708816860077364,0.688211415975489
