"","bcubed.precision","bcubed.recall","bcubed.f1"
"majority-vote",0.995164215192424,0.456350126454904,0.625751055178758
