"","bcubed.precision","bcubed.recall","bcubed.f1"
"majority-vote",0.961363636363636,0.643394485269102,0.770877621538744
