"","bcubed.precision","bcubed.recall","bcubed.f1"
"majority-vote",0.967454545454545,0.729472850625251,0.831776099264411
