"","bcubed.precision","bcubed.recall","bcubed.f1"
"majority-vote",0.942209370700807,0.70548948210372,0.806845012773511
