"","bcubed.precision","bcubed.recall","bcubed.f1"
"majority-vote",0.911762579525737,0.20394386665266,0.333328514099038
