"","bcubed.precision","bcubed.recall","bcubed.f1"
"majority-vote",0.96632139016245,0.597179965274091,0.738173679497325
