{
      "avg_bcuded_f1": 0.7662148052636564,
      "avg_bcuded_recall": 0.720324382879554,
      "avg_bcuded_precision": 0.8812047318345692,
      "avg_bcuded_f1star": 0.7926840028288638
}