{
      "avg_bcuded_f1": 0.6498213775793935,
      "avg_bcuded_recall": 0.5298888371663163,
      "avg_bcuded_precision": 0.9413999508207871,
      "avg_bcuded_f1star": 0.678095733919542
}