"","bcubed.precision","bcubed.recall","bcubed.f1"
"majority-vote",0.978206958743518,0.088451808308278,0.162234028488332
