"","bcubed.precision","bcubed.recall","bcubed.f1"
"majority-vote",0.960842320415244,0.482194238781413,0.642135680248493
