"","bcubed.precision","bcubed.recall","bcubed.f1"
"majority-vote",0.962407410706635,0.470998489945286,0.632469054227861
