"","bcubed.precision","bcubed.recall","bcubed.f1"
"majority-vote",0.990734682881773,0.698790400043797,0.819539043705003
