"","bcubed.precision","bcubed.recall","bcubed.f1"
"majority-vote",0.963091586605491,0.310066024467266,0.469104495562052
