"","bcubed.precision","bcubed.recall","bcubed.f1"
"majority-vote",0.956032533058968,0.238882616972575,0.382252335493474
