"","bcubed.precision","bcubed.recall","bcubed.f1"
"majority-vote",0.88128146672564,0.410674142539166,0.560266170273703
