"","bcubed.precision","bcubed.recall","bcubed.f1"
"majority-vote",0.975252062328139,0.127771455740431,0.22594146666196
