"","bcubed.precision","bcubed.recall","bcubed.f1"
"majority-vote",0.882972187340814,0.927275755857306,0.90458183421101
