"","bcubed.precision","bcubed.recall","bcubed.f1"
"majority-vote",0.996786958668605,0.126618245450971,0.224694376227216
