"","bcubed.precision","bcubed.recall","bcubed.f1"
"majority-vote",0.982736526069127,0.501596206171338,0.664186543132052
