"","bcubed.precision","bcubed.recall","bcubed.f1"
"majority-vote",0.973633563127717,0.925130938269825,0.948762767709602
