"","bcubed.precision","bcubed.recall","bcubed.f1"
"majority-vote",0.981932096873084,0.243855030000924,0.390686238568188
