"","bcubed.precision","bcubed.recall","bcubed.f1"
"majority-vote",0.916408776514917,0.687973710859935,0.785928731589647
