"","bcubed.precision","bcubed.recall","bcubed.f1"
"majority-vote",0.86986744458549,0.703847885632809,0.778100524149285
