"","bcubed.precision","bcubed.recall","bcubed.f1"
"majority-vote",0.98850664682076,0.266998632535602,0.420436181819642
