"","bcubed.precision","bcubed.recall","bcubed.f1"
"majority-vote",0.992546583850932,0.207338186975554,0.34302095365821
