"","bcubed.precision","bcubed.recall","bcubed.f1"
"majority-vote",0.833769286885221,0.812975486727106,0.823241102914469
