"","bcubed.precision","bcubed.recall","bcubed.f1"
"majority-vote",0.920644521096963,0.708957256780673,0.801051671650875
