"","bcubed.precision","bcubed.recall","bcubed.f1"
"majority-vote",0.984661429105874,0.166014022439752,0.28412460588703
