"","bcubed.precision","bcubed.recall","bcubed.f1"
"majority-vote",0.990722804158892,0.32766095532515,0.492453245328442
