"","bcubed.precision","bcubed.recall","bcubed.f1"
"majority-vote",0.996095721857648,0.212882355817379,0.350794125723871
