"","bcubed.precision","bcubed.recall","bcubed.f1"
"majority-vote",0.975765306122449,0.26161043423532,0.412599628585972
