"","bcubed.precision","bcubed.recall","bcubed.f1"
"majority-vote",0.87596851731827,0.935468402877204,0.904741270016742
