"","bcubed.precision","bcubed.recall","bcubed.f1"
"majority-vote",0.870027096004502,0.769835987461276,0.816870841625565
