"","bcubed.precision","bcubed.recall","bcubed.f1"
"majority-vote",0.99448888208504,0.896096651337727,0.942732440584824
