"","bcubed.precision","bcubed.recall","bcubed.f1"
"majority-vote",0.819890988372093,0.931483957219251,0.872132268718022
