"","bcubed.precision","bcubed.recall","bcubed.f1"
"majority-vote",0.793296571994771,0.432301995867558,0.559634615086715
