"","bcubed.precision","bcubed.recall","bcubed.f1"
"majority-vote",0.996189516129032,0.44228112732637,0.61258924431838
