"","bcubed.precision","bcubed.recall","bcubed.f1"
"majority-vote",0.941483803552769,0.443322695779065,0.602800662799788
