"","bcubed.precision","bcubed.recall","bcubed.f1"
"majority-vote",0.895220588235294,0.218701156243498,0.351525192340422
