"","bcubed.precision","bcubed.recall","bcubed.f1"
"majority-vote",0.994330708661417,0.0873431902504267,0.160580774567685
