"","bcubed.precision","bcubed.recall","bcubed.f1"
"majority-vote",0.888888888888889,0.615970533804509,0.727681742394007
