"","bcubed.precision","bcubed.recall","bcubed.f1"
"majority-vote",0.988650303231797,0.488909891552238,0.654268995933252
