"","bcubed.precision","bcubed.recall","bcubed.f1"
"majority-vote",0.972187954415691,0.794526408996804,0.874424321540991
