"","bcubed.precision","bcubed.recall","bcubed.f1"
"majority-vote",0.89105581691587,0.106072086126751,0.189576781608935
