"","bcubed.precision","bcubed.recall","bcubed.f1"
"majority-vote",0.693104717673003,0.81788191196515,0.750341267835329
