"","bcubed.precision","bcubed.recall","bcubed.f1"
"majority-vote",0.987281941377487,0.355323828523843,0.522573054737404
