"","bcubed.precision","bcubed.recall","bcubed.f1"
"majority-vote",0.557545671915738,0.657006376218199,0.60320356306559
