"","bcubed.precision","bcubed.recall","bcubed.f1"
"majority-vote",0.808993576017131,0.485965229216689,0.607189583197602
