"","bcubed.precision","bcubed.recall","bcubed.f1"
"majority-vote",0.872214643019554,0.466872380997988,0.608194866837146
