"","bcubed.precision","bcubed.recall","bcubed.f1"
"majority-vote",0.964861120669496,0.565853777466972,0.713353362571343
