"","bcubed.precision","bcubed.recall","bcubed.f1"
"majority-vote",0.987196765498652,0.52394354108116,0.684562997634413
