"","bcubed.precision","bcubed.recall","bcubed.f1"
"majority-vote",0.839826540552431,0.760726606295817,0.798321999278391
