"","bcubed.precision","bcubed.recall","bcubed.f1"
"majority-vote",0.996386630532972,0.215725467270059,0.35466351972389
