"","bcubed.precision","bcubed.recall","bcubed.f1"
"majority-vote",0.85288190015155,0.90183033937947,0.876673401069854
