"","bcubed.precision","bcubed.recall","bcubed.f1"
"majority-vote",0.995350819418078,0.387901456980062,0.558246734375792
