"","bcubed.precision","bcubed.recall","bcubed.f1"
"majority-vote",0.971636432054438,0.939587367966653,0.955343186710488
