"","bcubed.precision","bcubed.recall","bcubed.f1"
"majority-vote",0.95863653772501,0.915124798352035,0.936375461898656
