"","bcubed.precision","bcubed.recall","bcubed.f1"
"majority-vote",0.996820349761526,0.142896908492147,0.24996119918591
