"","bcubed.precision","bcubed.recall","bcubed.f1"
"majority-vote",0.99564125283756,0.0419401572635137,0.0804897819400627
