"","bcubed.precision","bcubed.recall","bcubed.f1"
"majority-vote",0.989242685025818,0.330654741144891,0.495641217962923
