"","bcubed.precision","bcubed.recall","bcubed.f1"
"majority-vote",0.981978435957392,0.334041855197186,0.498505837205681
