"","bcubed.precision","bcubed.recall","bcubed.f1"
"majority-vote",0.965111380409738,0.983846664599852,0.97438897159924
