"","bcubed.precision","bcubed.recall","bcubed.f1"
"majority-vote",0.969743446654169,0.305343243568062,0.464446239931574
