"","bcubed.precision","bcubed.recall","bcubed.f1"
"majority-vote",0.479410209462583,0.943931156447948,0.635870275773906
