"","bcubed.precision","bcubed.recall","bcubed.f1"
"majority-vote",0.670035475045113,0.976929530201342,0.79488931430708
