"","bcubed.precision","bcubed.recall","bcubed.f1"
"majority-vote",0.899437303335609,0.960487260008523,0.928960333183611
