"","bcubed.precision","bcubed.recall","bcubed.f1"
"majority-vote",0.878467635402906,0.10058655989519,0.180504895130011
