"","bcubed.precision","bcubed.recall","bcubed.f1"
"majority-vote",0.967202414946561,0.600732515778282,0.741140373381531
