"","bcubed.precision","bcubed.recall","bcubed.f1"
"majority-vote",0.870615268743581,0.723182101405006,0.79007958145466
