"","bcubed.precision","bcubed.recall","bcubed.f1"
"majority-vote",0.951446670152984,0.27239155456123,0.423529895261438
