"","bcubed.precision","bcubed.recall","bcubed.f1"
"majority-vote",0.979523967785156,0.923702732467486,0.950794737632082
