"","bcubed.precision","bcubed.recall","bcubed.f1"
"majority-vote",0.998009289980093,0.171391471928778,0.292543474880364
