"","bcubed.precision","bcubed.recall","bcubed.f1"
"majority-vote",0.984336136636685,0.309153631598127,0.470527249349311
