"","bcubed.precision","bcubed.recall","bcubed.f1"
"majority-vote",0.990965435427473,0.663087806520736,0.794529559570301
