"","bcubed.precision","bcubed.recall","bcubed.f1"
"majority-vote",0.981874276899344,0.37458853858483,0.542291091593956
