"","bcubed.precision","bcubed.recall","bcubed.f1"
"majority-vote",0.97749285838438,0.944361139123512,0.96064141232995
