"","bcubed.precision","bcubed.recall","bcubed.f1"
"majority-vote",0.894052044609665,0.702888624038521,0.787028627665262
