"","bcubed.precision","bcubed.recall","bcubed.f1"
"majority-vote",0.964636542239686,0.172904441419188,0.293246476222798
