"","bcubed.precision","bcubed.recall","bcubed.f1"
"majority-vote",0.988249845392703,0.463583660559974,0.631114351606527
