"","bcubed.precision","bcubed.recall","bcubed.f1"
"majority-vote",0.955397291607101,0.969431300776716,0.962363134905612
