"","bcubed.precision","bcubed.recall","bcubed.f1"
"majority-vote",0.988124156545209,0.2212713317145,0.361574935809705
