"","bcubed.precision","bcubed.recall","bcubed.f1"
"majority-vote",0.95042194092827,0.747327275928454,0.836726924146771
