"","bcubed.precision","bcubed.recall","bcubed.f1"
"majority-vote",0.982303198816387,0.454968848194544,0.621896676934272
