"","bcubed.precision","bcubed.recall","bcubed.f1"
"majority-vote",0.932926829268293,0.324775865752776,0.481818350010813
