"","bcubed.precision","bcubed.recall","bcubed.f1"
"majority-vote",0.864188023101023,0.873692671132769,0.868914356168695
