"","bcubed.precision","bcubed.recall","bcubed.f1"
"majority-vote",0.962424242424242,0.199248721239203,0.330147650140536
