"","bcubed.precision","bcubed.recall","bcubed.f1"
"majority-vote",0.959218221135121,0.0887547364934548,0.16247587275385
