"","bcubed.precision","bcubed.recall","bcubed.f1"
"majority-vote",0.950239756558972,0.255836859954543,0.403135840946457
