"","bcubed.precision","bcubed.recall","bcubed.f1"
"majority-vote",0.984302607347097,0.626087725219324,0.765354545291243
