"","bcubed.precision","bcubed.recall","bcubed.f1"
"majority-vote",0.992787470022515,0.645387270518089,0.782251587240255
