"","bcubed.precision","bcubed.recall","bcubed.f1"
"majority-vote",0.981901195637892,0.440482440797637,0.608148496928101
