"","bcubed.precision","bcubed.recall","bcubed.f1"
"majority-vote",0.417465547514558,0.816621062231519,0.552491463993028
