"","bcubed.precision","bcubed.recall","bcubed.f1"
"majority-vote",0.982560296846011,0.936643883963611,0.959052821860831
