"","bcubed.precision","bcubed.recall","bcubed.f1"
"majority-vote",0.996577237341569,0.537800385713172,0.698601979828458
