"","bcubed.precision","bcubed.recall","bcubed.f1"
"majority-vote",0.984573467899766,0.66221418626599,0.791842853831234
