"","bcubed.precision","bcubed.recall","bcubed.f1"
"majority-vote",0.913913635238802,0.0372644362083651,0.0716090443685193
