"","bcubed.precision","bcubed.recall","bcubed.f1"
"majority-vote",0.95858083752408,0.55700886060679,0.704594417298137
