"","bcubed.precision","bcubed.recall","bcubed.f1"
"majority-vote",0.910920610006003,0.746709847565915,0.820681578014166
