"","bcubed.precision","bcubed.recall","bcubed.f1"
"majority-vote",0.996142051207869,0.617295673576886,0.762240982757059
