"","bcubed.precision","bcubed.recall","bcubed.f1"
"majority-vote",0.980370041540299,0.537998069915257,0.694742185603204
