"","bcubed.precision","bcubed.recall","bcubed.f1"
"majority-vote",0.910891089108911,0.661577040210415,0.766469754713023
