"","bcubed.precision","bcubed.recall","bcubed.f1"
"majority-vote",0.826457908230873,0.614068879664733,0.704606239969721
