"","bcubed.precision","bcubed.recall","bcubed.f1"
"majority-vote",0.740887054192867,0.196711821702167,0.310881861855276
