"","bcubed.precision","bcubed.recall","bcubed.f1"
"majority-vote",0.884034681501648,0.928434267776544,0.905690652009151
