"","bcubed.precision","bcubed.recall","bcubed.f1"
"majority-vote",0.997173069769913,0.93165238483926,0.963299884215668
