"","bcubed.precision","bcubed.recall","bcubed.f1"
"majority-vote",0.984652114597544,0.602927752976716,0.747898230562941
