"","bcubed.precision","bcubed.recall","bcubed.f1"
"majority-vote",0.997169954348668,0.987838683868449,0.992482386556957
