"","bcubed.precision","bcubed.recall","bcubed.f1"
"majority-vote",0.99033730360718,0.909502413688039,0.948200166357583
