"","bcubed.precision","bcubed.recall","bcubed.f1"
"majority-vote",0.837889135254989,0.753106512587908,0.793238831850649
