"","bcubed.precision","bcubed.recall","bcubed.f1"
"majority-vote",0.902761007808098,0.34551707171888,0.499759380534885
