"","bcubed.precision","bcubed.recall","bcubed.f1"
"majority-vote",0.980603823148329,0.568123360456931,0.719434572055574
