"","bcubed.precision","bcubed.recall","bcubed.f1"
"majority-vote",0.989059080962801,0.222745930106883,0.363604512124021
