"","bcubed.precision","bcubed.recall","bcubed.f1"
"majority-vote",0.776010480209728,0.84020695332103,0.80683376852066
