"","bcubed.precision","bcubed.recall","bcubed.f1"
"majority-vote",0.970496287612349,0.154113707985666,0.26598871085212
