"","bcubed.precision","bcubed.recall","bcubed.f1"
"majority-vote",0.890383732062712,0.730138231959142,0.802338034691005
