"","bcubed.precision","bcubed.recall","bcubed.f1"
"majority-vote",0.990826890929439,0.983955354028601,0.987379167231929
