"","bcubed.precision","bcubed.recall","bcubed.f1"
"majority-vote",0.964613930556667,0.708751687221196,0.817121785622661
