"","bcubed.precision","bcubed.recall","bcubed.f1"
"majority-vote",0.989334779464931,0.0621872527236708,0.117018968838625
