"","bcubed.precision","bcubed.recall","bcubed.f1"
"majority-vote",0.990484003281378,0.240909903465061,0.387556580078706
