"","bcubed.precision","bcubed.recall","bcubed.f1"
"majority-vote",0.968375346156099,0.502102348763054,0.661313717942448
