"","bcubed.precision","bcubed.recall","bcubed.f1"
"majority-vote",0.965441916189748,0.754868074293458,0.847267392676873
