"","bcubed.precision","bcubed.recall","bcubed.f1"
"majority-vote",0.877416372864407,0.617122523381844,0.724602628193373
