"","bcubed.precision","bcubed.recall","bcubed.f1"
"majority-vote",0.959986204889104,0.0850380866578864,0.156236349225695
