"","bcubed.precision","bcubed.recall","bcubed.f1"
"majority-vote",0.99180184724205,0.115778471977538,0.207351648247225
