"","bcubed.precision","bcubed.recall","bcubed.f1"
"majority-vote",0.882375555736008,0.94197593007825,0.911202190209264
