"","bcubed.precision","bcubed.recall","bcubed.f1"
"majority-vote",0.931215746531324,0.378044895998434,0.53777124067416
