"","bcubed.precision","bcubed.recall","bcubed.f1"
"majority-vote",0.840034217279726,0.256675035454488,0.393205057704589
