"","bcubed.precision","bcubed.recall","bcubed.f1"
"majority-vote",0.692638426621184,0.611877437507737,0.649758024803104
