"","bcubed.precision","bcubed.recall","bcubed.f1"
"majority-vote",0.908377770338069,0.681290674789081,0.778614315474474
