"","bcubed.precision","bcubed.recall","bcubed.f1"
"majority-vote",0.36873087588449,0.432307267435685,0.397996122162379
