"","bcubed.precision","bcubed.recall","bcubed.f1"
"majority-vote",0.926752202221371,0.979678854600422,0.952480849199176
