"","bcubed.precision","bcubed.recall","bcubed.f1"
"majority-vote",0.975113971574149,0.963063456420492,0.96905125227855
