"","bcubed.precision","bcubed.recall","bcubed.f1"
"majority-vote",0.990550409028878,0.168076932523318,0.287389513933357
