"","bcubed.precision","bcubed.recall","bcubed.f1"
"majority-vote",0.981849924237433,0.533239617898745,0.691129156229398
