"","bcubed.precision","bcubed.recall","bcubed.f1"
"majority-vote",0.947972471365878,0.0302785830939231,0.058682815856209
