"","bcubed.precision","bcubed.recall","bcubed.f1"
"majority-vote",0.959944751381215,0.337767697977329,0.499707510735098
