"","bcubed.precision","bcubed.recall","bcubed.f1"
"majority-vote",0.976150627615063,0.658952388914138,0.786784418479474
