"","bcubed.precision","bcubed.recall","bcubed.f1"
"majority-vote",0.996095721857648,0.907794544840177,0.949897458123335
