"","bcubed.precision","bcubed.recall","bcubed.f1"
"majority-vote",0.728447033480484,0.660681309551071,0.692911266885794
