"","bcubed.precision","bcubed.recall","bcubed.f1"
"majority-vote",0.858199197360517,0.369357357079511,0.516444128359423
