"","bcubed.precision","bcubed.recall","bcubed.f1"
"majority-vote",0.994407182969886,0.0441889273947571,0.0846176610340927
