"","bcubed.precision","bcubed.recall","bcubed.f1"
"majority-vote",0.978610007229942,0.895154187367417,0.935023572653741
