"","bcubed.precision","bcubed.recall","bcubed.f1"
"majority-vote",0.922520661157025,0.603660091960585,0.72978106428351
