"","bcubed.precision","bcubed.recall","bcubed.f1"
"majority-vote",0.880519319203903,0.269859439017125,0.413109939358688
