"","bcubed.precision","bcubed.recall","bcubed.f1"
"majority-vote",0.981427445945552,0.553978265783705,0.708203011548153
