"","bcubed.precision","bcubed.recall","bcubed.f1"
"majority-vote",0.726302317290846,0.958101402584197,0.826252353501256
