"","bcubed.precision","bcubed.recall","bcubed.f1"
"majority-vote",0.993899057127011,0.082220208767448,0.151876451915074
