"","bcubed.precision","bcubed.recall","bcubed.f1"
"majority-vote",0.988147932231886,0.89035848042124,0.936707892448203
