"","bcubed.precision","bcubed.recall","bcubed.f1"
"majority-vote",0.663979688206,0.732589275833596,0.696599181960997
