"","bcubed.precision","bcubed.recall","bcubed.f1"
"majority-vote",0.846104610744221,0.120682956195996,0.211236489105552
