"","bcubed.precision","bcubed.recall","bcubed.f1"
"majority-vote",0.985309017223911,0.824481765357552,0.897749425803497
