"","bcubed.precision","bcubed.recall","bcubed.f1"
"majority-vote",0.983079888627115,0.628678155931888,0.766915175143331
