"","bcubed.precision","bcubed.recall","bcubed.f1"
"majority-vote",0.862316728694122,0.72989306788068,0.790598078149452
