"","bcubed.precision","bcubed.recall","bcubed.f1"
"majority-vote",0.998944713870029,0.123047717794876,0.219106410660126
