"","bcubed.precision","bcubed.recall","bcubed.f1"
"majority-vote",0.988169141596803,0.84424067759874,0.910552406939295
