"","bcubed.precision","bcubed.recall","bcubed.f1"
"majority-vote",0.862558014685971,0.689632279575292,0.766462529927017
