"","bcubed.precision","bcubed.recall","bcubed.f1"
"majority-vote",0.55560160776004,0.701728151537862,0.620173484834445
