"","bcubed.precision","bcubed.recall","bcubed.f1"
"majority-vote",0.985861564791782,0.435265802655894,0.603903401110865
