"","bcubed.precision","bcubed.recall","bcubed.f1"
"majority-vote",0.970833387095721,0.850385978785115,0.906626753030784
