"","bcubed.precision","bcubed.recall","bcubed.f1"
"majority-vote",0.504311755068693,0.882447692687561,0.641825437534433
