"","bcubed.precision","bcubed.recall","bcubed.f1"
"majority-vote",0.980410647695792,0.965736268070852,0.9730181338439
