"","bcubed.precision","bcubed.recall","bcubed.f1"
"majority-vote",0.971162377994676,0.175652450307187,0.297497114845498
