"","bcubed.precision","bcubed.recall","bcubed.f1"
"majority-vote",0.941740003836151,0.554799768480353,0.698246910321985
