"","bcubed.precision","bcubed.recall","bcubed.f1"
"majority-vote",0.865209471766849,0.0601608425337853,0.112499244865109
