"","bcubed.precision","bcubed.recall","bcubed.f1"
"majority-vote",0.892153981780782,0.069244257863271,0.128513945253415
