"","bcubed.precision","bcubed.recall","bcubed.f1"
"majority-vote",0.994585651977741,0.0525954787359111,0.0999076606240754
