"","bcubed.precision","bcubed.recall","bcubed.f1"
"majority-vote",0.988640061991476,0.174611573131316,0.296802499601474
