"","bcubed.precision","bcubed.recall","bcubed.f1"
"majority-vote",0.984614709180965,0.708110713865566,0.823779468433616
