"","bcubed.precision","bcubed.recall","bcubed.f1"
"majority-vote",0.969863476770654,0.75051767135332,0.846207456888609
