"","bcubed.precision","bcubed.recall","bcubed.f1"
"majority-vote",0.949142705907824,0.844947992125811,0.894019710906098
