"","bcubed.precision","bcubed.recall","bcubed.f1"
"majority-vote",0.611125381197314,0.934961991122483,0.739128995500962
