"","bcubed.precision","bcubed.recall","bcubed.f1"
"majority-vote",0.783080260303688,0.136805690081283,0.232919820886585
