"","bcubed.precision","bcubed.recall","bcubed.f1"
"majority-vote",0.99382639118831,0.618391389234494,0.762395366392338
