"","bcubed.precision","bcubed.recall","bcubed.f1"
"majority-vote",0.97572499967729,0.788677227300129,0.87228646120129
