"","bcubed.precision","bcubed.recall","bcubed.f1"
"majority-vote",0.977683583763762,0.382722386046613,0.550102546269812
