"","bcubed.precision","bcubed.recall","bcubed.f1"
"majority-vote",0.979035639412998,0.0951331867785356,0.173415534087585
