"","bcubed.precision","bcubed.recall","bcubed.f1"
"majority-vote",0.988725929241371,0.905682601122427,0.94538412073192
