"","bcubed.precision","bcubed.recall","bcubed.f1"
"majority-vote",0.952054081116989,0.113845547565497,0.203372091067716
