"","bcubed.precision","bcubed.recall","bcubed.f1"
"majority-vote",0.995875902146405,0.930817425236177,0.96224825187927
