"","bcubed.precision","bcubed.recall","bcubed.f1"
"majority-vote",0.985218033998522,0.474241034164841,0.640279442587302
