"","bcubed.precision","bcubed.recall","bcubed.f1"
"majority-vote",0.996695704415741,0.136524960950272,0.240154184058606
