"","bcubed.precision","bcubed.recall","bcubed.f1"
"majority-vote",0.924805667569264,0.267279544676221,0.414704645612196
