"","bcubed.precision","bcubed.recall","bcubed.f1"
"majority-vote",0.957297043641483,0.138748092136417,0.242368008537931
