"","bcubed.precision","bcubed.recall","bcubed.f1"
"majority-vote",0.995333144146512,0.0306112275078311,0.0593957531487273
