"","bcubed.precision","bcubed.recall","bcubed.f1"
"majority-vote",0.844796102046772,0.929871570127823,0.885294627456101
