"","bcubed.precision","bcubed.recall","bcubed.f1"
"majority-vote",0.991998878630717,0.217042961207378,0.356160336289505
