"","bcubed.precision","bcubed.recall","bcubed.f1"
"majority-vote",0.99431513380614,0.995723449750535,0.995018793457899
