"","bcubed.precision","bcubed.recall","bcubed.f1"
"majority-vote",0.792437770380697,0.944812993724622,0.86194292458341
