"","bcubed.precision","bcubed.recall","bcubed.f1"
"majority-vote",0.846848528497929,0.950459235583414,0.895667421169225
