"","bcubed.precision","bcubed.recall","bcubed.f1"
"majority-vote",0.995211121144953,0.139613192954516,0.244874207506117
