"","bcubed.precision","bcubed.recall","bcubed.f1"
"majority-vote",0.986909539981476,0.392415704004493,0.561548197003086
