"","bcubed.precision","bcubed.recall","bcubed.f1"
"majority-vote",0.813165815939485,0.692424935916163,0.747953967301064
