"","bcubed.precision","bcubed.recall","bcubed.f1"
"majority-vote",0.98974358974359,0.154519401688774,0.267306709135177
