"","bcubed.precision","bcubed.recall","bcubed.f1"
"majority-vote",0.977940653241301,0.866015321347948,0.918581138320985
