"","bcubed.precision","bcubed.recall","bcubed.f1"
"majority-vote",0.982811988405382,0.782620887990915,0.871366112388265
