"","bcubed.precision","bcubed.recall","bcubed.f1"
"majority-vote",0.996956064833748,0.427139016204651,0.598048316298995
