"","bcubed.precision","bcubed.recall","bcubed.f1"
"majority-vote",0.903806157471441,0.88187749895749,0.892707183407002
