"","bcubed.precision","bcubed.recall","bcubed.f1"
"majority-vote",0.759970544863865,0.922644426672947,0.833443894789341
