"","bcubed.precision","bcubed.recall","bcubed.f1"
"majority-vote",0.908753737616234,0.276662035372761,0.424184770323358
