"","bcubed.precision","bcubed.recall","bcubed.f1"
"majority-vote",0.98838784457424,0.653733341286653,0.786960297064661
