"","bcubed.precision","bcubed.recall","bcubed.f1"
"majority-vote",0.954705461198381,0.407077794199682,0.57078010280193
