"","bcubed.precision","bcubed.recall","bcubed.f1"
"majority-vote",0.978570201987679,0.0943780679426479,0.172152875582419
