"","bcubed.precision","bcubed.recall","bcubed.f1"
"majority-vote",0.868059373282023,0.271810593222113,0.413990613205521
