"","bcubed.precision","bcubed.recall","bcubed.f1"
"majority-vote",0.989113083902767,0.824059308398216,0.899073742033061
