"","bcubed.precision","bcubed.recall","bcubed.f1"
"majority-vote",0.97386343804153,0.945959540379105,0.959708702934315
