"","bcubed.precision","bcubed.recall","bcubed.f1"
"majority-vote",0.827190396926781,0.494874880091059,0.61926707494352
