"","bcubed.precision","bcubed.recall","bcubed.f1"
"majority-vote",0.889452587631458,0.617539928245238,0.728965116092738
