"","bcubed.precision","bcubed.recall","bcubed.f1"
"majority-vote",0.924325241254524,0.475339018116839,0.627818921083076
