"","bcubed.precision","bcubed.recall","bcubed.f1"
"majority-vote",0.997373604727511,0.0426900466666327,0.0818756153487566
