"","bcubed.precision","bcubed.recall","bcubed.f1"
"majority-vote",0.913762019230769,0.0439737955512818,0.0839095366300451
