"","bcubed.precision","bcubed.recall","bcubed.f1"
"majority-vote",0.926499049744564,0.967654828048161,0.946629826835502
