"","bcubed.precision","bcubed.recall","bcubed.f1"
"majority-vote",0.722397476340694,0.172847371510785,0.278950513418041
