"","bcubed.precision","bcubed.recall","bcubed.f1"
"majority-vote",0.981572195008164,0.289341018046519,0.446937045382026
