"","bcubed.precision","bcubed.recall","bcubed.f1"
"majority-vote",0.890086539285408,0.171331602478911,0.287351322009981
