"","bcubed.precision","bcubed.recall","bcubed.f1"
"majority-vote",0.92469260520695,0.845059977614139,0.883084697647979
