"","bcubed.precision","bcubed.recall","bcubed.f1"
"majority-vote",0.986400437691678,0.677031146676128,0.802947143348899
