"","bcubed.precision","bcubed.recall","bcubed.f1"
"majority-vote",0.957729734489895,0.768140257129862,0.852521647730306
