"","bcubed.precision","bcubed.recall","bcubed.f1"
"majority-vote",0.434575176573351,0.746157056706942,0.549254649835404
