"","bcubed.precision","bcubed.recall","bcubed.f1"
"majority-vote",0.971214879017696,0.240669953813176,0.385749922341802
