"","bcubed.precision","bcubed.recall","bcubed.f1"
"majority-vote",0.933728908524768,0.53830147610863,0.682903906048596
