"","bcubed.precision","bcubed.recall","bcubed.f1"
"majority-vote",0.992139439507861,0.0779102798188671,0.14447527055103
