"","bcubed.precision","bcubed.recall","bcubed.f1"
"majority-vote",0.852729298859931,0.826698603224012,0.839512216536296
