"","bcubed.precision","bcubed.recall","bcubed.f1"
"majority-vote",0.916879275692654,0.604086260044707,0.728319162468278
