"","bcubed.precision","bcubed.recall","bcubed.f1"
"majority-vote",0.969331578771515,0.470433868854757,0.633445406758978
