"","bcubed.precision","bcubed.recall","bcubed.f1"
"majority-vote",0.967331876270047,0.244365041058896,0.39016702985989
