"","bcubed.precision","bcubed.recall","bcubed.f1"
"majority-vote",0.95102334984304,0.161282694721166,0.275793895672895
