"","bcubed.precision","bcubed.recall","bcubed.f1"
"majority-vote",0.879064669345999,0.0637123786940242,0.11881345908101
