"","bcubed.precision","bcubed.recall","bcubed.f1"
"majority-vote",0.995812885178816,0.613298610939031,0.759090542462483
