"","bcubed.precision","bcubed.recall","bcubed.f1"
"majority-vote",0.998020427186802,0.114508985658371,0.205445906353577
