"","bcubed.precision","bcubed.recall","bcubed.f1"
"majority-vote",0.972689267572989,0.885953444923335,0.927297539922374
