"","bcubed.precision","bcubed.recall","bcubed.f1"
"majority-vote",0.983184024823582,0.598647486616756,0.744176154142297
