"","bcubed.precision","bcubed.recall","bcubed.f1"
"majority-vote",0.971593430980914,0.0468197032518907,0.0893345040257779
