"","bcubed.precision","bcubed.recall","bcubed.f1"
"majority-vote",0.830687830687831,0.231749701379783,0.362396189688587
