"","bcubed.precision","bcubed.recall","bcubed.f1"
"majority-vote",0.987041385992742,0.637691532217519,0.774807879794997
