"","bcubed.precision","bcubed.recall","bcubed.f1"
"majority-vote",0.911169430704785,0.860559451023612,0.885141596057145
