"","bcubed.precision","bcubed.recall","bcubed.f1"
"majority-vote",0.987939493049877,0.902469003838192,0.94327207226674
