"","bcubed.precision","bcubed.recall","bcubed.f1"
"majority-vote",0.988825150860463,0.292953088401125,0.451996098795
