"","bcubed.precision","bcubed.recall","bcubed.f1"
"majority-vote",0.821506606494581,0.876622109969851,0.848169926999212
