"","bcubed.precision","bcubed.recall","bcubed.f1"
"majority-vote",0.81431334622824,0.767736536967306,0.790339312407451
