"","bcubed.precision","bcubed.recall","bcubed.f1"
"majority-vote",0.92945150361449,0.759916725887708,0.836177372302374
