"","bcubed.precision","bcubed.recall","bcubed.f1"
"majority-vote",0.968802611681172,0.35651731834918,0.521224953009411
