"","bcubed.precision","bcubed.recall","bcubed.f1"
"majority-vote",0.995662195723041,0.068006940871833,0.1273176737827
