"","bcubed.precision","bcubed.recall","bcubed.f1"
"majority-vote",0.91435951994467,0.444512598438839,0.598208353264903
