"","bcubed.precision","bcubed.recall","bcubed.f1"
"majority-vote",0.82895814042445,0.754497044362141,0.789976846656988
