"","bcubed.precision","bcubed.recall","bcubed.f1"
"majority-vote",0.997209302325581,0.215982132851617,0.355062500065034
