"","bcubed.precision","bcubed.recall","bcubed.f1"
"majority-vote",0.997848537005164,0.528613477348671,0.69110948068612
