"","bcubed.precision","bcubed.recall","bcubed.f1"
"majority-vote",0.974165415255138,0.300798914724967,0.459664467124214
