"","bcubed.precision","bcubed.recall","bcubed.f1"
"majority-vote",0.995907631523142,0.708741629924974,0.828136572119022
