"","bcubed.precision","bcubed.recall","bcubed.f1"
"majority-vote",0.798958081422456,0.958595427588409,0.871526880700665
