"","bcubed.precision","bcubed.recall","bcubed.f1"
"majority-vote",0.961557337413483,0.723294721740421,0.825579127880468
