"","bcubed.precision","bcubed.recall","bcubed.f1"
"majority-vote",0.973753280839895,0.523695540637289,0.681092059431765
