"","bcubed.precision","bcubed.recall","bcubed.f1"
"majority-vote",0.920045393870897,0.915126749041309,0.917579479958119
