"","bcubed.precision","bcubed.recall","bcubed.f1"
"majority-vote",0.880774032459426,0.110291361028814,0.196035029448214
