"","bcubed.precision","bcubed.recall","bcubed.f1"
"majority-vote",0.821989067941072,0.608876644481557,0.699562427337912
