"","bcubed.precision","bcubed.recall","bcubed.f1"
"majority-vote",0.902841634760125,0.939160451028798,0.920642993241496
