"","bcubed.precision","bcubed.recall","bcubed.f1"
"majority-vote",0.831326906802519,0.780229647697587,0.80496821263248
