"","bcubed.precision","bcubed.recall","bcubed.f1"
"majority-vote",0.278213185665303,0.880631122948204,0.422840563292864
