"","bcubed.precision","bcubed.recall","bcubed.f1"
"majority-vote",0.995069475571493,0.170384352187901,0.290949781001887
