"","bcubed.precision","bcubed.recall","bcubed.f1"
"majority-vote",0.998661311914324,0.162633010659535,0.279714268172525
