"","bcubed.precision","bcubed.recall","bcubed.f1"
"majority-vote",0.930354656556811,0.271345197795033,0.420150285262536
