"","bcubed.precision","bcubed.recall","bcubed.f1"
"majority-vote",0.969331578771515,0.399739073652354,0.56604778821909
