"","bcubed.precision","bcubed.recall","bcubed.f1"
"majority-vote",0.835274542429285,0.138323650049262,0.237342723917581
