"","bcubed.precision","bcubed.recall","bcubed.f1"
"majority-vote",0.924711422928535,0.900346810217076,0.912366482213584
