"","bcubed.precision","bcubed.recall","bcubed.f1"
"majority-vote",0.760105692918193,0.992810596401757,0.861012007147526
