"","bcubed.precision","bcubed.recall","bcubed.f1"
"majority-vote",0.993344136423452,0.262399688633024,0.415137525508009
