"","bcubed.precision","bcubed.recall","bcubed.f1"
"majority-vote",0.986748408809759,0.138594814108903,0.243051558859619
