"","bcubed.precision","bcubed.recall","bcubed.f1"
"majority-vote",0.984608970143536,0.660510759517438,0.790635243103202
