"","bcubed.precision","bcubed.recall","bcubed.f1"
"majority-vote",0.81716962710164,0.776960687273753,0.796558059735404
