"","bcubed.precision","bcubed.recall","bcubed.f1"
"majority-vote",0.982806928171167,0.812421808912969,0.889528744614339
