"","bcubed.precision","bcubed.recall","bcubed.f1"
"majority-vote",0.97331955487406,0.35090738667724,0.515840617171856
