"","bcubed.precision","bcubed.recall","bcubed.f1"
"majority-vote",0.963793103448276,0.492208138252875,0.651629676572221
