"","bcubed.precision","bcubed.recall","bcubed.f1"
"majority-vote",0.88361629760948,0.228926484614419,0.363641157880501
