"","bcubed.precision","bcubed.recall","bcubed.f1"
"majority-vote",0.99685336689742,0.147385286870509,0.256802230835679
