"","bcubed.precision","bcubed.recall","bcubed.f1"
"majority-vote",0.967343515869773,0.436725308447261,0.601770209588093
