"","bcubed.precision","bcubed.recall","bcubed.f1"
"majority-vote",0.935240909822853,0.416407905968094,0.576246883488207
