"","bcubed.precision","bcubed.recall","bcubed.f1"
"majority-vote",0.925742687007222,0.37123012186467,0.529947225049285
