"","bcubed.precision","bcubed.recall","bcubed.f1"
"majority-vote",0.244918775105947,0.822221084285009,0.377415160828683
