"","bcubed.precision","bcubed.recall","bcubed.f1"
"majority-vote",0.99153754709758,0.731325201649636,0.841780805930836
