"","bcubed.precision","bcubed.recall","bcubed.f1"
"majority-vote",0.982721012474309,0.982887399918157,0.98280419915394
