"","bcubed.precision","bcubed.recall","bcubed.f1"
"majority-vote",0.956555450945931,0.15129502238534,0.2612664467769
