"","bcubed.precision","bcubed.recall","bcubed.f1"
"majority-vote",0.977331779070833,0.823549602408034,0.893874750832907
