"","bcubed.precision","bcubed.recall","bcubed.f1"
"majority-vote",0.775261924526707,0.608617467948712,0.681906171980042
