"","bcubed.precision","bcubed.recall","bcubed.f1"
"majority-vote",0.823348491760278,0.496838118215926,0.619716806989083
