"","bcubed.precision","bcubed.recall","bcubed.f1"
"majority-vote",0.923813029076187,0.657416515256317,0.768174291329759
