"","bcubed.precision","bcubed.recall","bcubed.f1"
"majority-vote",0.982379186071401,0.288727887491567,0.446288551152539
