"","bcubed.precision","bcubed.recall","bcubed.f1"
"majority-vote",0.971095676665631,0.420623048897609,0.586993933167171
