"","bcubed.precision","bcubed.recall","bcubed.f1"
"majority-vote",0.965134577743024,0.871017676788567,0.91566402036578
