"","bcubed.precision","bcubed.recall","bcubed.f1"
"majority-vote",0.974612873538973,0.196444195617238,0.326981574208882
