"","bcubed.precision","bcubed.recall","bcubed.f1"
"majority-vote",0.977095297544736,0.753878645837975,0.85109459051495
