"","bcubed.precision","bcubed.recall","bcubed.f1"
"majority-vote",0.638148069127374,0.481504766143689,0.548868947785648
