"","bcubed.precision","bcubed.recall","bcubed.f1"
"majority-vote",0.984043239523448,0.149491330353406,0.259552618704196
