"","bcubed.precision","bcubed.recall","bcubed.f1"
"majority-vote",0.994877049180328,0.497476436605684,0.66328506483346
