"","bcubed.precision","bcubed.recall","bcubed.f1"
"majority-vote",0.903846153846154,0.287305500756607,0.436014962216215
