"","bcubed.precision","bcubed.recall","bcubed.f1"
"majority-vote",0.967711981005432,0.848468006564174,0.90417542432091
