"","bcubed.precision","bcubed.recall","bcubed.f1"
"majority-vote",0.803094059405941,0.589578823720238,0.679969081925991
