"","bcubed.precision","bcubed.recall","bcubed.f1"
"majority-vote",0.997603068072867,0.154061834231324,0.266904996747929
