"","bcubed.precision","bcubed.recall","bcubed.f1"
"majority-vote",0.948388811154332,0.384618992676284,0.547286142156732
