"","bcubed.precision","bcubed.recall","bcubed.f1"
"majority-vote",0.974583343472703,0.665566722403673,0.790964503943423
