"","bcubed.precision","bcubed.recall","bcubed.f1"
"majority-vote",0.983204309699416,0.298462757352173,0.457919028829373
