"","bcubed.precision","bcubed.recall","bcubed.f1"
"majority-vote",0.994685704431258,0.0421602709331731,0.0808918967495364
