"","bcubed.precision","bcubed.recall","bcubed.f1"
"majority-vote",0.958614864864865,0.146376646524094,0.253972682651087
