"","bcubed.precision","bcubed.recall","bcubed.f1"
"majority-vote",0.979942480289582,0.716685725312041,0.827890029096128
