"","bcubed.precision","bcubed.recall","bcubed.f1"
"majority-vote",0.923547669585563,0.980128986914001,0.950997469730114
