"","bcubed.precision","bcubed.recall","bcubed.f1"
"majority-vote",0.935501070928918,0.551895763497266,0.694231782457713
