"","bcubed.precision","bcubed.recall","bcubed.f1"
"majority-vote",0.944722215220517,0.785212980381533,0.857613797478446
