"","bcubed.precision","bcubed.recall","bcubed.f1"
"majority-vote",0.972572921201567,0.249066419041581,0.396574089849253
