"","bcubed.precision","bcubed.recall","bcubed.f1"
"majority-vote",0.903760961258979,0.603126897483886,0.723454690365509
