"","bcubed.precision","bcubed.recall","bcubed.f1"
"majority-vote",0.952144737828781,0.363783226823135,0.526433504620663
