"","bcubed.precision","bcubed.recall","bcubed.f1"
"majority-vote",0.96629287262062,0.770261873269461,0.857212892312466
