"","bcubed.precision","bcubed.recall","bcubed.f1"
"majority-vote",0.987911401180935,0.142754555870214,0.249461571625482
