"","bcubed.precision","bcubed.recall","bcubed.f1"
"majority-vote",0.910662224073303,0.672675008204976,0.773783002840177
