"","bcubed.precision","bcubed.recall","bcubed.f1"
"majority-vote",0.80779164873009,0.300683066106532,0.438240523603127
