"","bcubed.precision","bcubed.recall","bcubed.f1"
"majority-vote",0.622916450758896,0.747414357477756,0.679509934401009
