"","bcubed.precision","bcubed.recall","bcubed.f1"
"majority-vote",0.963362592374146,0.512967636745588,0.669462458455411
