"","bcubed.precision","bcubed.recall","bcubed.f1"
"majority-vote",0.973821989528796,0.211490281504323,0.34750992077562
