"","bcubed.precision","bcubed.recall","bcubed.f1"
"majority-vote",0.998337765957447,0.13840474778642,0.243106393985247
