"","bcubed.precision","bcubed.recall","bcubed.f1"
"majority-vote",0.983169769266634,0.253540208977689,0.403122919917385
