"","bcubed.precision","bcubed.recall","bcubed.f1"
"majority-vote",0.473030901924463,0.483043428586741,0.477984736962653
