"","bcubed.precision","bcubed.recall","bcubed.f1"
"majority-vote",0.863194438864409,0.847243775192697,0.855144733201578
