"","bcubed.precision","bcubed.recall","bcubed.f1"
"majority-vote",0.972267327340398,0.807010691907518,0.881964617185237
