"","bcubed.precision","bcubed.recall","bcubed.f1"
"majority-vote",0.991715225750188,0.153101507701591,0.26525310442516
