"","bcubed.precision","bcubed.recall","bcubed.f1"
"majority-vote",0.991669711362806,0.641748072388083,0.779227619588332
