"","bcubed.precision","bcubed.recall","bcubed.f1"
"majority-vote",0.985086593970494,0.595278242925593,0.742107902046254
