"","bcubed.precision","bcubed.recall","bcubed.f1"
"majority-vote",0.726565272343965,0.810535010381752,0.76625656397387
