"","bcubed.precision","bcubed.recall","bcubed.f1"
"majority-vote",0.910131340904429,0.88348522755436,0.89661035581784
