"","bcubed.precision","bcubed.recall","bcubed.f1"
"majority-vote",0.957160559391043,0.840329360761965,0.894948129613069
