"","bcubed.precision","bcubed.recall","bcubed.f1"
"majority-vote",0.960790884718499,0.531059159622908,0.684032288295042
