"","bcubed.precision","bcubed.recall","bcubed.f1"
"majority-vote",0.994404811861799,0.256268970215955,0.407516493533996
