"","bcubed.precision","bcubed.recall","bcubed.f1"
"majority-vote",0.899063475546306,0.37045363651093,0.524705544820208
