"","bcubed.precision","bcubed.recall","bcubed.f1"
"majority-vote",0.95727849386386,0.564027029880688,0.709825787437757
