"","bcubed.precision","bcubed.recall","bcubed.f1"
"majority-vote",0.845937269888614,0.855005099394686,0.850447014060261
