"","bcubed.precision","bcubed.recall","bcubed.f1"
"majority-vote",0.938598935089457,0.321789658048302,0.479267159368722
