"","bcubed.precision","bcubed.recall","bcubed.f1"
"majority-vote",0.978695073235686,0.201606137563273,0.334339966378056
