"","bcubed.precision","bcubed.recall","bcubed.f1"
"majority-vote",0.691979749533706,0.511181614704128,0.587996483635881
