"","bcubed.precision","bcubed.recall","bcubed.f1"
"majority-vote",0.973516733569874,0.144138191756896,0.251098865029054
