"","bcubed.precision","bcubed.recall","bcubed.f1"
"majority-vote",0.812242260907641,0.549713155754042,0.655675290127724
