"","bcubed.precision","bcubed.recall","bcubed.f1"
"majority-vote",0.999509081983309,0.139433596481046,0.244727234568659
