"","bcubed.precision","bcubed.recall","bcubed.f1"
"majority-vote",0.972267327340398,0.873979734499371,0.920507290898124
