"","bcubed.precision","bcubed.recall","bcubed.f1"
"majority-vote",0.997708174178762,0.701760123840862,0.823965722319869
