"","bcubed.precision","bcubed.recall","bcubed.f1"
"majority-vote",0.983305674722415,0.252788160375275,0.402183111899434
