"","bcubed.precision","bcubed.recall","bcubed.f1"
"majority-vote",0.815125944723503,0.941231267196037,0.87365146528247
