"","bcubed.precision","bcubed.recall","bcubed.f1"
"majority-vote",0.888950648184143,0.849780770747341,0.868924502939619
