"","bcubed.precision","bcubed.recall","bcubed.f1"
"majority-vote",0.974352435597743,0.266059521126625,0.417983301464258
