"","bcubed.precision","bcubed.recall","bcubed.f1"
"majority-vote",0.967683561401178,0.333791729765572,0.496367118174391
