"","bcubed.precision","bcubed.recall","bcubed.f1"
"majority-vote",0.987504140025486,0.601571021880432,0.747672468700332
