"","bcubed.precision","bcubed.recall","bcubed.f1"
"majority-vote",0.988147936598601,0.58133153284717,0.732015379424472
