"","bcubed.precision","bcubed.recall","bcubed.f1"
"majority-vote",0.998072103335261,0.355736742529368,0.524521493465589
