"","bcubed.precision","bcubed.recall","bcubed.f1"
"majority-vote",0.97310539514488,0.223017878693186,0.362872131521598
