"","bcubed.precision","bcubed.recall","bcubed.f1"
"majority-vote",0.951324877052484,0.599302173093183,0.735355501610268
