"","bcubed.precision","bcubed.recall","bcubed.f1"
"majority-vote",0.937641036177929,0.970133328312142,0.953610485726887
