"","bcubed.precision","bcubed.recall","bcubed.f1"
"majority-vote",0.966190833959429,0.971713385021726,0.968944240533501
