"","bcubed.precision","bcubed.recall","bcubed.f1"
"majority-vote",0.80323033373772,0.6061053289037,0.690881808387754
