"","bcubed.precision","bcubed.recall","bcubed.f1"
"majority-vote",0.970145758602011,0.802886983711991,0.878627205573629
