"","bcubed.precision","bcubed.recall","bcubed.f1"
"majority-vote",0.459669528590426,0.84948730866022,0.596541865122052
