"","bcubed.precision","bcubed.recall","bcubed.f1"
"majority-vote",0.975093399750934,0.438087470509652,0.604559840848643
