"","bcubed.precision","bcubed.recall","bcubed.f1"
"majority-vote",0.999221789883268,0.249282917498042,0.399019597662825
