"","bcubed.precision","bcubed.recall","bcubed.f1"
"majority-vote",0.979327652923834,0.380422046290976,0.547980014159603
