"","bcubed.precision","bcubed.recall","bcubed.f1"
"majority-vote",0.923111396693847,0.738281231272762,0.820415122928726
