"","bcubed.precision","bcubed.recall","bcubed.f1"
"majority-vote",0.982471917964494,0.571565680448239,0.722694522817488
