"","bcubed.precision","bcubed.recall","bcubed.f1"
"majority-vote",0.885253041089943,0.592263432317155,0.709708506161161
