"","bcubed.precision","bcubed.recall","bcubed.f1"
"majority-vote",0.928306241795902,0.590647436997083,0.721946574303496
