"","bcubed.precision","bcubed.recall","bcubed.f1"
"majority-vote",0.986288363705612,0.995431898577017,0.990839037288783
