"","bcubed.precision","bcubed.recall","bcubed.f1"
"majority-vote",0.755481557377049,0.531372228450705,0.623912247246689
