"","bcubed.precision","bcubed.recall","bcubed.f1"
"majority-vote",0.763308195762249,0.546052695470201,0.636656403229133
