"","bcubed.precision","bcubed.recall","bcubed.f1"
"majority-vote",0.933740244734038,0.383941328692321,0.544139764031868
