"","bcubed.precision","bcubed.recall","bcubed.f1"
"majority-vote",0.993085420918142,0.0646770406048012,0.121444706971889
