"","bcubed.precision","bcubed.recall","bcubed.f1"
"majority-vote",0.909459204282737,0.216060651479964,0.349169047823901
