"","bcubed.precision","bcubed.recall","bcubed.f1"
"majority-vote",0.968919361033271,0.822274370221389,0.889593954564451
