"","bcubed.precision","bcubed.recall","bcubed.f1"
"majority-vote",0.827999718170929,0.438397318008136,0.573268643857283
