"","bcubed.precision","bcubed.recall","bcubed.f1"
"majority-vote",0.976057367535762,0.145532595958887,0.253297848813988
