"","bcubed.precision","bcubed.recall","bcubed.f1"
"majority-vote",0.968286099865047,0.0558589846099309,0.105624640825375
