"","bcubed.precision","bcubed.recall","bcubed.f1"
"majority-vote",0.997557003257329,0.0738344476539986,0.137492361500986
