"","bcubed.precision","bcubed.recall","bcubed.f1"
"majority-vote",0.143372300810898,0.99001369550331,0.250471669528655
