"","bcubed.precision","bcubed.recall","bcubed.f1"
"majority-vote",0.956791544962691,0.607131625223207,0.742873328776083
