"","bcubed.precision","bcubed.recall","bcubed.f1"
"majority-vote",0.908037094281298,0.118667080680116,0.209902937487649
