"","bcubed.precision","bcubed.recall","bcubed.f1"
"majority-vote",0.957543687042327,0.977975692577168,0.967651846185299
