"","bcubed.precision","bcubed.recall","bcubed.f1"
"majority-vote",0.980501517377137,0.368962243904169,0.536165624276439
