"","bcubed.precision","bcubed.recall","bcubed.f1"
"majority-vote",0.973374648533884,0.515375185204492,0.673925367973764
