"","bcubed.precision","bcubed.recall","bcubed.f1"
"majority-vote",0.917406163463511,0.699389499863184,0.793698613114722
