"","bcubed.precision","bcubed.recall","bcubed.f1"
"majority-vote",0.998270222381675,0.0510222108300183,0.0970824760372806
