"","bcubed.precision","bcubed.recall","bcubed.f1"
"majority-vote",0.358338992765717,0.976390749294545,0.524269245859322
