"","bcubed.precision","bcubed.recall","bcubed.f1"
"majority-vote",0.916738366453007,0.391869978193654,0.549044708664494
