"","bcubed.precision","bcubed.recall","bcubed.f1"
"majority-vote",0.928811928811929,0.183993853653085,0.307143777996021
