"","bcubed.precision","bcubed.recall","bcubed.f1"
"majority-vote",0.904808415779119,0.661732510219795,0.76441174859153
