"","bcubed.precision","bcubed.recall","bcubed.f1"
"majority-vote",0.837013761190065,0.346976246116672,0.490585040436891
