"","bcubed.precision","bcubed.recall","bcubed.f1"
"majority-vote",0.926545343414953,0.465422986703287,0.619605333997189
