"","bcubed.precision","bcubed.recall","bcubed.f1"
"majority-vote",0.836686391731707,0.937494727421392,0.884226612814063
