"","bcubed.precision","bcubed.recall","bcubed.f1"
"majority-vote",0.666295264623955,0.300661871051615,0.414350488855347
