"","bcubed.precision","bcubed.recall","bcubed.f1"
"majority-vote",0.937934883598944,0.820485781475185,0.875287979978413
