"","bcubed.precision","bcubed.recall","bcubed.f1"
"majority-vote",0.988331627430911,0.225319673231199,0.366976180415747
