"","bcubed.precision","bcubed.recall","bcubed.f1"
"majority-vote",0.994244604316547,0.365579657593203,0.534592023677331
