"","bcubed.precision","bcubed.recall","bcubed.f1"
"majority-vote",0.826978259183621,0.383396672139423,0.52390495589012
