"","bcubed.precision","bcubed.recall","bcubed.f1"
"majority-vote",0.948546901172529,0.593994322171947,0.730523716427711
