"","bcubed.precision","bcubed.recall","bcubed.f1"
"majority-vote",0.981762137169278,0.188960051183788,0.316922025627252
