"","bcubed.precision","bcubed.recall","bcubed.f1"
"majority-vote",0.956535968795849,0.31399094361957,0.472785941822012
