"","bcubed.precision","bcubed.recall","bcubed.f1"
"majority-vote",0.976931949250288,0.376113835501585,0.543126665183688
