"","bcubed.precision","bcubed.recall","bcubed.f1"
"majority-vote",0.919107847604963,0.650866385493209,0.762071618804305
