"","bcubed.precision","bcubed.recall","bcubed.f1"
"majority-vote",0.983220880681818,0.772148171394174,0.864994405817027
