"","bcubed.precision","bcubed.recall","bcubed.f1"
"majority-vote",0.974633251833741,0.189976122804217,0.317972790485221
