"","bcubed.precision","bcubed.recall","bcubed.f1"
"majority-vote",0.996959562176953,0.300529685466785,0.461839578537165
