"","bcubed.precision","bcubed.recall","bcubed.f1"
"majority-vote",0.981770093910044,0.443144076400461,0.610655168666832
