"","bcubed.precision","bcubed.recall","bcubed.f1"
"majority-vote",0.452296819787986,0.094628661152529,0.156512153818406
