"","bcubed.precision","bcubed.recall","bcubed.f1"
"majority-vote",0.707254550115355,0.43024029590427,0.535016765985455
