"","bcubed.precision","bcubed.recall","bcubed.f1"
"majority-vote",0.522673897795987,0.950390015627409,0.674436525622212
