"","bcubed.precision","bcubed.recall","bcubed.f1"
"majority-vote",0.909935004642526,0.257374805850251,0.401254822072219
