"","bcubed.precision","bcubed.recall","bcubed.f1"
"majority-vote",0.997708174178762,0.353708861741835,0.522263984039386
