"","bcubed.precision","bcubed.recall","bcubed.f1"
"majority-vote",0.991736638677862,0.436117255285081,0.605823134502116
