"","bcubed.precision","bcubed.recall","bcubed.f1"
"majority-vote",0.841873178782331,0.304163216116358,0.446873859783784
