"","bcubed.precision","bcubed.recall","bcubed.f1"
"majority-vote",0.882744544400466,0.88148350958937,0.882113576313729
