"","bcubed.precision","bcubed.recall","bcubed.f1"
"majority-vote",0.978836883590646,0.409673967479535,0.577602961196614
