"","bcubed.precision","bcubed.recall","bcubed.f1"
"majority-vote",0.965924951150457,0.291430757792651,0.447765478746228
