"","bcubed.precision","bcubed.recall","bcubed.f1"
"majority-vote",0.99883923389437,0.120704348677261,0.215381055346813
