"","bcubed.precision","bcubed.recall","bcubed.f1"
"majority-vote",0.954777593972155,0.90940346605211,0.93153832735096
