"","bcubed.precision","bcubed.recall","bcubed.f1"
"majority-vote",0.96899386845039,0.960918790910542,0.964939435942566
