"","bcubed.precision","bcubed.recall","bcubed.f1"
"majority-vote",0.947755417956656,0.130426785712737,0.229298336376219
