"","bcubed.precision","bcubed.recall","bcubed.f1"
"majority-vote",0.998767089236888,0.529528790910081,0.692111960824668
