"","bcubed.precision","bcubed.recall","bcubed.f1"
"majority-vote",0.96974216615824,0.287085407370835,0.443018327541131
