"","bcubed.precision","bcubed.recall","bcubed.f1"
"majority-vote",0.97483104888954,0.668790449692047,0.793318529993958
