"","bcubed.precision","bcubed.recall","bcubed.f1"
"majority-vote",0.993529203956665,0.646096011915358,0.783002420533577
