"","bcubed.precision","bcubed.recall","bcubed.f1"
"majority-vote",0.977671415733663,0.0606810865499362,0.11426979501674
