"","bcubed.precision","bcubed.recall","bcubed.f1"
"majority-vote",0.670551670551671,0.135288833812112,0.225151634916444
