"","bcubed.precision","bcubed.recall","bcubed.f1"
"majority-vote",0.95971684857015,0.975914089696641,0.967747700372594
