"","bcubed.precision","bcubed.recall","bcubed.f1"
"majority-vote",0.997266461990296,0.670997484392909,0.802227116057565
