"","bcubed.precision","bcubed.recall","bcubed.f1"
"majority-vote",0.95285484197839,0.465048199351876,0.625040521938696
