"","bcubed.precision","bcubed.recall","bcubed.f1"
"majority-vote",0.959121073359284,0.463652680066033,0.625115630788426
