"","bcubed.precision","bcubed.recall","bcubed.f1"
"majority-vote",0.997691439298806,0.238523449301087,0.385002325460163
