"","bcubed.precision","bcubed.recall","bcubed.f1"
"majority-vote",0.620527590048803,0.765502152393244,0.685432918581994
