"","bcubed.precision","bcubed.recall","bcubed.f1"
"majority-vote",0.997230162423276,0.424368388106344,0.595376179078027
