"","bcubed.precision","bcubed.recall","bcubed.f1"
"majority-vote",0.989279007979178,0.88109069809548,0.932055869939101
