"","bcubed.precision","bcubed.recall","bcubed.f1"
"majority-vote",0.965507023890823,0.694631181541817,0.80797042390507
