"","bcubed.precision","bcubed.recall","bcubed.f1"
"majority-vote",0.976057906458797,0.339305669646166,0.503559605238771
