"","bcubed.precision","bcubed.recall","bcubed.f1"
"majority-vote",0.840835471793362,0.545411827736851,0.661644732007357
