"","bcubed.precision","bcubed.recall","bcubed.f1"
"majority-vote",0.894149166098353,0.452344351610624,0.600765350092621
