"","bcubed.precision","bcubed.recall","bcubed.f1"
"majority-vote",0.679945872101089,0.825650550981408,0.745747898083359
