"","bcubed.precision","bcubed.recall","bcubed.f1"
"majority-vote",0.992138364779874,0.158063254762812,0.272683704226589
