"","bcubed.precision","bcubed.recall","bcubed.f1"
"majority-vote",0.943369457493751,0.931938007624399,0.937618890793512
