"","bcubed.precision","bcubed.recall","bcubed.f1"
"majority-vote",0.984937837558743,0.87634659241889,0.927474494265669
