"","bcubed.precision","bcubed.recall","bcubed.f1"
"majority-vote",0.96843491444661,0.467633375193682,0.630711632538741
