"","bcubed.precision","bcubed.recall","bcubed.f1"
"majority-vote",0.986406494032354,0.65824584097624,0.789586903429482
