"","bcubed.precision","bcubed.recall","bcubed.f1"
"majority-vote",0.966085820005199,0.280517833170269,0.434788234727298
