"","bcubed.precision","bcubed.recall","bcubed.f1"
"majority-vote",0.860826750735008,0.600125903812065,0.707215843309595
