"","bcubed.precision","bcubed.recall","bcubed.f1"
"majority-vote",0.982552446012205,0.15581330849064,0.268972861794482
