"","bcubed.precision","bcubed.recall","bcubed.f1"
"majority-vote",0.995402111773442,0.333766412521465,0.499909207583972
