"","bcubed.precision","bcubed.recall","bcubed.f1"
"majority-vote",0.979036264282166,0.392025847768454,0.559868904738732
