"","bcubed.precision","bcubed.recall","bcubed.f1"
"majority-vote",0.364609424305329,0.99886392225076,0.53421682289736
