"","bcubed.precision","bcubed.recall","bcubed.f1"
"majority-vote",0.976259492629227,0.547448236335058,0.701514506077242
