"","bcubed.precision","bcubed.recall","bcubed.f1"
"majority-vote",0.955909986635682,0.504753703356934,0.660657356153868
