"","bcubed.precision","bcubed.recall","bcubed.f1"
"majority-vote",0.993867243867244,0.541167435264403,0.700764086530205
