"","bcubed.precision","bcubed.recall","bcubed.f1"
"majority-vote",0.997945696914769,0.752548976859253,0.858046613252653
