"","bcubed.precision","bcubed.recall","bcubed.f1"
"majority-vote",0.990510083036773,0.0661333201983043,0.123988320526232
