"","bcubed.precision","bcubed.recall","bcubed.f1"
"majority-vote",0.955164957286961,0.233282871314075,0.374982592339425
