"","bcubed.precision","bcubed.recall","bcubed.f1"
"majority-vote",0.984759974566842,0.408525273369348,0.577483093873302
