"","bcubed.precision","bcubed.recall","bcubed.f1"
"majority-vote",0.895430187864161,0.750067957366423,0.816328470405401
