"","bcubed.precision","bcubed.recall","bcubed.f1"
"majority-vote",0.994794296987274,0.49528501975709,0.661316089017442
