"","bcubed.precision","bcubed.recall","bcubed.f1"
"majority-vote",0.998782082829857,0.209881464065858,0.34687212395124
