"","bcubed.precision","bcubed.recall","bcubed.f1"
"majority-vote",0.985142466536402,0.466367139895272,0.633048617070358
