"","bcubed.precision","bcubed.recall","bcubed.f1"
"majority-vote",0.937767585544627,0.656935824636612,0.772624073158819
