"","bcubed.precision","bcubed.recall","bcubed.f1"
"majority-vote",0.702468075188867,0.86918611594359,0.776984531702652
