"","bcubed.precision","bcubed.recall","bcubed.f1"
"majority-vote",0.86163481730773,0.32893746892601,0.47611384746795
