"","bcubed.precision","bcubed.recall","bcubed.f1"
"majority-vote",0.287901990811639,0.963459144409235,0.443328145543112
