"","bcubed.precision","bcubed.recall","bcubed.f1"
"majority-vote",0.982692297772628,0.368806104250549,0.536327556845055
