"","bcubed.precision","bcubed.recall","bcubed.f1"
"majority-vote",0.386433710174717,0.963459144409235,0.551618731088949
