"","bcubed.precision","bcubed.recall","bcubed.f1"
"majority-vote",0.98360302607317,0.469591184561911,0.635691095893538
