"","bcubed.precision","bcubed.recall","bcubed.f1"
"majority-vote",0.836341426636585,0.693138394137263,0.758035961685389
