"","bcubed.precision","bcubed.recall","bcubed.f1"
"majority-vote",0.992262095658806,0.545733371440178,0.704177028346632
