"","bcubed.precision","bcubed.recall","bcubed.f1"
"majority-vote",0.91371494228245,0.713050224134796,0.801006387203038
