"","bcubed.precision","bcubed.recall","bcubed.f1"
"majority-vote",0.962058965683905,0.552099449961814,0.701580786127195
