"","bcubed.precision","bcubed.recall","bcubed.f1"
"majority-vote",0.858211067163179,0.492619069012212,0.625942708265149
