"","bcubed.precision","bcubed.recall","bcubed.f1"
"majority-vote",0.977408809094512,0.875875808044952,0.923861043833925
