"","bcubed.precision","bcubed.recall","bcubed.f1"
"majority-vote",0.949703475715036,0.945040794899152,0.947366398228817
