"","bcubed.precision","bcubed.recall","bcubed.f1"
"majority-vote",0.991618436600676,0.131825837196344,0.232714578965992
