"","bcubed.precision","bcubed.recall","bcubed.f1"
"majority-vote",0.70813251046834,0.341310104933951,0.460611715033968
