"","bcubed.precision","bcubed.recall","bcubed.f1"
"majority-vote",0.952744022587745,0.253962379425203,0.401027356042695
