"","bcubed.precision","bcubed.recall","bcubed.f1"
"majority-vote",0.940002279424934,0.435891054969301,0.595596439069135
