"","bcubed.precision","bcubed.recall","bcubed.f1"
"majority-vote",0.5935019622556,0.685409819589565,0.636153452724877
