"","bcubed.precision","bcubed.recall","bcubed.f1"
"majority-vote",0.990472409686384,0.888442421477137,0.936687168010844
