"","bcubed.precision","bcubed.recall","bcubed.f1"
"majority-vote",0.992301112061591,0.405618156342587,0.575849202036678
