"","bcubed.precision","bcubed.recall","bcubed.f1"
"majority-vote",0.959483825360766,0.501639640699223,0.658828815758585
