"","bcubed.precision","bcubed.recall","bcubed.f1"
"majority-vote",0.984633284109724,0.100846718218987,0.182955070823275
