"","bcubed.precision","bcubed.recall","bcubed.f1"
"majority-vote",0.988826815642458,0.419023221655904,0.588615814146463
