"","bcubed.precision","bcubed.recall","bcubed.f1"
"majority-vote",0.968349460600104,0.10341542744926,0.186873584878267
