"","bcubed.precision","bcubed.recall","bcubed.f1"
"majority-vote",0.53474946395974,0.818071654611653,0.646742385639588
