"","bcubed.precision","bcubed.recall","bcubed.f1"
"majority-vote",0.985036641829945,0.720192941022913,0.832048004829924
