"","bcubed.precision","bcubed.recall","bcubed.f1"
"majority-vote",0.936042894667223,0.699467425470353,0.800644918715799
