"","bcubed.precision","bcubed.recall","bcubed.f1"
"majority-vote",0.781206320090265,0.557809275689648,0.65087237661323
