"","bcubed.precision","bcubed.recall","bcubed.f1"
"majority-vote",0.978419549349413,0.0724890392614286,0.134977854202698
