"","bcubed.precision","bcubed.recall","bcubed.f1"
"majority-vote",0.993771555104677,0.864275838112915,0.924511125836806
