"","bcubed.precision","bcubed.recall","bcubed.f1"
"majority-vote",0.976296551962172,0.449187554227379,0.615286075056662
