"","bcubed.precision","bcubed.recall","bcubed.f1"
"majority-vote",0.885459801428372,0.233385283382308,0.369404646783554
