"","bcubed.precision","bcubed.recall","bcubed.f1"
"majority-vote",0.991017964071856,0.194669382410115,0.32541606452259
