"","bcubed.precision","bcubed.recall","bcubed.f1"
"majority-vote",0.968029760253694,0.530139978841853,0.685090965632497
