"","bcubed.precision","bcubed.recall","bcubed.f1"
"majority-vote",0.987524592077219,0.648823253961755,0.783120680300068
