"","bcubed.precision","bcubed.recall","bcubed.f1"
"majority-vote",0.977678035392664,0.397347258136329,0.565048059161679
