"","bcubed.precision","bcubed.recall","bcubed.f1"
"majority-vote",0.998450984731135,0.0482717763972338,0.0920912479758877
