"","bcubed.precision","bcubed.recall","bcubed.f1"
"majority-vote",0.998528329654157,0.135803267390863,0.239089539782948
