"","bcubed.precision","bcubed.recall","bcubed.f1"
"majority-vote",0.998529411764706,0.362141923756273,0.53151610188839
