"","bcubed.precision","bcubed.recall","bcubed.f1"
"majority-vote",0.75434793427931,0.998603943184991,0.859458643889798
