"","bcubed.precision","bcubed.recall","bcubed.f1"
"majority-vote",0.553405071129558,0.909933529532623,0.688236925351798
