"","bcubed.precision","bcubed.recall","bcubed.f1"
"majority-vote",0.988070695539282,0.200816158235412,0.333792169562997
