"","bcubed.precision","bcubed.recall","bcubed.f1"
"majority-vote",0.962891527634077,0.681983272494381,0.798450939879093
