"","bcubed.precision","bcubed.recall","bcubed.f1"
"majority-vote",0.998498498498498,0.0798379917697835,0.147853876085434
