"","bcubed.precision","bcubed.recall","bcubed.f1"
"majority-vote",0.990750896747992,0.238646765419264,0.384642828144531
