"","bcubed.precision","bcubed.recall","bcubed.f1"
"majority-vote",0.586921302287822,0.705914779775953,0.640941922333949
