"","bcubed.precision","bcubed.recall","bcubed.f1"
"majority-vote",0.990762637537646,0.329126647693258,0.494111724674618
