"","bcubed.precision","bcubed.recall","bcubed.f1"
"majority-vote",0.998233059457549,0.0964984223744422,0.175984553286921
