"","bcubed.precision","bcubed.recall","bcubed.f1"
"majority-vote",0.998269297334718,0.0587821051614321,0.111026522791207
