"","bcubed.precision","bcubed.recall","bcubed.f1"
"majority-vote",0.997005358831565,0.213487595820799,0.351672062624323
