"","bcubed.precision","bcubed.recall","bcubed.f1"
"majority-vote",0.803789435611861,0.981572617515332,0.88382935983517
