"","bcubed.precision","bcubed.recall","bcubed.f1"
"majority-vote",0.96224984152857,0.431640376297499,0.595952074816021
