"","bcubed.precision","bcubed.recall","bcubed.f1"
"majority-vote",0.998673618284065,0.641513260124332,0.781206552862146
