"","bcubed.precision","bcubed.recall","bcubed.f1"
"majority-vote",0.997817262847429,0.119784946922811,0.213892719294848
