"","bcubed.precision","bcubed.recall","bcubed.f1"
"majority-vote",0.953240290829991,0.144014033508291,0.250224539817298
