"","bcubed.precision","bcubed.recall","bcubed.f1"
"majority-vote",0.943983720768585,0.766376336039462,0.845958466258452
