"","bcubed.precision","bcubed.recall","bcubed.f1"
"majority-vote",0.946254564719684,0.685550510738786,0.795076948697721
