"","bcubed.precision","bcubed.recall","bcubed.f1"
"majority-vote",0.9969320926851,0.84701023167972,0.915876458429933
