"","bcubed.precision","bcubed.recall","bcubed.f1"
"majority-vote",0.993720819001685,0.47788997847753,0.645400565990474
