"","bcubed.precision","bcubed.recall","bcubed.f1"
"majority-vote",0.92355662696803,0.552917567665641,0.691716368143291
