"","bcubed.precision","bcubed.recall","bcubed.f1"
"majority-vote",0.804280374059486,0.586371232341772,0.678253089292423
