"","bcubed.precision","bcubed.recall","bcubed.f1"
"majority-vote",0.985715677948404,0.418666931340199,0.587712430118499
