"","bcubed.precision","bcubed.recall","bcubed.f1"
"majority-vote",0.863664488664489,0.549378449625307,0.67157004917797
