"","bcubed.precision","bcubed.recall","bcubed.f1"
"majority-vote",0.918865078687498,0.232214337982875,0.370736619650809
