"","bcubed.precision","bcubed.recall","bcubed.f1"
"majority-vote",0.828883121172982,0.949033549084513,0.884898492063877
