"","bcubed.precision","bcubed.recall","bcubed.f1"
"majority-vote",0.789832820918285,0.896871193851749,0.839955675491598
