"","bcubed.precision","bcubed.recall","bcubed.f1"
"majority-vote",0.765830870219414,0.691231136522255,0.726621297317853
