"","bcubed.precision","bcubed.recall","bcubed.f1"
"majority-vote",0.969094519135239,0.180138011942102,0.303804069829731
