"","bcubed.precision","bcubed.recall","bcubed.f1"
"majority-vote",0.974426430100948,0.730458199922972,0.834986442547634
