"","bcubed.precision","bcubed.recall","bcubed.f1"
"majority-vote",0.992295535361517,0.635891698992163,0.775085912197131
