"","bcubed.precision","bcubed.recall","bcubed.f1"
"majority-vote",0.991618436600676,0.77919536658158,0.872665991000967
