"","bcubed.precision","bcubed.recall","bcubed.f1"
"majority-vote",0.962983735277622,0.214978569356134,0.351489797099365
