"","bcubed.precision","bcubed.recall","bcubed.f1"
"majority-vote",0.986208845556027,0.751961906001592,0.853301072469872
