"","bcubed.precision","bcubed.recall","bcubed.f1"
"majority-vote",0.9418013065115,0.394862296061757,0.556432935866842
