"","bcubed.precision","bcubed.recall","bcubed.f1"
"majority-vote",0.993560849967804,0.499966607510683,0.665200020296231
