"","bcubed.precision","bcubed.recall","bcubed.f1"
"majority-vote",0.996474032978887,0.452879827333914,0.622736793761064
