"","bcubed.precision","bcubed.recall","bcubed.f1"
"majority-vote",0.895255900911428,0.499952378008223,0.641603584710865
