"","bcubed.precision","bcubed.recall","bcubed.f1"
"majority-vote",0.966966765294957,0.656397905835581,0.781974587767996
