"","bcubed.precision","bcubed.recall","bcubed.f1"
"majority-vote",0.975448675527771,0.195109620725746,0.325177176956996
