"","bcubed.precision","bcubed.recall","bcubed.f1"
"majority-vote",0.883251707089785,0.606544911059111,0.719201294449493
