"","bcubed.precision","bcubed.recall","bcubed.f1"
"majority-vote",0.997812315355676,0.823223970849983,0.902148982568212
