"","bcubed.precision","bcubed.recall","bcubed.f1"
"majority-vote",0.993558495237648,0.774454257935445,0.870429928476197
