"","bcubed.precision","bcubed.recall","bcubed.f1"
"majority-vote",0.77761632975788,0.621707632178708,0.690976529049357
