"","bcubed.precision","bcubed.recall","bcubed.f1"
"majority-vote",0.989088646736163,0.955587210395882,0.972049359591212
