"","bcubed.precision","bcubed.recall","bcubed.f1"
"majority-vote",0.976830293255798,0.61107480090033,0.751828782666538
