"","bcubed.precision","bcubed.recall","bcubed.f1"
"majority-vote",0.995922166145344,0.451072593033126,0.620918895652946
