"","bcubed.precision","bcubed.recall","bcubed.f1"
"majority-vote",0.992447844549063,0.905391400091572,0.946922924090217
