"","bcubed.precision","bcubed.recall","bcubed.f1"
"majority-vote",0.993665937589691,0.268256951355635,0.422462889640633
