"","bcubed.precision","bcubed.recall","bcubed.f1"
"majority-vote",0.95969259983566,0.823526785192674,0.886410912926794
