"","bcubed.precision","bcubed.recall","bcubed.f1"
"majority-vote",0.988383087937323,0.474639913954459,0.641310578447507
