"","bcubed.precision","bcubed.recall","bcubed.f1"
"majority-vote",0.989364759988502,0.661208700483768,0.79266582545106
