"","bcubed.precision","bcubed.recall","bcubed.f1"
"majority-vote",0.994358251057828,0.755609650971339,0.858697682570127
