"","bcubed.precision","bcubed.recall","bcubed.f1"
"majority-vote",0.953572386412941,0.648180695379265,0.771763412907595
