"","bcubed.precision","bcubed.recall","bcubed.f1"
"majority-vote",0.194932334992312,0.980755319112114,0.325224006126501
