"","bcubed.precision","bcubed.recall","bcubed.f1"
"majority-vote",0.952766592443209,0.545265066055384,0.693590600728145
