"","bcubed.precision","bcubed.recall","bcubed.f1"
"majority-vote",0.976780412294024,0.445607114966764,0.612013664541341
