"","bcubed.precision","bcubed.recall","bcubed.f1"
"majority-vote",0.997200990418775,0.78012154480885,0.875404392518748
