"","bcubed.precision","bcubed.recall","bcubed.f1"
"majority-vote",0.980095459236326,0.214320481376153,0.35172760757094
