"","bcubed.precision","bcubed.recall","bcubed.f1"
"majority-vote",0.986366203933517,0.613915877313452,0.756798917561249
