"","bcubed.precision","bcubed.recall","bcubed.f1"
"majority-vote",0.962489921476564,0.954738597246127,0.958598590121415
