"","bcubed.precision","bcubed.recall","bcubed.f1"
"majority-vote",0.773901284651792,0.699942554704803,0.735066263879051
