"","bcubed.precision","bcubed.recall","bcubed.f1"
"majority-vote",0.974782042060329,0.49015707495244,0.652308766833608
