"","bcubed.precision","bcubed.recall","bcubed.f1"
"majority-vote",0.937751004016064,0.106733872033107,0.191653891706243
