"","bcubed.precision","bcubed.recall","bcubed.f1"
"majority-vote",0.986356932153392,0.155031692279003,0.267948323839148
