"","bcubed.precision","bcubed.recall","bcubed.f1"
"majority-vote",0.977430885849732,0.369091636176511,0.53584185783222
