"","bcubed.precision","bcubed.recall","bcubed.f1"
"majority-vote",0.989631343733581,0.882192276053023,0.932828412199725
