"","bcubed.precision","bcubed.recall","bcubed.f1"
"majority-vote",0.993923373742898,0.451441327160198,0.62087871200629
