"","bcubed.precision","bcubed.recall","bcubed.f1"
"majority-vote",0.980011651861595,0.885954498278939,0.930612520776073
