"","bcubed.precision","bcubed.recall","bcubed.f1"
"majority-vote",0.972160508734345,0.656355638438501,0.783637340634001
