"","bcubed.precision","bcubed.recall","bcubed.f1"
"majority-vote",0.935595115300986,0.374754681021143,0.535152750790166
