"","bcubed.precision","bcubed.recall","bcubed.f1"
"majority-vote",0.996418745310262,0.60524000973483,0.753059900196496
