"","bcubed.precision","bcubed.recall","bcubed.f1"
"majority-vote",0.92978430639973,0.92008276878024,0.924908097969635
