"","bcubed.precision","bcubed.recall","bcubed.f1"
"majority-vote",0.937751004016064,0.120944460282635,0.214255738094336
