"","bcubed.precision","bcubed.recall","bcubed.f1"
"majority-vote",0.981730769230769,0.128728048401856,0.227610936979274
