"","bcubed.precision","bcubed.recall","bcubed.f1"
"majority-vote",0.869490190777134,0.959759944680271,0.912397753838769
