"","bcubed.precision","bcubed.recall","bcubed.f1"
"majority-vote",0.879090655590942,0.918702419935416,0.898460143860053
