"","bcubed.precision","bcubed.recall","bcubed.f1"
"majority-vote",0.895512395967384,0.455138630457374,0.60353455849671
