"","bcubed.precision","bcubed.recall","bcubed.f1"
"majority-vote",0.146007073629716,0.917400515022126,0.251920272102984
