"","bcubed.precision","bcubed.recall","bcubed.f1"
"majority-vote",0.997655412647374,0.667747315966726,0.800024777921839
