"","bcubed.precision","bcubed.recall","bcubed.f1"
"majority-vote",0.967516843118383,0.0545675564903653,0.103308552625306
