"","bcubed.precision","bcubed.recall","bcubed.f1"
"majority-vote",0.995714257129565,0.765693621605349,0.865684847706256
