"","bcubed.precision","bcubed.recall","bcubed.f1"
"majority-vote",0.925142751764015,0.876787247343052,0.900316180007557
