"","bcubed.precision","bcubed.recall","bcubed.f1"
"majority-vote",0.992088928021131,0.926089404922244,0.957953730580647
