"","bcubed.precision","bcubed.recall","bcubed.f1"
"majority-vote",0.962490460936186,0.132460850753584,0.232873012592799
