"","bcubed.precision","bcubed.recall","bcubed.f1"
"majority-vote",0.998682476943347,0.834038459379099,0.908965001676813
