"","bcubed.precision","bcubed.recall","bcubed.f1"
"majority-vote",0.987674883411059,0.916596990850621,0.950809428327366
