"","bcubed.precision","bcubed.recall","bcubed.f1"
"majority-vote",0.985762457849382,0.130358493309279,0.230266278278706
