"","bcubed.precision","bcubed.recall","bcubed.f1"
"majority-vote",0.984924443534305,0.376707561633651,0.544976152306911
