"","bcubed.precision","bcubed.recall","bcubed.f1"
"majority-vote",0.873651531312669,0.936951684343796,0.904195095551242
