"","bcubed.precision","bcubed.recall","bcubed.f1"
"majority-vote",0.979946787544344,0.108776141825877,0.19581626852554
