"","bcubed.precision","bcubed.recall","bcubed.f1"
"majority-vote",0.896566219744236,0.977944045740656,0.935488711217358
