"","bcubed.precision","bcubed.recall","bcubed.f1"
"majority-vote",0.976794472865355,0.798798626055289,0.878874876611714
