"","bcubed.precision","bcubed.recall","bcubed.f1"
"majority-vote",0.979573309123922,0.0265485726683869,0.0516960691381863
