"","bcubed.precision","bcubed.recall","bcubed.f1"
"majority-vote",0.989957777017003,0.735503810952888,0.84396862005503
