"","bcubed.precision","bcubed.recall","bcubed.f1"
"majority-vote",0.893336095043296,0.726954759295545,0.801602902593948
