"","bcubed.precision","bcubed.recall","bcubed.f1"
"majority-vote",0.96827094846525,0.933873818404812,0.950761375940491
