"","bcubed.precision","bcubed.recall","bcubed.f1"
"majority-vote",0.990968761591433,0.308262008981965,0.470244437255325
