"","bcubed.precision","bcubed.recall","bcubed.f1"
"majority-vote",0.891881721864909,0.830395353482871,0.860040986777195
