"","bcubed.precision","bcubed.recall","bcubed.f1"
"majority-vote",0.997228259629427,0.691993610386896,0.817033683981536
