"","bcubed.precision","bcubed.recall","bcubed.f1"
"majority-vote",0.976358549204957,0.895161509930951,0.933998638030983
