"","bcubed.precision","bcubed.recall","bcubed.f1"
"majority-vote",0.942519303446928,0.905006304436002,0.923381963457092
