"","bcubed.precision","bcubed.recall","bcubed.f1"
"majority-vote",0.934830545150152,0.485291727980082,0.638910520887064
