"","bcubed.precision","bcubed.recall","bcubed.f1"
"majority-vote",0.99741791196503,0.029765032784404,0.0578050424243227
