"","bcubed.precision","bcubed.recall","bcubed.f1"
"majority-vote",0.990988074038098,0.481497040037044,0.648098673189039
