"","bcubed.precision","bcubed.recall","bcubed.f1"
"majority-vote",0.998648473034438,0.08179821069439,0.15121090089329
