"","bcubed.precision","bcubed.recall","bcubed.f1"
"majority-vote",0.996663886572143,0.0703667471246182,0.131452637740468
