"","bcubed.precision","bcubed.recall","bcubed.f1"
"majority-vote",0.921085508092172,0.524321282943506,0.668247497242647
