"","bcubed.precision","bcubed.recall","bcubed.f1"
"majority-vote",0.955455506560664,0.171812504443765,0.291251418232835
