"","bcubed.precision","bcubed.recall","bcubed.f1"
"majority-vote",0.616460145377437,0.742787289859704,0.673753356189395
