"","bcubed.precision","bcubed.recall","bcubed.f1"
"majority-vote",0.798767678679806,0.954290938939059,0.869630656294743
