"","bcubed.precision","bcubed.recall","bcubed.f1"
"majority-vote",0.947824159769447,0.82880403823801,0.884327392796643
