"","bcubed.precision","bcubed.recall","bcubed.f1"
"majority-vote",0.997413960304291,0.828141520803328,0.904929948725203
