"","bcubed.precision","bcubed.recall","bcubed.f1"
"majority-vote",0.845169702155401,0.812105912323777,0.828307984550931
