"","bcubed.precision","bcubed.recall","bcubed.f1"
"majority-vote",0.98511316172117,0.982121088988216,0.98361484995225
