"","bcubed.precision","bcubed.recall","bcubed.f1"
"majority-vote",0.992423695793347,0.0609557697623167,0.11485690064318
