"","bcubed.precision","bcubed.recall","bcubed.f1"
"majority-vote",0.994168797953964,0.935440665739662,0.963911029370152
