"","bcubed.precision","bcubed.recall","bcubed.f1"
"majority-vote",0.995982880569815,0.992051087022893,0.99401309578419
