"","bcubed.precision","bcubed.recall","bcubed.f1"
"majority-vote",0.986148832156437,0.172420486150567,0.293521083927359
