"","bcubed.precision","bcubed.recall","bcubed.f1"
"majority-vote",0.997081712062257,0.264759825213905,0.41841573923685
