"","bcubed.precision","bcubed.recall","bcubed.f1"
"majority-vote",0.995084978141087,0.337773267499257,0.504349364391205
