"","bcubed.precision","bcubed.recall","bcubed.f1"
"majority-vote",0.985810922290051,0.288591080813146,0.446478016902571
