"","bcubed.precision","bcubed.recall","bcubed.f1"
"majority-vote",0.993608794299045,0.899456791527573,0.944191458388967
