"","bcubed.precision","bcubed.recall","bcubed.f1"
"majority-vote",0.989483741433481,0.0876889498876585,0.16110098393006
