"","bcubed.precision","bcubed.recall","bcubed.f1"
"majority-vote",0.920448809641593,0.913818589358516,0.917121716563154
