"","bcubed.precision","bcubed.recall","bcubed.f1"
"majority-vote",0.990958992573458,0.2629638475203,0.415633850967213
