"","bcubed.precision","bcubed.recall","bcubed.f1"
"majority-vote",0.989854675075404,0.725874370823703,0.837556654058664
