"","bcubed.precision","bcubed.recall","bcubed.f1"
"majority-vote",0.994323777379254,0.869313060940483,0.927625628240736
