"","bcubed.precision","bcubed.recall","bcubed.f1"
"majority-vote",0.990737251946747,0.0785133120604979,0.145496417117678
