"","bcubed.precision","bcubed.recall","bcubed.f1"
"majority-vote",0.97715237148209,0.552819768888144,0.706142463535985
