"","bcubed.precision","bcubed.recall","bcubed.f1"
"majority-vote",0.933842791023063,0.10647562082715,0.191155880346863
