"","bcubed.precision","bcubed.recall","bcubed.f1"
"majority-vote",0.996925488304799,0.277678318404306,0.434369631896206
