"","bcubed.precision","bcubed.recall","bcubed.f1"
"majority-vote",0.973796305893248,0.642423883274222,0.774139573980053
