"","bcubed.precision","bcubed.recall","bcubed.f1"
"majority-vote",0.530840309221582,0.485301028115036,0.507050226901253
