"","bcubed.precision","bcubed.recall","bcubed.f1"
"majority-vote",0.940713165468866,0.876778475766243,0.907621291498787
