"","bcubed.precision","bcubed.recall","bcubed.f1"
"majority-vote",0.888977140405712,0.0491304681900046,0.0931148254595736
