"","bcubed.precision","bcubed.recall","bcubed.f1"
"majority-vote",0.977399820859816,0.109613359556129,0.19712010842961
