"","bcubed.precision","bcubed.recall","bcubed.f1"
"majority-vote",0.952290444819435,0.505741259095795,0.660633876882936
