"","bcubed.precision","bcubed.recall","bcubed.f1"
"majority-vote",0.989609660207807,0.226142824234026,0.368155732869285
