"","bcubed.precision","bcubed.recall","bcubed.f1"
"majority-vote",0.927277522293099,0.935546271390145,0.931393545075915
