"","bcubed.precision","bcubed.recall","bcubed.f1"
"majority-vote",0.98169034317407,0.438629649623962,0.606340111311663
