"","bcubed.precision","bcubed.recall","bcubed.f1"
"majority-vote",0.925357313213538,0.71504338734678,0.806718294524398
