"","bcubed.precision","bcubed.recall","bcubed.f1"
"majority-vote",0.821470848618089,0.597584971946011,0.691866559316554
