"","bcubed.precision","bcubed.recall","bcubed.f1"
"majority-vote",0.904631984565088,0.305523877988077,0.456778635924235
