"","bcubed.precision","bcubed.recall","bcubed.f1"
"majority-vote",0.998644986449865,0.190459781326938,0.319907397391221
