"","bcubed.precision","bcubed.recall","bcubed.f1"
"majority-vote",0.994120586765441,0.311624776482819,0.47450692051793
