"","bcubed.precision","bcubed.recall","bcubed.f1"
"majority-vote",0.95788830667605,0.593812965544944,0.733139175988406
