"","bcubed.precision","bcubed.recall","bcubed.f1"
"majority-vote",0.947142768779436,0.746164571533954,0.834726645804291
