"","bcubed.precision","bcubed.recall","bcubed.f1"
"majority-vote",0.932875418327448,0.11261802282754,0.200974164008892
