"","bcubed.precision","bcubed.recall","bcubed.f1"
"majority-vote",0.996350364963504,0.387510885409602,0.557999021941096
