"","bcubed.precision","bcubed.recall","bcubed.f1"
"majority-vote",0.921345974597257,0.912077445196832,0.916688282238076
