"","bcubed.precision","bcubed.recall","bcubed.f1"
"majority-vote",0.977432347814314,0.0998397599224213,0.181173559113512
