"","bcubed.precision","bcubed.recall","bcubed.f1"
"majority-vote",0.988419405320814,0.167224347620493,0.286053188639706
