"","bcubed.precision","bcubed.recall","bcubed.f1"
"majority-vote",0.980708174168533,0.199726557229671,0.331866662448451
