"","bcubed.precision","bcubed.recall","bcubed.f1"
"majority-vote",0.988295137980392,0.874673251106296,0.928019312033137
