"","bcubed.precision","bcubed.recall","bcubed.f1"
"majority-vote",0.946367712480197,0.361298416989701,0.522948707936433
