"","bcubed.precision","bcubed.recall","bcubed.f1"
"majority-vote",0.747592076345561,0.945837418872858,0.835110716870187
