"","bcubed.precision","bcubed.recall","bcubed.f1"
"majority-vote",0.95873573309921,0.25197523481537,0.399067437027801
