"","bcubed.precision","bcubed.recall","bcubed.f1"
"majority-vote",0.900101639003626,0.181576534663785,0.302192168491928
