"","bcubed.precision","bcubed.recall","bcubed.f1"
"majority-vote",0.903714984416675,0.262080581171252,0.406325354668245
