"","bcubed.precision","bcubed.recall","bcubed.f1"
"majority-vote",0.98647897590087,0.652081157930563,0.785158066033811
