"","bcubed.precision","bcubed.recall","bcubed.f1"
"majority-vote",0.985510383670292,0.336680397261699,0.501897354398071
