"","bcubed.precision","bcubed.recall","bcubed.f1"
"majority-vote",0.897153987483831,0.973705444019652,0.933863557065771
