"","bcubed.precision","bcubed.recall","bcubed.f1"
"majority-vote",0.912640482574616,0.582220502484134,0.710912928577198
