"","bcubed.precision","bcubed.recall","bcubed.f1"
"majority-vote",0.967505428934791,0.090112027838276,0.164868451418842
