"","bcubed.precision","bcubed.recall","bcubed.f1"
"majority-vote",0.988977162792061,0.570675629516466,0.723731804587598
