"","bcubed.precision","bcubed.recall","bcubed.f1"
"majority-vote",0.751361458672642,0.629425678763129,0.685009562009309
