"","bcubed.precision","bcubed.recall","bcubed.f1"
"majority-vote",0.977368260294925,0.782514792054607,0.869154481537172
