"","bcubed.precision","bcubed.recall","bcubed.f1"
"majority-vote",0.985503983886733,0.676506460542866,0.802281133941873
