"","bcubed.precision","bcubed.recall","bcubed.f1"
"majority-vote",0.79814325320384,0.847395459160509,0.822032278478268
