"","bcubed.precision","bcubed.recall","bcubed.f1"
"majority-vote",0.97715237148209,0.34539343044605,0.510382338611862
