"","bcubed.precision","bcubed.recall","bcubed.f1"
"majority-vote",0.988811611732688,0.198443218599356,0.330549017460343
