"","bcubed.precision","bcubed.recall","bcubed.f1"
"majority-vote",0.989854675075404,0.620546062569197,0.762854122921189
