"","bcubed.precision","bcubed.recall","bcubed.f1"
"majority-vote",0.78783347298469,0.782184800460859,0.784998975216434
