"","bcubed.precision","bcubed.recall","bcubed.f1"
"majority-vote",0.987674883411059,0.884984546018189,0.933514118555456
