"","bcubed.precision","bcubed.recall","bcubed.f1"
"majority-vote",0.931651029697452,0.226862414453326,0.364875527499849
