{
      "avg_bcuded_f1": 0.2979348432707322,
      "avg_bcuded_recall": 0.1891912847162281,
      "avg_bcuded_precision": 0.976999187056829,
      "avg_bcuded_f1star": 0.3169974988476189
}