{
      "avg_bcuded_f1": 0.8031167532404174,
      "avg_bcuded_recall": 0.7495053406367919,
      "avg_bcuded_precision": 0.9232038653218766,
      "avg_bcuded_f1star": 0.8273359470855611
}