{
      "avg_bcuded_f1": 0.6221091409040386,
      "avg_bcuded_recall": 0.4921763762489147,
      "avg_bcuded_precision": 0.9699735860777627,
      "avg_bcuded_f1star": 0.6530083739061184
}